CustomerID,Age,Gender,ItemPurchased,Category,PurchaseAmountUSD,Size,ReviewRating,DiscountApplied,PreviousPurchases,PaymentMethod,Annual_Income,Spending_Score,Purchase_Frequency,Location_Rural,Location_Suburban,Location_Urban,Demographics_Homemaker,Demographics_Professional,Demographics_Retired,Demographics_Student
1,56,Male,Bag,Accessories,374.86,L,3,Yes,7,PayPal,94510,14,15,FALSE,TRUE,FALSE,FALSE,TRUE,FALSE,FALSE
2,46,Male,Shoes,Home Decor,33.28,S,2,Yes,3,UPI,117668,98,8,TRUE,FALSE,FALSE,TRUE,FALSE,FALSE,FALSE
3,32,Female,Laptop,Home Decor,117.45,S,4,Yes,13,UPI,80912,41,16,FALSE,TRUE,FALSE,FALSE,FALSE,FALSE,TRUE
4,60,Male,Bag,Home Decor,356.05,M,2,No,14,PayPal,87164,100,8,FALSE,TRUE,FALSE,FALSE,FALSE,FALSE,TRUE
5,25,Female,Laptop,Accessories,393.5,M,2,No,5,Cash,87035,52,6,FALSE,FALSE,TRUE,FALSE,FALSE,TRUE,FALSE
6,38,Female,Phone,Accessories,233.11,M,5,No,4,UPI,128962,54,18,FALSE,FALSE,TRUE,FALSE,TRUE,FALSE,FALSE
7,56,Male,Shoes,Accessories,352.06,S,2,Yes,12,UPI,136466,70,13,FALSE,TRUE,FALSE,TRUE,FALSE,FALSE,FALSE
8,36,Female,T-Shirt,Clothing,200.1,XL,2,Yes,9,UPI,138395,34,3,FALSE,FALSE,TRUE,TRUE,FALSE,FALSE,FALSE
9,40,Female,Watch,Electronics,88.36,M,2,Yes,5,UPI,137521,64,11,FALSE,TRUE,FALSE,TRUE,FALSE,FALSE,FALSE
10,28,Male,Football,Home Decor,205.09,XL,1,Yes,3,Credit Card,120507,28,4,FALSE,TRUE,FALSE,FALSE,FALSE,FALSE,TRUE
11,28,Female,Football,Clothing,294.18,M,3,Yes,3,UPI,111359,2,6,FALSE,TRUE,FALSE,FALSE,FALSE,TRUE,FALSE
12,41,Female,Watch,Home Decor,474.55,S,3,No,6,Cash,98409,16,12,FALSE,TRUE,FALSE,FALSE,FALSE,FALSE,TRUE
13,53,Female,Phone,Clothing,43.69,XL,2,Yes,0,Credit Card,143430,15,12,FALSE,FALSE,TRUE,FALSE,TRUE,FALSE,FALSE
14,57,Female,Shoes,Accessories,258.62,XL,5,No,8,UPI,82577,37,10,FALSE,TRUE,FALSE,FALSE,TRUE,FALSE,FALSE
15,41,Male,Shoes,Home Decor,171.17,S,5,Yes,9,Debit Card,34254,10,11,FALSE,TRUE,FALSE,FALSE,FALSE,TRUE,FALSE
16,20,Female,Laptop,Accessories,259.07,XL,5,No,2,Credit Card,61722,48,10,TRUE,FALSE,FALSE,FALSE,FALSE,TRUE,FALSE
17,39,Female,T-Shirt,Home Decor,21.75,S,3,Yes,3,UPI,73316,12,16,FALSE,FALSE,TRUE,FALSE,FALSE,TRUE,FALSE
18,19,Female,Curtains,Sports,163.38,S,4,Yes,14,Cash,137869,93,16,FALSE,TRUE,FALSE,FALSE,FALSE,TRUE,FALSE
19,41,Female,Bag,Clothing,411.74,L,2,Yes,8,PayPal,109702,67,4,FALSE,TRUE,FALSE,FALSE,FALSE,TRUE,FALSE
20,61,Male,Shoes,Sports,281.43,M,3,Yes,4,UPI,21914,93,7,FALSE,TRUE,FALSE,FALSE,TRUE,FALSE,FALSE
21,47,Female,Watch,Clothing,230.79,L,5,No,11,Debit Card,60123,69,20,FALSE,FALSE,TRUE,FALSE,FALSE,FALSE,TRUE
22,55,Male,Curtains,Electronics,149.91,S,3,Yes,3,Cash,108323,40,14,TRUE,FALSE,FALSE,FALSE,FALSE,TRUE,FALSE
23,19,Female,Football,Home Decor,156.04,S,3,No,11,Credit Card,33848,42,10,FALSE,TRUE,FALSE,FALSE,FALSE,FALSE,TRUE
24,38,Male,Curtains,Electronics,197.72,XL,3,No,5,Cash,137458,28,2,FALSE,TRUE,FALSE,TRUE,FALSE,FALSE,FALSE
25,50,Male,T-Shirt,Electronics,419.43,S,5,No,0,UPI,148935,36,17,FALSE,TRUE,FALSE,FALSE,FALSE,FALSE,TRUE
26,29,Male,Watch,Clothing,483.93,S,4,Yes,9,Debit Card,132205,72,8,FALSE,FALSE,TRUE,FALSE,FALSE,TRUE,FALSE
27,39,Male,T-Shirt,Sports,224.94,S,1,Yes,0,Cash,29429,23,7,FALSE,FALSE,TRUE,FALSE,FALSE,FALSE,TRUE
28,61,Male,Curtains,Accessories,202.74,M,2,No,4,Cash,84869,53,6,FALSE,TRUE,FALSE,TRUE,FALSE,FALSE,FALSE
29,42,Female,Bag,Clothing,424.81,L,2,Yes,4,PayPal,129148,26,10,FALSE,FALSE,TRUE,FALSE,FALSE,TRUE,FALSE
30,44,Female,Phone,Accessories,219.18,L,3,No,10,PayPal,68843,95,19,FALSE,FALSE,TRUE,FALSE,FALSE,TRUE,FALSE
31,59,Female,Shoes,Electronics,280.49,M,4,No,8,UPI,29997,16,14,FALSE,FALSE,TRUE,FALSE,TRUE,FALSE,FALSE
32,45,Male,Watch,Accessories,123.16,M,5,Yes,0,Credit Card,25615,50,13,FALSE,FALSE,TRUE,FALSE,FALSE,FALSE,TRUE
33,33,Female,Phone,Sports,374.32,M,1,Yes,2,Credit Card,112014,7,12,TRUE,FALSE,FALSE,FALSE,FALSE,TRUE,FALSE
34,32,Male,Curtains,Clothing,270.67,L,1,No,2,Debit Card,135673,24,9,TRUE,FALSE,FALSE,FALSE,FALSE,TRUE,FALSE
35,64,Male,Shoes,Sports,406.43,L,3,No,3,UPI,53464,21,5,TRUE,FALSE,FALSE,FALSE,FALSE,FALSE,TRUE
36,61,Female,Laptop,Sports,392.56,S,3,Yes,11,Credit Card,40936,65,16,TRUE,FALSE,FALSE,FALSE,FALSE,FALSE,TRUE
37,20,Female,Phone,Clothing,115.35,L,5,Yes,12,Cash,64655,51,20,FALSE,FALSE,TRUE,FALSE,FALSE,FALSE,TRUE
38,54,Male,Phone,Sports,360.66,XL,5,Yes,6,UPI,144544,96,14,TRUE,FALSE,FALSE,FALSE,TRUE,FALSE,FALSE
39,24,Male,Curtains,Home Decor,402.03,L,5,No,14,Cash,54256,75,18,FALSE,TRUE,FALSE,FALSE,TRUE,FALSE,FALSE
40,38,Female,Football,Home Decor,179.59,M,3,No,6,Debit Card,140237,17,7,FALSE,TRUE,FALSE,FALSE,FALSE,TRUE,FALSE
41,26,Female,Curtains,Home Decor,94.58,L,4,No,14,UPI,53041,35,4,TRUE,FALSE,FALSE,FALSE,FALSE,FALSE,TRUE
42,56,Female,Phone,Accessories,11.29,S,3,Yes,9,Debit Card,72660,61,6,TRUE,FALSE,FALSE,FALSE,FALSE,FALSE,TRUE
43,35,Female,Shoes,Sports,230.94,L,3,No,4,PayPal,35741,39,6,TRUE,FALSE,FALSE,TRUE,FALSE,FALSE,FALSE
44,21,Male,Bag,Clothing,182.69,M,1,No,13,Debit Card,131035,71,2,TRUE,FALSE,FALSE,FALSE,FALSE,FALSE,TRUE
45,42,Female,Football,Clothing,281.91,XL,5,No,8,PayPal,123654,3,19,TRUE,FALSE,FALSE,TRUE,FALSE,FALSE,FALSE
46,31,Female,Curtains,Accessories,102.14,M,2,Yes,6,UPI,125587,89,13,FALSE,FALSE,TRUE,FALSE,FALSE,FALSE,TRUE
47,26,Female,Bag,Clothing,431.24,XL,5,No,1,Cash,96842,67,13,TRUE,FALSE,FALSE,FALSE,FALSE,FALSE,TRUE
48,43,Male,Watch,Home Decor,136.3,S,4,Yes,11,Cash,100168,94,3,TRUE,FALSE,FALSE,FALSE,TRUE,FALSE,FALSE
49,19,Male,Curtains,Sports,120.95,S,4,No,2,Cash,132132,55,9,TRUE,FALSE,FALSE,FALSE,FALSE,TRUE,FALSE
50,37,Male,Phone,Clothing,245.55,L,5,No,10,Debit Card,26190,47,19,FALSE,FALSE,TRUE,FALSE,TRUE,FALSE,FALSE
51,45,Male,Bag,Clothing,254.44,S,5,Yes,6,UPI,139663,12,12,TRUE,FALSE,FALSE,FALSE,FALSE,FALSE,TRUE
52,64,Female,Phone,Electronics,115.39,S,3,Yes,4,UPI,143296,4,20,FALSE,TRUE,FALSE,FALSE,FALSE,FALSE,TRUE
53,24,Male,Laptop,Electronics,143.21,M,2,Yes,6,PayPal,103718,40,19,TRUE,FALSE,FALSE,FALSE,FALSE,FALSE,TRUE
54,61,Female,Bag,Electronics,93.16,M,3,No,8,UPI,122982,2,10,FALSE,FALSE,TRUE,FALSE,FALSE,TRUE,FALSE
55,25,Female,Bag,Sports,362.05,L,1,Yes,8,Cash,123944,33,14,TRUE,FALSE,FALSE,FALSE,TRUE,FALSE,FALSE
56,64,Female,Curtains,Home Decor,387.34,L,1,No,2,UPI,118267,7,20,FALSE,TRUE,FALSE,FALSE,FALSE,FALSE,TRUE
57,52,Female,Phone,Home Decor,236.54,L,4,No,7,PayPal,82110,69,6,TRUE,FALSE,FALSE,FALSE,TRUE,FALSE,FALSE
58,31,Male,Watch,Home Decor,359.9,L,4,Yes,12,UPI,56908,71,17,FALSE,TRUE,FALSE,FALSE,FALSE,FALSE,TRUE
59,34,Male,T-Shirt,Sports,370.61,M,2,Yes,5,UPI,114368,70,2,FALSE,TRUE,FALSE,FALSE,FALSE,FALSE,TRUE
60,53,Male,Football,Sports,77.76,L,4,Yes,12,Cash,114248,6,7,FALSE,TRUE,FALSE,FALSE,FALSE,FALSE,TRUE
61,57,Female,T-Shirt,Electronics,483.43,L,1,Yes,3,UPI,57405,29,6,FALSE,FALSE,TRUE,TRUE,FALSE,FALSE,FALSE
62,21,Female,Football,Clothing,412.31,S,2,No,14,Debit Card,52009,52,5,TRUE,FALSE,FALSE,FALSE,FALSE,TRUE,FALSE
63,19,Female,Watch,Accessories,110.2,L,1,No,3,PayPal,133450,19,4,TRUE,FALSE,FALSE,FALSE,TRUE,FALSE,FALSE
64,23,Female,Bag,Accessories,101.22,XL,5,Yes,3,PayPal,71699,38,2,TRUE,FALSE,FALSE,FALSE,TRUE,FALSE,FALSE
65,59,Female,Bag,Clothing,71.57,S,5,Yes,6,PayPal,26516,13,5,FALSE,FALSE,TRUE,FALSE,FALSE,FALSE,TRUE
66,21,Male,Curtains,Electronics,77.81,M,2,No,5,UPI,45564,73,15,FALSE,TRUE,FALSE,TRUE,FALSE,FALSE,FALSE
67,46,Female,Laptop,Clothing,376.6,XL,3,No,1,Debit Card,130112,80,6,FALSE,FALSE,TRUE,FALSE,FALSE,TRUE,FALSE
68,35,Male,Phone,Clothing,240.13,L,4,Yes,4,PayPal,108277,53,14,FALSE,TRUE,FALSE,FALSE,FALSE,TRUE,FALSE
69,43,Female,Phone,Accessories,393.64,S,2,No,4,Credit Card,53491,98,6,FALSE,TRUE,FALSE,FALSE,FALSE,TRUE,FALSE
70,61,Female,Phone,Electronics,375.66,L,4,No,5,Cash,148966,50,20,FALSE,TRUE,FALSE,FALSE,FALSE,TRUE,FALSE
71,51,Male,Curtains,Sports,306.26,S,1,No,6,Credit Card,77906,64,12,FALSE,FALSE,TRUE,FALSE,FALSE,TRUE,FALSE
72,27,Male,Football,Accessories,346.32,L,3,No,11,Credit Card,144228,45,14,FALSE,FALSE,TRUE,FALSE,TRUE,FALSE,FALSE
73,53,Female,Bag,Sports,18.99,XL,4,No,10,PayPal,70030,70,20,TRUE,FALSE,FALSE,TRUE,FALSE,FALSE,FALSE
74,31,Female,Watch,Electronics,162.77,M,5,No,7,Credit Card,95846,6,19,TRUE,FALSE,FALSE,TRUE,FALSE,FALSE,FALSE
75,48,Female,Phone,Clothing,322.53,XL,5,No,11,Credit Card,91508,60,17,TRUE,FALSE,FALSE,FALSE,FALSE,FALSE,TRUE
76,32,Female,T-Shirt,Home Decor,14.58,XL,1,No,9,Debit Card,126051,91,5,TRUE,FALSE,FALSE,FALSE,FALSE,FALSE,TRUE
77,25,Male,Phone,Home Decor,26.16,M,2,Yes,13,Cash,130851,45,12,TRUE,FALSE,FALSE,FALSE,FALSE,FALSE,TRUE
78,31,Female,Bag,Electronics,427.43,S,4,No,14,UPI,132984,4,6,FALSE,TRUE,FALSE,FALSE,FALSE,TRUE,FALSE
79,40,Male,Curtains,Home Decor,345.17,S,1,Yes,7,PayPal,90928,24,19,TRUE,FALSE,FALSE,FALSE,FALSE,TRUE,FALSE
80,57,Female,Watch,Sports,140.03,M,5,Yes,10,PayPal,61137,2,16,TRUE,FALSE,FALSE,TRUE,FALSE,FALSE,FALSE
81,38,Male,Laptop,Home Decor,347.1,L,5,Yes,4,Credit Card,119173,92,16,FALSE,TRUE,FALSE,FALSE,FALSE,TRUE,FALSE
82,33,Male,Watch,Electronics,398.3,S,5,Yes,1,UPI,41517,33,7,FALSE,FALSE,TRUE,FALSE,FALSE,FALSE,TRUE
83,62,Female,T-Shirt,Electronics,160.33,XL,3,Yes,9,UPI,140583,31,20,FALSE,FALSE,TRUE,FALSE,FALSE,TRUE,FALSE
84,35,Male,Phone,Sports,27.66,M,3,No,7,UPI,52818,26,11,FALSE,TRUE,FALSE,FALSE,TRUE,FALSE,FALSE
85,64,Female,Phone,Home Decor,467.06,XL,5,Yes,5,PayPal,47667,3,7,FALSE,TRUE,FALSE,TRUE,FALSE,FALSE,FALSE
86,41,Male,Shoes,Home Decor,179.14,S,2,No,2,PayPal,98408,35,11,TRUE,FALSE,FALSE,FALSE,TRUE,FALSE,FALSE
87,43,Female,Football,Clothing,62.18,M,3,Yes,3,Debit Card,23827,49,7,FALSE,FALSE,TRUE,FALSE,FALSE,FALSE,TRUE
88,42,Male,T-Shirt,Accessories,251.01,M,4,No,11,PayPal,107882,3,6,TRUE,FALSE,FALSE,FALSE,FALSE,TRUE,FALSE
89,62,Female,Shoes,Electronics,386.55,S,3,No,0,PayPal,114280,86,3,FALSE,FALSE,TRUE,FALSE,TRUE,FALSE,FALSE
90,58,Female,Watch,Clothing,118.61,S,4,Yes,2,Debit Card,143607,48,4,TRUE,FALSE,FALSE,FALSE,FALSE,FALSE,TRUE
91,46,Male,Laptop,Electronics,142.05,M,3,No,3,PayPal,75953,71,1,FALSE,FALSE,TRUE,FALSE,FALSE,TRUE,FALSE
92,32,Male,Football,Clothing,128.93,L,5,Yes,1,Credit Card,70347,80,2,FALSE,TRUE,FALSE,FALSE,FALSE,FALSE,TRUE
93,62,Male,T-Shirt,Accessories,495.92,M,4,No,13,Credit Card,121592,19,9,FALSE,FALSE,TRUE,FALSE,FALSE,TRUE,FALSE
94,18,Male,Phone,Clothing,106.73,L,2,No,11,Debit Card,83279,41,3,FALSE,FALSE,TRUE,FALSE,FALSE,FALSE,TRUE
95,42,Female,Watch,Electronics,292,XL,3,Yes,5,Debit Card,124553,3,20,TRUE,FALSE,FALSE,FALSE,FALSE,TRUE,FALSE
96,24,Male,T-Shirt,Home Decor,463.38,L,3,No,7,Credit Card,96926,8,20,FALSE,TRUE,FALSE,FALSE,TRUE,FALSE,FALSE
97,26,Female,Phone,Electronics,81.98,L,5,No,11,UPI,146846,75,1,TRUE,FALSE,FALSE,FALSE,FALSE,TRUE,FALSE
98,41,Male,Bag,Sports,485.72,S,4,No,5,PayPal,67055,13,2,FALSE,TRUE,FALSE,TRUE,FALSE,FALSE,FALSE
99,18,Female,Football,Sports,474.26,M,5,No,9,Cash,138336,44,3,FALSE,FALSE,TRUE,FALSE,TRUE,FALSE,FALSE
100,61,Female,Bag,Sports,443.44,XL,4,No,2,Cash,53273,95,12,FALSE,TRUE,FALSE,FALSE,FALSE,FALSE,TRUE
101,25,Female,Bag,Sports,115.13,M,3,No,8,Debit Card,140734,52,20,FALSE,TRUE,FALSE,FALSE,TRUE,FALSE,FALSE
102,41,Female,Phone,Accessories,320.69,L,3,Yes,13,Cash,38803,45,10,FALSE,FALSE,TRUE,FALSE,TRUE,FALSE,FALSE
103,28,Male,Laptop,Home Decor,382.84,L,3,No,3,UPI,84288,90,17,FALSE,TRUE,FALSE,TRUE,FALSE,FALSE,FALSE
104,34,Male,Watch,Home Decor,493.15,L,3,Yes,13,Cash,122792,10,19,TRUE,FALSE,FALSE,FALSE,TRUE,FALSE,FALSE
105,25,Female,Curtains,Electronics,98.41,M,1,No,5,Credit Card,130704,24,4,FALSE,FALSE,TRUE,FALSE,TRUE,FALSE,FALSE
106,52,Male,Phone,Clothing,385.35,L,3,Yes,3,Debit Card,60435,50,16,TRUE,FALSE,FALSE,FALSE,FALSE,FALSE,TRUE
107,52,Male,Laptop,Electronics,176.01,M,3,No,14,Cash,58177,16,11,FALSE,TRUE,FALSE,FALSE,FALSE,FALSE,TRUE
108,50,Female,Curtains,Electronics,96.06,XL,4,Yes,3,PayPal,86377,95,16,FALSE,TRUE,FALSE,TRUE,FALSE,FALSE,FALSE
109,22,Male,Watch,Electronics,216.47,XL,3,No,10,Debit Card,145988,27,17,FALSE,TRUE,FALSE,FALSE,TRUE,FALSE,FALSE
110,59,Male,Bag,Electronics,398.98,M,3,Yes,1,UPI,147103,33,11,TRUE,FALSE,FALSE,TRUE,FALSE,FALSE,FALSE
111,56,Male,Football,Home Decor,237.78,XL,4,Yes,9,Credit Card,142391,61,18,TRUE,FALSE,FALSE,FALSE,FALSE,TRUE,FALSE
112,58,Female,Football,Clothing,273.39,S,3,Yes,1,Cash,136493,27,5,TRUE,FALSE,FALSE,FALSE,FALSE,FALSE,TRUE
113,45,Male,Watch,Electronics,497.63,L,3,No,1,Credit Card,28813,21,8,FALSE,TRUE,FALSE,FALSE,FALSE,TRUE,FALSE
114,24,Female,Watch,Home Decor,205.56,L,5,No,1,UPI,129100,95,1,TRUE,FALSE,FALSE,FALSE,TRUE,FALSE,FALSE
115,26,Male,T-Shirt,Electronics,311.55,L,1,No,7,Cash,109124,53,17,FALSE,TRUE,FALSE,FALSE,TRUE,FALSE,FALSE
116,25,Male,Laptop,Sports,188.97,S,4,Yes,14,Debit Card,68276,56,1,TRUE,FALSE,FALSE,FALSE,FALSE,FALSE,TRUE
117,29,Male,Bag,Electronics,202.46,L,5,No,9,Debit Card,99265,82,8,TRUE,FALSE,FALSE,FALSE,FALSE,FALSE,TRUE
118,51,Female,Laptop,Electronics,350.86,M,2,Yes,3,PayPal,40392,17,3,TRUE,FALSE,FALSE,FALSE,FALSE,TRUE,FALSE
119,50,Female,Watch,Accessories,469.56,L,2,No,3,UPI,54918,76,15,TRUE,FALSE,FALSE,FALSE,TRUE,FALSE,FALSE
120,40,Male,Shoes,Sports,275.76,M,1,Yes,9,Cash,53251,78,10,FALSE,FALSE,TRUE,FALSE,FALSE,TRUE,FALSE
121,41,Female,Shoes,Clothing,386.52,XL,2,Yes,9,Credit Card,28039,27,3,FALSE,FALSE,TRUE,FALSE,FALSE,FALSE,TRUE
122,54,Male,Curtains,Electronics,53.71,M,1,Yes,10,Credit Card,56093,21,7,TRUE,FALSE,FALSE,FALSE,FALSE,TRUE,FALSE
123,52,Female,Curtains,Clothing,113.47,M,2,No,13,Cash,121799,83,8,FALSE,TRUE,FALSE,FALSE,TRUE,FALSE,FALSE
124,61,Female,Shoes,Sports,256.04,M,2,Yes,2,UPI,140223,3,1,FALSE,FALSE,TRUE,FALSE,FALSE,FALSE,TRUE
125,57,Male,Watch,Electronics,19.81,L,5,No,4,UPI,129004,69,14,FALSE,TRUE,FALSE,FALSE,TRUE,FALSE,FALSE
126,39,Male,Watch,Accessories,133.9,S,2,Yes,3,Credit Card,94420,9,19,FALSE,TRUE,FALSE,FALSE,FALSE,TRUE,FALSE
127,44,Male,Curtains,Home Decor,263.53,S,1,No,6,Cash,52258,17,5,TRUE,FALSE,FALSE,FALSE,FALSE,TRUE,FALSE
128,52,Male,Phone,Accessories,17.33,M,3,Yes,9,Cash,43135,14,4,FALSE,FALSE,TRUE,FALSE,FALSE,TRUE,FALSE
129,18,Female,Watch,Accessories,139.63,L,3,Yes,6,Credit Card,131936,27,13,FALSE,TRUE,FALSE,FALSE,FALSE,FALSE,TRUE
130,52,Female,Shoes,Home Decor,261.88,S,3,Yes,5,Cash,57208,17,7,FALSE,TRUE,FALSE,FALSE,FALSE,FALSE,TRUE
131,54,Female,Laptop,Home Decor,290.84,XL,1,No,6,Cash,128921,6,2,FALSE,FALSE,TRUE,FALSE,FALSE,FALSE,TRUE
132,64,Male,Watch,Home Decor,463.62,XL,1,Yes,11,Debit Card,64592,95,12,FALSE,TRUE,FALSE,TRUE,FALSE,FALSE,FALSE
133,31,Male,Bag,Electronics,326.22,L,3,Yes,6,Debit Card,45508,97,1,FALSE,TRUE,FALSE,FALSE,FALSE,TRUE,FALSE
134,20,Female,Watch,Clothing,213.22,XL,2,No,12,PayPal,24930,18,7,FALSE,FALSE,TRUE,FALSE,TRUE,FALSE,FALSE
135,18,Male,Phone,Clothing,465.87,XL,3,No,7,PayPal,41473,88,11,FALSE,FALSE,TRUE,FALSE,FALSE,TRUE,FALSE
136,22,Female,Curtains,Home Decor,394.59,XL,4,Yes,10,UPI,30938,28,18,TRUE,FALSE,FALSE,FALSE,FALSE,FALSE,TRUE
137,43,Female,Watch,Accessories,108,S,1,No,12,Debit Card,87323,76,13,FALSE,TRUE,FALSE,FALSE,FALSE,FALSE,TRUE
138,31,Female,Football,Sports,74.11,XL,4,No,0,Debit Card,41142,67,2,FALSE,FALSE,TRUE,FALSE,TRUE,FALSE,FALSE
139,56,Female,T-Shirt,Home Decor,341.15,M,4,Yes,14,Debit Card,110977,33,8,FALSE,FALSE,TRUE,TRUE,FALSE,FALSE,FALSE
140,44,Female,Shoes,Accessories,284.34,M,1,No,2,Debit Card,136604,72,3,FALSE,FALSE,TRUE,FALSE,FALSE,TRUE,FALSE
141,26,Male,Bag,Accessories,396.94,XL,3,Yes,11,UPI,124484,92,4,FALSE,TRUE,FALSE,TRUE,FALSE,FALSE,FALSE
142,32,Male,Bag,Electronics,372.01,M,5,Yes,2,Credit Card,117530,94,14,FALSE,FALSE,TRUE,FALSE,TRUE,FALSE,FALSE
143,32,Male,Bag,Electronics,316.35,S,4,Yes,4,UPI,27332,65,20,FALSE,FALSE,TRUE,FALSE,FALSE,FALSE,TRUE
144,43,Female,Football,Clothing,493.33,L,3,No,9,Credit Card,76492,78,3,FALSE,TRUE,FALSE,FALSE,FALSE,FALSE,TRUE
145,59,Female,Bag,Clothing,271.46,M,5,No,13,PayPal,38481,35,12,FALSE,TRUE,FALSE,TRUE,FALSE,FALSE,FALSE
146,30,Female,Bag,Sports,65.42,XL,4,Yes,12,Debit Card,130275,95,12,FALSE,TRUE,FALSE,FALSE,FALSE,TRUE,FALSE
147,49,Female,Curtains,Sports,415.85,L,3,Yes,12,Credit Card,100882,26,14,FALSE,TRUE,FALSE,TRUE,FALSE,FALSE,FALSE
148,56,Male,Laptop,Sports,133.41,L,4,No,6,UPI,70357,64,5,FALSE,FALSE,TRUE,FALSE,FALSE,TRUE,FALSE
149,49,Male,T-Shirt,Sports,390.88,XL,3,No,14,Credit Card,117697,9,8,FALSE,FALSE,TRUE,FALSE,FALSE,TRUE,FALSE
150,21,Female,Football,Accessories,478.98,M,2,Yes,9,Cash,119522,70,14,FALSE,TRUE,FALSE,TRUE,FALSE,FALSE,FALSE
151,47,Female,T-Shirt,Accessories,351.43,S,2,Yes,5,PayPal,95917,33,14,TRUE,FALSE,FALSE,FALSE,FALSE,FALSE,TRUE
152,54,Female,Shoes,Clothing,302.05,M,1,Yes,3,PayPal,44491,68,4,FALSE,TRUE,FALSE,TRUE,FALSE,FALSE,FALSE
153,40,Male,Curtains,Electronics,235.59,M,5,No,5,Debit Card,63089,82,3,FALSE,TRUE,FALSE,FALSE,FALSE,FALSE,TRUE
154,56,Male,Watch,Electronics,188.56,S,4,Yes,6,Debit Card,61320,80,17,FALSE,FALSE,TRUE,TRUE,FALSE,FALSE,FALSE
155,62,Male,Laptop,Home Decor,182.97,L,4,No,3,UPI,124856,37,2,TRUE,FALSE,FALSE,FALSE,FALSE,TRUE,FALSE
156,32,Female,Curtains,Accessories,321.82,S,3,Yes,10,Credit Card,104173,79,1,TRUE,FALSE,FALSE,FALSE,TRUE,FALSE,FALSE
157,60,Female,T-Shirt,Sports,378.12,S,5,No,7,Cash,53381,51,5,FALSE,TRUE,FALSE,FALSE,TRUE,FALSE,FALSE
158,46,Male,Football,Sports,342.47,XL,4,No,4,PayPal,21810,87,14,FALSE,TRUE,FALSE,FALSE,FALSE,TRUE,FALSE
159,53,Female,Shoes,Home Decor,107.22,XL,5,Yes,2,Credit Card,26702,6,7,FALSE,TRUE,FALSE,FALSE,TRUE,FALSE,FALSE
160,30,Male,Shoes,Electronics,252.05,M,5,No,1,Cash,66663,79,3,TRUE,FALSE,FALSE,FALSE,TRUE,FALSE,FALSE
161,49,Female,Curtains,Sports,397.9,XL,2,No,0,Credit Card,97278,48,19,FALSE,FALSE,TRUE,FALSE,FALSE,FALSE,TRUE
162,24,Male,Watch,Electronics,243.09,S,4,Yes,14,Debit Card,70453,79,9,FALSE,TRUE,FALSE,FALSE,FALSE,FALSE,TRUE
163,39,Female,Football,Home Decor,272.95,S,4,No,3,PayPal,100029,9,9,FALSE,TRUE,FALSE,FALSE,FALSE,TRUE,FALSE
164,45,Male,Watch,Electronics,387.86,XL,1,No,1,Cash,120706,11,4,FALSE,TRUE,FALSE,FALSE,FALSE,FALSE,TRUE
165,19,Male,Watch,Electronics,334.02,XL,5,Yes,11,Debit Card,68990,63,1,FALSE,TRUE,FALSE,TRUE,FALSE,FALSE,FALSE
166,59,Male,Bag,Electronics,210.58,XL,3,No,2,UPI,135369,74,4,FALSE,FALSE,TRUE,TRUE,FALSE,FALSE,FALSE
167,62,Male,Football,Sports,448.75,S,2,No,0,UPI,134995,69,10,FALSE,FALSE,TRUE,FALSE,FALSE,TRUE,FALSE
168,23,Male,T-Shirt,Clothing,89.66,L,1,Yes,14,Debit Card,73645,23,19,FALSE,TRUE,FALSE,FALSE,TRUE,FALSE,FALSE
169,45,Male,Curtains,Accessories,497.8,L,2,Yes,13,Cash,61254,75,4,TRUE,FALSE,FALSE,FALSE,TRUE,FALSE,FALSE
170,45,Female,Curtains,Electronics,68.24,XL,3,Yes,12,Cash,71421,56,2,FALSE,TRUE,FALSE,TRUE,FALSE,FALSE,FALSE
171,61,Female,Bag,Electronics,17.33,M,1,No,5,PayPal,58630,1,13,FALSE,TRUE,FALSE,TRUE,FALSE,FALSE,FALSE
172,61,Female,Phone,Electronics,446.11,M,2,Yes,3,Debit Card,97625,66,3,FALSE,FALSE,TRUE,TRUE,FALSE,FALSE,FALSE
173,37,Male,Curtains,Clothing,130.03,L,3,Yes,4,UPI,43241,42,7,TRUE,FALSE,FALSE,TRUE,FALSE,FALSE,FALSE
174,47,Male,Shoes,Home Decor,367.55,XL,1,Yes,14,Debit Card,48247,93,7,FALSE,TRUE,FALSE,FALSE,TRUE,FALSE,FALSE
175,28,Female,T-Shirt,Sports,407.4,S,3,Yes,7,Credit Card,85320,26,3,TRUE,FALSE,FALSE,TRUE,FALSE,FALSE,FALSE
176,45,Male,Football,Clothing,430.9,M,1,Yes,10,Cash,84862,36,7,FALSE,FALSE,TRUE,FALSE,FALSE,FALSE,TRUE
177,42,Male,Curtains,Electronics,495.88,M,4,Yes,3,Credit Card,123253,11,7,TRUE,FALSE,FALSE,TRUE,FALSE,FALSE,FALSE
178,56,Male,T-Shirt,Clothing,154.08,S,4,Yes,5,UPI,71614,11,17,FALSE,TRUE,FALSE,FALSE,FALSE,FALSE,TRUE
179,50,Male,Bag,Clothing,358.02,S,2,No,2,Cash,105353,45,3,FALSE,FALSE,TRUE,FALSE,TRUE,FALSE,FALSE
180,18,Male,Curtains,Clothing,66.55,XL,5,No,7,UPI,131041,81,15,FALSE,FALSE,TRUE,FALSE,TRUE,FALSE,FALSE
181,44,Female,Football,Home Decor,209.34,S,5,Yes,12,UPI,41523,25,13,TRUE,FALSE,FALSE,FALSE,TRUE,FALSE,FALSE
182,30,Female,Laptop,Accessories,425.51,S,3,Yes,2,UPI,63144,66,9,FALSE,TRUE,FALSE,TRUE,FALSE,FALSE,FALSE
183,58,Female,Football,Sports,190.15,S,1,No,14,PayPal,129248,38,15,FALSE,TRUE,FALSE,TRUE,FALSE,FALSE,FALSE
184,20,Female,Football,Home Decor,299.64,L,4,Yes,14,UPI,39018,51,6,FALSE,TRUE,FALSE,FALSE,FALSE,FALSE,TRUE
185,56,Female,Football,Home Decor,256.85,S,5,No,6,UPI,81057,85,3,TRUE,FALSE,FALSE,TRUE,FALSE,FALSE,FALSE
186,23,Male,Curtains,Accessories,326.52,M,4,Yes,6,Credit Card,49670,17,14,TRUE,FALSE,FALSE,FALSE,FALSE,FALSE,TRUE
187,25,Male,Phone,Home Decor,486.72,XL,3,No,14,Credit Card,119285,56,4,TRUE,FALSE,FALSE,FALSE,FALSE,FALSE,TRUE
188,44,Male,Football,Clothing,37.31,XL,3,Yes,2,Credit Card,72566,4,15,FALSE,TRUE,FALSE,FALSE,FALSE,FALSE,TRUE
189,26,Male,Bag,Clothing,291.24,XL,1,No,2,Cash,31103,50,11,TRUE,FALSE,FALSE,FALSE,TRUE,FALSE,FALSE
190,54,Female,Shoes,Electronics,432.88,L,5,No,9,PayPal,48651,59,20,TRUE,FALSE,FALSE,FALSE,TRUE,FALSE,FALSE
191,50,Female,Shoes,Home Decor,245.88,M,3,Yes,9,Cash,147688,88,3,TRUE,FALSE,FALSE,FALSE,FALSE,FALSE,TRUE
192,59,Female,Bag,Electronics,48.48,S,3,No,11,PayPal,57198,79,17,FALSE,FALSE,TRUE,FALSE,TRUE,FALSE,FALSE
193,61,Male,T-Shirt,Sports,284.66,M,4,No,10,PayPal,106965,31,10,FALSE,FALSE,TRUE,FALSE,TRUE,FALSE,FALSE
194,41,Female,Phone,Clothing,172.72,XL,2,Yes,13,Debit Card,57488,45,14,FALSE,TRUE,FALSE,FALSE,FALSE,FALSE,TRUE
195,32,Male,T-Shirt,Sports,85.92,S,5,No,7,Debit Card,30477,79,16,TRUE,FALSE,FALSE,FALSE,FALSE,FALSE,TRUE
196,49,Female,Bag,Accessories,426.03,XL,1,No,10,Debit Card,81315,27,13,TRUE,FALSE,FALSE,FALSE,TRUE,FALSE,FALSE
197,49,Female,Shoes,Clothing,265.58,XL,1,No,14,PayPal,47249,41,20,TRUE,FALSE,FALSE,TRUE,FALSE,FALSE,FALSE
198,41,Male,Watch,Sports,467.31,XL,4,No,2,PayPal,69091,88,15,FALSE,TRUE,FALSE,FALSE,TRUE,FALSE,FALSE
199,58,Male,Shoes,Accessories,404.95,M,1,Yes,1,Cash,134570,100,9,FALSE,TRUE,FALSE,FALSE,FALSE,FALSE,TRUE
200,29,Female,Laptop,Sports,349.56,M,3,No,4,PayPal,149206,40,2,TRUE,FALSE,FALSE,TRUE,FALSE,FALSE,FALSE
201,56,Female,Football,Accessories,12.46,XL,5,No,10,UPI,144879,47,7,TRUE,FALSE,FALSE,FALSE,TRUE,FALSE,FALSE
202,19,Male,Watch,Accessories,219.63,XL,1,No,6,UPI,133485,12,1,FALSE,TRUE,FALSE,FALSE,FALSE,FALSE,TRUE
203,20,Female,Shoes,Clothing,106.77,S,5,No,7,PayPal,45612,17,15,FALSE,TRUE,FALSE,FALSE,TRUE,FALSE,FALSE
204,54,Female,Curtains,Electronics,456.29,XL,1,Yes,0,UPI,56380,71,9,FALSE,FALSE,TRUE,FALSE,FALSE,TRUE,FALSE
205,34,Male,Curtains,Accessories,95.55,XL,2,No,11,PayPal,136144,81,17,TRUE,FALSE,FALSE,FALSE,FALSE,TRUE,FALSE
206,19,Female,T-Shirt,Accessories,150.17,XL,2,Yes,1,Debit Card,52003,44,4,TRUE,FALSE,FALSE,TRUE,FALSE,FALSE,FALSE
207,19,Male,Watch,Clothing,263.25,XL,5,Yes,12,PayPal,115240,16,10,FALSE,FALSE,TRUE,FALSE,TRUE,FALSE,FALSE
208,45,Female,T-Shirt,Electronics,139.05,M,2,No,6,Debit Card,58034,78,6,FALSE,TRUE,FALSE,FALSE,FALSE,FALSE,TRUE
209,40,Male,Football,Home Decor,112.83,XL,2,Yes,8,Credit Card,106827,53,11,FALSE,FALSE,TRUE,FALSE,FALSE,FALSE,TRUE
210,54,Female,Football,Home Decor,303.56,L,3,No,2,UPI,65903,21,4,TRUE,FALSE,FALSE,TRUE,FALSE,FALSE,FALSE
211,49,Male,Laptop,Electronics,53.58,XL,1,No,13,Credit Card,121634,99,3,TRUE,FALSE,FALSE,FALSE,TRUE,FALSE,FALSE
212,50,Female,Bag,Sports,38.5,M,2,No,7,UPI,75175,98,14,FALSE,TRUE,FALSE,FALSE,FALSE,FALSE,TRUE
213,18,Male,Bag,Clothing,192.4,L,5,Yes,13,Credit Card,62191,4,17,TRUE,FALSE,FALSE,FALSE,FALSE,FALSE,TRUE
214,36,Female,Phone,Electronics,363.13,L,3,Yes,9,PayPal,115368,25,19,FALSE,FALSE,TRUE,FALSE,TRUE,FALSE,FALSE
215,19,Female,T-Shirt,Home Decor,281.86,XL,2,No,2,Credit Card,123073,33,1,FALSE,FALSE,TRUE,FALSE,FALSE,TRUE,FALSE
216,61,Female,Football,Accessories,217.21,XL,5,Yes,3,UPI,108567,17,6,FALSE,FALSE,TRUE,FALSE,TRUE,FALSE,FALSE
217,43,Female,Bag,Home Decor,287.22,M,1,Yes,1,Cash,76881,1,7,FALSE,TRUE,FALSE,FALSE,TRUE,FALSE,FALSE
218,49,Female,T-Shirt,Accessories,189.07,L,2,Yes,8,UPI,134157,8,15,FALSE,FALSE,TRUE,FALSE,FALSE,FALSE,TRUE
219,23,Female,Football,Clothing,468.71,L,5,Yes,13,Cash,114160,69,20,TRUE,FALSE,FALSE,FALSE,FALSE,FALSE,TRUE
220,49,Female,Shoes,Accessories,36.9,M,5,No,14,PayPal,103754,6,19,FALSE,TRUE,FALSE,FALSE,FALSE,FALSE,TRUE
221,21,Female,T-Shirt,Electronics,339.96,XL,4,No,4,UPI,100564,80,14,FALSE,FALSE,TRUE,FALSE,FALSE,FALSE,TRUE
222,28,Female,Shoes,Accessories,446.73,S,5,No,4,Credit Card,138771,83,20,FALSE,TRUE,FALSE,TRUE,FALSE,FALSE,FALSE
223,34,Male,T-Shirt,Sports,403.9,S,4,Yes,3,PayPal,78591,66,15,FALSE,TRUE,FALSE,FALSE,TRUE,FALSE,FALSE
224,55,Male,Phone,Electronics,100.18,L,1,No,12,UPI,103641,34,16,FALSE,TRUE,FALSE,FALSE,TRUE,FALSE,FALSE
225,41,Female,Laptop,Clothing,155,L,1,No,4,PayPal,113713,45,15,FALSE,TRUE,FALSE,FALSE,FALSE,TRUE,FALSE
226,22,Male,Curtains,Electronics,361.35,XL,3,No,14,Cash,58706,89,2,FALSE,TRUE,FALSE,FALSE,FALSE,TRUE,FALSE
227,51,Female,Bag,Sports,51.29,S,4,Yes,11,PayPal,22649,79,5,FALSE,FALSE,TRUE,FALSE,TRUE,FALSE,FALSE
228,23,Female,Curtains,Clothing,407.81,L,5,Yes,13,Credit Card,64441,69,2,TRUE,FALSE,FALSE,TRUE,FALSE,FALSE,FALSE
229,39,Male,Curtains,Home Decor,362.26,XL,3,Yes,0,UPI,94825,73,5,FALSE,FALSE,TRUE,TRUE,FALSE,FALSE,FALSE
230,28,Female,Shoes,Sports,367.51,S,3,No,9,Cash,21945,32,19,FALSE,FALSE,TRUE,FALSE,FALSE,FALSE,TRUE
231,33,Female,Watch,Clothing,59.12,M,1,No,13,PayPal,84649,3,13,FALSE,TRUE,FALSE,TRUE,FALSE,FALSE,FALSE
232,50,Male,Football,Accessories,361.7,L,5,No,9,Debit Card,90051,99,9,FALSE,TRUE,FALSE,FALSE,FALSE,TRUE,FALSE
233,26,Male,Curtains,Electronics,343.11,M,4,Yes,11,Cash,41870,22,10,TRUE,FALSE,FALSE,FALSE,FALSE,TRUE,FALSE
234,23,Female,Phone,Clothing,417.15,S,1,No,5,Cash,59431,88,2,TRUE,FALSE,FALSE,TRUE,FALSE,FALSE,FALSE
235,33,Male,Curtains,Electronics,30.38,XL,3,Yes,10,Credit Card,84241,49,3,FALSE,FALSE,TRUE,TRUE,FALSE,FALSE,FALSE
236,46,Male,T-Shirt,Accessories,21.32,XL,2,Yes,3,Credit Card,87531,57,20,FALSE,FALSE,TRUE,FALSE,FALSE,FALSE,TRUE
237,20,Female,Shoes,Clothing,192.77,S,3,Yes,11,PayPal,139978,55,15,TRUE,FALSE,FALSE,FALSE,FALSE,FALSE,TRUE
238,37,Male,Watch,Home Decor,82.91,M,2,No,3,Debit Card,141360,93,11,FALSE,FALSE,TRUE,TRUE,FALSE,FALSE,FALSE
239,53,Male,T-Shirt,Sports,283.61,XL,1,Yes,11,Cash,66988,75,1,FALSE,TRUE,FALSE,FALSE,FALSE,FALSE,TRUE
240,36,Female,Watch,Clothing,459.5,L,4,No,12,PayPal,57654,20,4,FALSE,TRUE,FALSE,TRUE,FALSE,FALSE,FALSE
241,43,Male,T-Shirt,Accessories,201.83,M,5,Yes,4,Debit Card,131106,11,14,FALSE,TRUE,FALSE,FALSE,TRUE,FALSE,FALSE
242,20,Male,T-Shirt,Clothing,424.03,M,2,No,13,PayPal,27301,89,8,TRUE,FALSE,FALSE,FALSE,TRUE,FALSE,FALSE
243,36,Female,Bag,Electronics,10.12,L,5,Yes,0,Cash,43829,47,8,FALSE,FALSE,TRUE,FALSE,FALSE,FALSE,TRUE
244,37,Female,Laptop,Clothing,92.57,S,1,No,3,PayPal,86644,32,15,FALSE,TRUE,FALSE,FALSE,FALSE,TRUE,FALSE
245,49,Female,Laptop,Home Decor,24.91,XL,1,No,9,Credit Card,72156,55,1,TRUE,FALSE,FALSE,TRUE,FALSE,FALSE,FALSE
246,24,Male,Football,Clothing,170.79,M,1,Yes,2,Credit Card,143043,27,14,FALSE,TRUE,FALSE,FALSE,FALSE,FALSE,TRUE
247,58,Female,Shoes,Sports,455.01,XL,4,No,4,UPI,51621,53,10,FALSE,FALSE,TRUE,FALSE,TRUE,FALSE,FALSE
248,50,Female,Phone,Clothing,57.51,XL,2,No,9,Debit Card,146484,69,15,FALSE,TRUE,FALSE,TRUE,FALSE,FALSE,FALSE
249,57,Male,Phone,Electronics,307.14,M,5,Yes,4,Cash,136270,85,10,FALSE,FALSE,TRUE,FALSE,FALSE,FALSE,TRUE
250,56,Female,Phone,Clothing,231.23,S,3,Yes,7,Debit Card,73382,42,10,TRUE,FALSE,FALSE,FALSE,FALSE,TRUE,FALSE
251,35,Female,Bag,Home Decor,469.85,M,1,No,13,Credit Card,75340,36,1,FALSE,TRUE,FALSE,TRUE,FALSE,FALSE,FALSE
252,57,Female,T-Shirt,Accessories,70.03,S,5,Yes,0,Cash,38202,57,2,TRUE,FALSE,FALSE,TRUE,FALSE,FALSE,FALSE
253,18,Female,Laptop,Clothing,113.89,L,5,No,2,UPI,30109,29,6,TRUE,FALSE,FALSE,FALSE,FALSE,TRUE,FALSE
254,28,Male,Shoes,Clothing,24.48,S,4,Yes,4,Credit Card,65490,63,16,FALSE,FALSE,TRUE,FALSE,TRUE,FALSE,FALSE
255,45,Female,T-Shirt,Sports,222.63,S,2,Yes,10,Credit Card,133140,82,5,FALSE,FALSE,TRUE,TRUE,FALSE,FALSE,FALSE
256,42,Female,Watch,Home Decor,146.14,M,4,Yes,2,Debit Card,64467,91,7,TRUE,FALSE,FALSE,FALSE,FALSE,FALSE,TRUE
257,40,Male,Laptop,Accessories,436.25,XL,4,No,5,PayPal,95328,53,18,TRUE,FALSE,FALSE,TRUE,FALSE,FALSE,FALSE
258,48,Female,Laptop,Electronics,306.42,XL,5,Yes,9,Debit Card,81873,56,7,FALSE,TRUE,FALSE,FALSE,FALSE,FALSE,TRUE
259,47,Male,Curtains,Clothing,310.9,S,2,No,12,Credit Card,63919,35,4,FALSE,FALSE,TRUE,FALSE,FALSE,TRUE,FALSE
260,59,Male,Curtains,Accessories,270.64,S,2,No,2,Debit Card,95881,99,1,FALSE,TRUE,FALSE,FALSE,TRUE,FALSE,FALSE
261,52,Male,Bag,Electronics,55.01,M,2,Yes,5,PayPal,64824,21,20,TRUE,FALSE,FALSE,FALSE,FALSE,FALSE,TRUE
262,24,Female,Shoes,Home Decor,228.06,S,1,Yes,7,UPI,29491,4,18,FALSE,FALSE,TRUE,FALSE,TRUE,FALSE,FALSE
263,33,Male,Watch,Home Decor,499.76,M,2,Yes,3,Cash,126073,18,4,FALSE,TRUE,FALSE,TRUE,FALSE,FALSE,FALSE
264,43,Male,Shoes,Accessories,419.26,L,5,Yes,7,Credit Card,101113,65,14,FALSE,TRUE,FALSE,FALSE,FALSE,FALSE,TRUE
265,19,Male,Shoes,Electronics,447.79,S,1,Yes,6,Debit Card,60344,58,4,FALSE,FALSE,TRUE,FALSE,FALSE,TRUE,FALSE
266,18,Female,Bag,Home Decor,413.38,L,3,No,10,Credit Card,33987,15,14,FALSE,TRUE,FALSE,FALSE,FALSE,FALSE,TRUE
267,29,Female,Bag,Accessories,60.49,S,4,Yes,10,Cash,87171,100,7,TRUE,FALSE,FALSE,TRUE,FALSE,FALSE,FALSE
268,22,Female,T-Shirt,Home Decor,121.45,S,2,No,12,Debit Card,99755,75,10,TRUE,FALSE,FALSE,TRUE,FALSE,FALSE,FALSE
269,54,Female,Football,Home Decor,11.53,L,3,No,14,UPI,20122,88,11,FALSE,FALSE,TRUE,FALSE,FALSE,FALSE,TRUE
270,49,Female,Bag,Home Decor,158.72,L,2,Yes,3,Cash,96751,18,18,FALSE,TRUE,FALSE,TRUE,FALSE,FALSE,FALSE
271,26,Female,Shoes,Sports,63.22,M,4,Yes,2,PayPal,53220,69,15,FALSE,FALSE,TRUE,TRUE,FALSE,FALSE,FALSE
272,58,Female,Curtains,Electronics,241.67,M,5,No,4,PayPal,80240,85,9,FALSE,FALSE,TRUE,FALSE,FALSE,FALSE,TRUE
273,52,Male,Football,Accessories,341.79,L,5,No,4,Credit Card,136295,43,7,FALSE,TRUE,FALSE,FALSE,TRUE,FALSE,FALSE
274,36,Male,T-Shirt,Accessories,438.51,S,4,Yes,13,PayPal,127164,82,8,FALSE,FALSE,TRUE,FALSE,FALSE,FALSE,TRUE
275,33,Male,Football,Electronics,377.12,M,3,No,6,Debit Card,101252,46,15,FALSE,FALSE,TRUE,TRUE,FALSE,FALSE,FALSE
276,20,Male,Phone,Electronics,469.91,S,1,No,10,PayPal,65240,16,8,FALSE,TRUE,FALSE,FALSE,FALSE,TRUE,FALSE
277,37,Female,Watch,Electronics,36.41,XL,1,No,0,UPI,20946,2,1,FALSE,FALSE,TRUE,TRUE,FALSE,FALSE,FALSE
278,41,Male,Football,Electronics,15.97,M,2,Yes,8,Debit Card,81692,63,9,TRUE,FALSE,FALSE,FALSE,TRUE,FALSE,FALSE
279,50,Male,Shoes,Clothing,334.06,M,4,No,1,Credit Card,102379,55,20,TRUE,FALSE,FALSE,FALSE,FALSE,FALSE,TRUE
280,41,Male,T-Shirt,Accessories,151.78,M,4,No,8,Credit Card,148229,5,3,TRUE,FALSE,FALSE,TRUE,FALSE,FALSE,FALSE
281,28,Male,Watch,Clothing,134.22,XL,1,No,8,PayPal,122445,93,18,FALSE,TRUE,FALSE,FALSE,FALSE,TRUE,FALSE
282,25,Female,Shoes,Home Decor,172.13,L,3,Yes,12,PayPal,114445,22,20,FALSE,TRUE,FALSE,FALSE,FALSE,FALSE,TRUE
283,53,Female,Watch,Home Decor,142.2,S,4,Yes,12,Credit Card,125464,18,2,FALSE,FALSE,TRUE,FALSE,TRUE,FALSE,FALSE
284,55,Female,Curtains,Accessories,260.6,XL,5,No,13,Debit Card,95895,96,14,FALSE,TRUE,FALSE,FALSE,FALSE,TRUE,FALSE
285,57,Male,Phone,Home Decor,225.67,L,5,No,14,Cash,81323,46,16,FALSE,FALSE,TRUE,FALSE,FALSE,FALSE,TRUE
286,37,Female,Curtains,Electronics,261.09,M,4,No,2,Credit Card,94267,94,4,FALSE,TRUE,FALSE,TRUE,FALSE,FALSE,FALSE
287,52,Male,Shoes,Clothing,339.63,L,3,Yes,14,UPI,104699,40,9,FALSE,TRUE,FALSE,TRUE,FALSE,FALSE,FALSE
288,42,Female,Shoes,Electronics,199.69,L,5,Yes,6,Debit Card,136742,49,16,TRUE,FALSE,FALSE,TRUE,FALSE,FALSE,FALSE
289,52,Female,Shoes,Home Decor,133.14,L,3,No,2,Cash,132075,30,20,FALSE,FALSE,TRUE,FALSE,TRUE,FALSE,FALSE
290,42,Female,Laptop,Clothing,91.44,S,1,No,7,Cash,54649,43,5,FALSE,FALSE,TRUE,TRUE,FALSE,FALSE,FALSE
291,46,Female,Phone,Electronics,181.24,L,2,No,7,Debit Card,146619,100,20,TRUE,FALSE,FALSE,TRUE,FALSE,FALSE,FALSE
292,35,Female,Watch,Accessories,373.49,L,1,No,12,Credit Card,34842,55,13,TRUE,FALSE,FALSE,FALSE,FALSE,TRUE,FALSE
293,63,Male,Bag,Electronics,380.79,L,2,No,2,Cash,95314,21,10,TRUE,FALSE,FALSE,FALSE,FALSE,FALSE,TRUE
294,35,Female,Shoes,Home Decor,336.78,L,5,No,4,UPI,102340,98,18,FALSE,TRUE,FALSE,FALSE,FALSE,FALSE,TRUE
295,19,Male,Shoes,Clothing,124.67,XL,2,No,14,Debit Card,47503,33,20,FALSE,TRUE,FALSE,TRUE,FALSE,FALSE,FALSE
296,52,Male,Watch,Accessories,298.16,XL,2,Yes,6,PayPal,119217,81,11,FALSE,TRUE,FALSE,FALSE,FALSE,FALSE,TRUE
297,33,Male,Bag,Clothing,289.64,L,4,Yes,0,Credit Card,128701,93,15,FALSE,TRUE,FALSE,FALSE,TRUE,FALSE,FALSE
298,58,Male,Curtains,Accessories,247.29,L,2,Yes,2,Debit Card,94020,19,20,FALSE,FALSE,TRUE,FALSE,TRUE,FALSE,FALSE
299,53,Male,Curtains,Clothing,279.49,L,4,No,0,UPI,143903,19,4,FALSE,FALSE,TRUE,FALSE,FALSE,TRUE,FALSE
300,50,Female,Shoes,Home Decor,250.98,M,2,Yes,1,Cash,140187,53,14,FALSE,FALSE,TRUE,FALSE,FALSE,TRUE,FALSE
301,21,Female,T-Shirt,Accessories,287.07,L,4,No,13,Credit Card,29999,31,9,FALSE,TRUE,FALSE,TRUE,FALSE,FALSE,FALSE
302,50,Female,Laptop,Sports,360.6,L,5,Yes,13,Credit Card,24740,63,16,TRUE,FALSE,FALSE,TRUE,FALSE,FALSE,FALSE
303,31,Female,Curtains,Clothing,63.72,XL,5,Yes,6,Debit Card,65441,36,2,FALSE,FALSE,TRUE,FALSE,TRUE,FALSE,FALSE
304,38,Male,T-Shirt,Clothing,377.32,XL,2,Yes,6,Debit Card,47574,21,2,FALSE,TRUE,FALSE,TRUE,FALSE,FALSE,FALSE
305,37,Female,Laptop,Electronics,76.58,XL,3,Yes,2,UPI,137896,20,18,FALSE,TRUE,FALSE,FALSE,FALSE,FALSE,TRUE
306,25,Female,Shoes,Accessories,42.65,S,5,Yes,14,PayPal,71544,73,18,FALSE,TRUE,FALSE,TRUE,FALSE,FALSE,FALSE
307,24,Male,Phone,Sports,488.28,M,1,No,12,Debit Card,28294,79,13,TRUE,FALSE,FALSE,TRUE,FALSE,FALSE,FALSE
308,20,Male,Football,Home Decor,478.93,L,1,No,5,Debit Card,110956,37,5,FALSE,FALSE,TRUE,TRUE,FALSE,FALSE,FALSE
309,34,Female,Football,Electronics,39.61,XL,4,Yes,12,Debit Card,61790,87,9,FALSE,FALSE,TRUE,TRUE,FALSE,FALSE,FALSE
310,50,Female,Shoes,Sports,227.19,S,3,No,5,UPI,122877,8,11,FALSE,FALSE,TRUE,FALSE,FALSE,FALSE,TRUE
311,29,Male,Curtains,Accessories,101.26,L,4,Yes,1,Cash,81671,59,18,FALSE,FALSE,TRUE,FALSE,TRUE,FALSE,FALSE
312,39,Female,T-Shirt,Sports,247.82,L,2,Yes,12,PayPal,26604,22,12,FALSE,TRUE,FALSE,FALSE,TRUE,FALSE,FALSE
313,39,Female,Phone,Clothing,416.79,XL,5,Yes,8,UPI,32215,72,4,TRUE,FALSE,FALSE,TRUE,FALSE,FALSE,FALSE
314,63,Female,Watch,Clothing,475.8,L,3,No,12,Debit Card,118030,83,7,FALSE,TRUE,FALSE,FALSE,TRUE,FALSE,FALSE
315,47,Female,Laptop,Electronics,320.78,L,4,Yes,7,Cash,70076,15,17,FALSE,TRUE,FALSE,FALSE,TRUE,FALSE,FALSE
316,55,Male,Shoes,Accessories,183.41,L,4,Yes,1,Debit Card,95139,65,19,FALSE,TRUE,FALSE,FALSE,FALSE,TRUE,FALSE
317,55,Male,Phone,Accessories,305.63,XL,1,No,11,UPI,93005,22,2,TRUE,FALSE,FALSE,FALSE,TRUE,FALSE,FALSE
318,62,Male,Bag,Sports,162.88,S,2,Yes,3,Credit Card,125232,77,5,TRUE,FALSE,FALSE,FALSE,FALSE,TRUE,FALSE
319,25,Female,Phone,Electronics,455.81,L,4,No,8,Debit Card,25876,95,19,TRUE,FALSE,FALSE,FALSE,FALSE,TRUE,FALSE
320,44,Female,Curtains,Accessories,436.5,S,1,No,3,Cash,80084,36,16,FALSE,TRUE,FALSE,FALSE,FALSE,FALSE,TRUE
321,44,Female,Bag,Clothing,283.53,L,3,No,6,PayPal,32509,35,9,FALSE,FALSE,TRUE,FALSE,FALSE,TRUE,FALSE
322,51,Female,Laptop,Sports,169.15,XL,4,No,4,Credit Card,140811,19,7,FALSE,TRUE,FALSE,FALSE,TRUE,FALSE,FALSE
323,38,Female,Bag,Home Decor,153.76,S,1,No,9,Debit Card,109536,97,6,TRUE,FALSE,FALSE,TRUE,FALSE,FALSE,FALSE
324,47,Male,Phone,Clothing,26.37,XL,2,No,5,Debit Card,73540,39,11,FALSE,TRUE,FALSE,FALSE,FALSE,TRUE,FALSE
325,50,Female,Curtains,Electronics,409.75,M,5,No,0,Cash,39692,23,18,FALSE,FALSE,TRUE,FALSE,TRUE,FALSE,FALSE
326,45,Female,Bag,Accessories,230.69,L,3,No,3,Credit Card,78258,28,18,FALSE,FALSE,TRUE,FALSE,FALSE,TRUE,FALSE
327,64,Male,T-Shirt,Clothing,169.32,M,4,No,4,Credit Card,41088,23,4,FALSE,FALSE,TRUE,TRUE,FALSE,FALSE,FALSE
328,50,Female,Curtains,Home Decor,240.84,M,1,No,5,Credit Card,59518,12,20,FALSE,FALSE,TRUE,TRUE,FALSE,FALSE,FALSE
329,22,Male,T-Shirt,Home Decor,411.18,M,4,No,5,Debit Card,42829,54,10,FALSE,FALSE,TRUE,TRUE,FALSE,FALSE,FALSE
330,36,Male,T-Shirt,Electronics,71.06,L,5,No,4,Credit Card,131329,8,2,TRUE,FALSE,FALSE,FALSE,FALSE,TRUE,FALSE
331,21,Male,Bag,Clothing,430.25,XL,4,No,2,Debit Card,25817,45,18,TRUE,FALSE,FALSE,TRUE,FALSE,FALSE,FALSE
332,52,Male,Bag,Sports,449.78,M,4,No,10,Debit Card,76096,10,7,FALSE,FALSE,TRUE,FALSE,TRUE,FALSE,FALSE
333,34,Male,Watch,Clothing,473.89,S,1,No,14,Credit Card,147970,55,2,TRUE,FALSE,FALSE,FALSE,FALSE,FALSE,TRUE
334,61,Female,Watch,Home Decor,204.77,L,5,No,1,UPI,67682,65,1,TRUE,FALSE,FALSE,FALSE,FALSE,TRUE,FALSE
335,45,Male,Phone,Electronics,116.4,XL,3,No,14,PayPal,134351,51,10,FALSE,FALSE,TRUE,FALSE,TRUE,FALSE,FALSE
336,47,Male,Curtains,Electronics,193.08,XL,1,Yes,6,PayPal,126686,11,2,FALSE,TRUE,FALSE,FALSE,FALSE,FALSE,TRUE
337,46,Female,Watch,Sports,173.13,M,5,Yes,0,UPI,34422,75,6,FALSE,TRUE,FALSE,FALSE,FALSE,TRUE,FALSE
338,63,Female,T-Shirt,Electronics,96.32,L,5,No,11,Credit Card,149010,47,19,FALSE,FALSE,TRUE,FALSE,TRUE,FALSE,FALSE
339,23,Male,Watch,Electronics,307.56,M,4,No,11,Debit Card,26286,46,4,FALSE,FALSE,TRUE,TRUE,FALSE,FALSE,FALSE
340,52,Female,Laptop,Electronics,243.55,S,2,Yes,4,Cash,40923,53,17,FALSE,TRUE,FALSE,TRUE,FALSE,FALSE,FALSE
341,58,Female,Phone,Electronics,434.19,XL,2,Yes,3,UPI,107495,85,17,FALSE,FALSE,TRUE,TRUE,FALSE,FALSE,FALSE
342,54,Male,Curtains,Electronics,25.73,XL,3,No,6,PayPal,133748,79,17,TRUE,FALSE,FALSE,TRUE,FALSE,FALSE,FALSE
343,41,Male,Curtains,Home Decor,325.5,L,4,No,1,PayPal,144630,50,3,TRUE,FALSE,FALSE,FALSE,FALSE,FALSE,TRUE
344,46,Female,Football,Clothing,383.84,XL,2,Yes,10,Debit Card,66262,11,19,FALSE,TRUE,FALSE,FALSE,FALSE,FALSE,TRUE
345,63,Male,Curtains,Accessories,382.15,L,1,No,12,PayPal,62586,17,9,TRUE,FALSE,FALSE,FALSE,FALSE,TRUE,FALSE
346,48,Male,Phone,Electronics,444.18,M,3,Yes,7,PayPal,43764,100,16,TRUE,FALSE,FALSE,FALSE,TRUE,FALSE,FALSE
347,52,Female,Laptop,Accessories,367.23,S,4,No,8,Debit Card,28410,20,20,TRUE,FALSE,FALSE,TRUE,FALSE,FALSE,FALSE
348,50,Male,Curtains,Accessories,464.63,L,1,Yes,12,Credit Card,146930,22,18,TRUE,FALSE,FALSE,FALSE,FALSE,TRUE,FALSE
349,38,Male,Football,Home Decor,173,M,2,No,14,PayPal,75487,91,19,TRUE,FALSE,FALSE,TRUE,FALSE,FALSE,FALSE
350,49,Male,Phone,Electronics,256.57,S,2,No,11,Credit Card,25493,65,19,FALSE,FALSE,TRUE,FALSE,TRUE,FALSE,FALSE
351,40,Male,T-Shirt,Accessories,16.9,XL,2,Yes,9,Cash,20113,54,8,FALSE,TRUE,FALSE,FALSE,FALSE,TRUE,FALSE
352,50,Male,Shoes,Electronics,13.41,S,2,No,14,Credit Card,108302,75,8,TRUE,FALSE,FALSE,FALSE,FALSE,TRUE,FALSE
353,20,Female,Shoes,Sports,127.66,S,5,Yes,0,Debit Card,59417,23,18,FALSE,FALSE,TRUE,FALSE,FALSE,TRUE,FALSE
354,35,Female,T-Shirt,Sports,59.4,S,3,Yes,4,Debit Card,94341,93,11,FALSE,TRUE,FALSE,FALSE,FALSE,TRUE,FALSE
355,42,Male,Watch,Sports,137.5,XL,3,Yes,3,Debit Card,76533,13,14,FALSE,FALSE,TRUE,FALSE,FALSE,FALSE,TRUE
356,59,Female,Curtains,Accessories,96.75,L,2,No,4,PayPal,92535,13,12,TRUE,FALSE,FALSE,FALSE,FALSE,TRUE,FALSE
357,48,Male,Bag,Sports,23.97,L,3,Yes,8,UPI,25490,86,1,FALSE,TRUE,FALSE,FALSE,FALSE,TRUE,FALSE
358,20,Male,Shoes,Home Decor,455.56,S,1,No,14,PayPal,89322,93,15,TRUE,FALSE,FALSE,TRUE,FALSE,FALSE,FALSE
359,57,Male,Watch,Home Decor,14.03,M,1,Yes,11,Credit Card,74969,4,9,FALSE,FALSE,TRUE,FALSE,TRUE,FALSE,FALSE
360,63,Male,Shoes,Accessories,370.68,M,3,Yes,2,Cash,82351,8,18,FALSE,TRUE,FALSE,FALSE,FALSE,FALSE,TRUE
361,41,Male,T-Shirt,Electronics,84.55,S,2,Yes,13,Cash,120064,60,4,FALSE,FALSE,TRUE,FALSE,FALSE,FALSE,TRUE
362,49,Female,Curtains,Clothing,456.99,S,4,Yes,0,Cash,102344,83,17,FALSE,FALSE,TRUE,FALSE,FALSE,FALSE,TRUE
363,64,Female,Curtains,Electronics,447.47,M,2,No,10,Cash,87543,39,12,TRUE,FALSE,FALSE,FALSE,FALSE,FALSE,TRUE
364,39,Male,Watch,Electronics,330.41,S,5,No,2,UPI,60597,48,14,TRUE,FALSE,FALSE,TRUE,FALSE,FALSE,FALSE
365,40,Female,T-Shirt,Electronics,339.39,S,4,No,3,Cash,80882,26,9,FALSE,TRUE,FALSE,TRUE,FALSE,FALSE,FALSE
366,19,Male,Watch,Electronics,12.62,L,5,No,12,PayPal,90671,83,16,TRUE,FALSE,FALSE,FALSE,TRUE,FALSE,FALSE
367,44,Female,Curtains,Clothing,492.59,L,3,No,14,Cash,124758,70,6,FALSE,FALSE,TRUE,FALSE,FALSE,FALSE,TRUE
368,59,Male,Bag,Sports,440.14,S,5,No,12,Debit Card,84230,68,10,TRUE,FALSE,FALSE,FALSE,TRUE,FALSE,FALSE
369,19,Female,Curtains,Electronics,448.6,S,3,Yes,1,Credit Card,53579,23,20,FALSE,TRUE,FALSE,FALSE,FALSE,FALSE,TRUE
370,43,Male,Phone,Home Decor,333.03,XL,5,No,0,PayPal,107530,29,1,FALSE,TRUE,FALSE,TRUE,FALSE,FALSE,FALSE
371,34,Male,Bag,Accessories,178.95,L,4,No,0,UPI,107970,58,4,FALSE,FALSE,TRUE,FALSE,TRUE,FALSE,FALSE
372,57,Female,Watch,Accessories,447.89,S,5,No,14,PayPal,20110,30,2,FALSE,TRUE,FALSE,FALSE,TRUE,FALSE,FALSE
373,50,Female,Phone,Home Decor,152.84,XL,2,No,7,Debit Card,117261,60,16,TRUE,FALSE,FALSE,FALSE,FALSE,FALSE,TRUE
374,26,Male,T-Shirt,Electronics,285.73,XL,3,No,3,Cash,91806,32,18,TRUE,FALSE,FALSE,TRUE,FALSE,FALSE,FALSE
375,60,Female,Laptop,Clothing,58.87,XL,1,No,11,Cash,74966,21,2,TRUE,FALSE,FALSE,FALSE,FALSE,FALSE,TRUE
376,56,Male,Shoes,Sports,461.76,XL,5,Yes,1,UPI,63153,34,3,TRUE,FALSE,FALSE,FALSE,TRUE,FALSE,FALSE
377,46,Female,Phone,Accessories,78.98,L,3,Yes,9,Credit Card,94197,45,3,FALSE,FALSE,TRUE,TRUE,FALSE,FALSE,FALSE
378,59,Female,Shoes,Sports,120.2,XL,1,No,2,Cash,40810,21,18,FALSE,TRUE,FALSE,FALSE,TRUE,FALSE,FALSE
379,43,Male,Football,Clothing,283.49,L,3,Yes,7,UPI,130559,8,7,FALSE,TRUE,FALSE,TRUE,FALSE,FALSE,FALSE
380,52,Female,T-Shirt,Accessories,384.41,XL,3,No,5,Cash,55920,58,13,TRUE,FALSE,FALSE,FALSE,FALSE,TRUE,FALSE
381,42,Female,Laptop,Sports,313.48,XL,1,Yes,7,PayPal,138580,39,8,FALSE,TRUE,FALSE,FALSE,TRUE,FALSE,FALSE
382,41,Male,Football,Clothing,123.75,M,1,No,9,UPI,38153,85,15,FALSE,FALSE,TRUE,FALSE,FALSE,FALSE,TRUE
383,30,Female,Football,Sports,10.46,L,4,Yes,4,UPI,87691,2,9,TRUE,FALSE,FALSE,FALSE,FALSE,TRUE,FALSE
384,24,Male,Curtains,Electronics,381,M,5,Yes,2,UPI,96788,48,20,FALSE,FALSE,TRUE,FALSE,FALSE,TRUE,FALSE
385,53,Male,Football,Clothing,492.75,M,5,No,5,Cash,21864,25,19,FALSE,FALSE,TRUE,FALSE,TRUE,FALSE,FALSE
386,62,Male,T-Shirt,Sports,406.86,XL,3,No,9,UPI,33524,100,19,FALSE,FALSE,TRUE,FALSE,TRUE,FALSE,FALSE
387,37,Male,Phone,Electronics,235.5,L,2,Yes,7,PayPal,38318,62,4,FALSE,TRUE,FALSE,TRUE,FALSE,FALSE,FALSE
388,18,Male,T-Shirt,Electronics,452.85,S,2,No,13,Credit Card,85322,60,10,TRUE,FALSE,FALSE,FALSE,TRUE,FALSE,FALSE
389,25,Female,Phone,Clothing,210.83,XL,3,No,4,Credit Card,126457,59,3,FALSE,FALSE,TRUE,FALSE,FALSE,FALSE,TRUE
390,63,Male,Football,Home Decor,267.22,L,4,No,4,Debit Card,141840,37,3,FALSE,TRUE,FALSE,FALSE,FALSE,TRUE,FALSE
391,33,Male,Football,Accessories,243.79,M,1,No,2,PayPal,136123,83,16,FALSE,TRUE,FALSE,TRUE,FALSE,FALSE,FALSE
392,31,Female,Bag,Clothing,229.34,L,3,No,2,PayPal,23034,83,2,FALSE,TRUE,FALSE,TRUE,FALSE,FALSE,FALSE
393,29,Female,Laptop,Electronics,389.84,XL,5,No,12,UPI,113457,78,4,FALSE,TRUE,FALSE,FALSE,FALSE,FALSE,TRUE
394,40,Female,Phone,Electronics,268.12,L,2,Yes,11,Debit Card,96050,62,5,TRUE,FALSE,FALSE,FALSE,FALSE,TRUE,FALSE
395,32,Male,Football,Clothing,165.19,M,2,No,14,PayPal,142789,68,17,FALSE,FALSE,TRUE,FALSE,TRUE,FALSE,FALSE
396,45,Male,Curtains,Home Decor,136.5,L,2,No,7,PayPal,97935,9,17,TRUE,FALSE,FALSE,FALSE,TRUE,FALSE,FALSE
397,51,Male,Bag,Accessories,28.5,L,4,Yes,10,PayPal,39765,89,2,FALSE,TRUE,FALSE,TRUE,FALSE,FALSE,FALSE
398,19,Female,Shoes,Sports,295.77,M,5,Yes,14,Cash,104818,24,1,FALSE,TRUE,FALSE,FALSE,FALSE,FALSE,TRUE
399,49,Male,Bag,Clothing,122.68,XL,4,Yes,0,PayPal,122567,95,6,TRUE,FALSE,FALSE,FALSE,TRUE,FALSE,FALSE
400,40,Female,Laptop,Accessories,82.59,S,1,No,3,Cash,47658,28,13,TRUE,FALSE,FALSE,TRUE,FALSE,FALSE,FALSE
401,39,Male,T-Shirt,Accessories,330.38,M,3,Yes,8,PayPal,63339,83,9,FALSE,TRUE,FALSE,TRUE,FALSE,FALSE,FALSE
402,42,Female,Laptop,Electronics,343.79,M,3,Yes,5,Credit Card,111234,33,3,FALSE,FALSE,TRUE,TRUE,FALSE,FALSE,FALSE
403,39,Male,Shoes,Sports,378.56,XL,2,Yes,5,Cash,70229,27,6,TRUE,FALSE,FALSE,FALSE,TRUE,FALSE,FALSE
404,39,Male,Bag,Clothing,256.75,XL,2,Yes,13,Cash,57247,89,14,FALSE,FALSE,TRUE,FALSE,FALSE,TRUE,FALSE
405,59,Male,Phone,Electronics,448.09,L,1,Yes,9,UPI,30585,86,7,FALSE,TRUE,FALSE,FALSE,FALSE,TRUE,FALSE
406,23,Female,T-Shirt,Electronics,468.81,M,4,Yes,10,PayPal,104213,80,10,FALSE,TRUE,FALSE,FALSE,FALSE,TRUE,FALSE
407,32,Female,T-Shirt,Home Decor,405.61,L,5,Yes,10,Debit Card,79240,53,6,TRUE,FALSE,FALSE,TRUE,FALSE,FALSE,FALSE
408,60,Male,Phone,Accessories,321.44,L,1,Yes,12,Debit Card,55169,87,4,FALSE,TRUE,FALSE,TRUE,FALSE,FALSE,FALSE
409,54,Male,Watch,Clothing,158.82,XL,3,No,6,Debit Card,78108,26,4,FALSE,FALSE,TRUE,FALSE,FALSE,TRUE,FALSE
410,50,Male,Watch,Clothing,491.64,XL,3,No,10,Debit Card,138608,72,17,FALSE,TRUE,FALSE,FALSE,FALSE,TRUE,FALSE
411,25,Female,Laptop,Clothing,144.33,L,4,Yes,6,Credit Card,22213,40,10,FALSE,FALSE,TRUE,TRUE,FALSE,FALSE,FALSE
412,61,Male,Football,Electronics,109.3,M,1,No,5,Debit Card,146336,2,4,TRUE,FALSE,FALSE,FALSE,FALSE,TRUE,FALSE
413,61,Male,Watch,Home Decor,226.66,M,5,No,8,UPI,134617,94,1,TRUE,FALSE,FALSE,FALSE,FALSE,FALSE,TRUE
414,22,Male,Laptop,Sports,37.85,L,1,No,7,Debit Card,54467,50,17,TRUE,FALSE,FALSE,FALSE,TRUE,FALSE,FALSE
415,56,Male,Watch,Electronics,489.46,S,1,Yes,11,UPI,85502,83,2,TRUE,FALSE,FALSE,FALSE,FALSE,FALSE,TRUE
416,21,Female,Shoes,Sports,298.33,S,4,Yes,7,Cash,74151,8,17,TRUE,FALSE,FALSE,FALSE,FALSE,TRUE,FALSE
417,23,Female,Curtains,Home Decor,282.91,XL,5,No,1,PayPal,52352,73,15,FALSE,TRUE,FALSE,FALSE,FALSE,TRUE,FALSE
418,62,Male,Football,Accessories,331.34,M,3,Yes,6,Debit Card,87443,99,17,FALSE,FALSE,TRUE,TRUE,FALSE,FALSE,FALSE
419,49,Male,Laptop,Clothing,253.54,L,2,No,14,UPI,64269,35,5,TRUE,FALSE,FALSE,FALSE,TRUE,FALSE,FALSE
420,47,Female,Curtains,Sports,25.71,L,5,Yes,11,UPI,36293,75,19,FALSE,FALSE,TRUE,FALSE,FALSE,FALSE,TRUE
421,64,Female,Curtains,Electronics,310.03,M,3,No,0,PayPal,145281,72,14,TRUE,FALSE,FALSE,FALSE,FALSE,TRUE,FALSE
422,52,Male,Bag,Sports,360.93,XL,4,Yes,9,Cash,135745,34,1,FALSE,TRUE,FALSE,FALSE,FALSE,TRUE,FALSE
423,57,Female,Watch,Accessories,214.21,XL,5,Yes,14,Debit Card,102671,77,1,FALSE,FALSE,TRUE,TRUE,FALSE,FALSE,FALSE
424,33,Female,Bag,Clothing,381.07,S,5,No,7,UPI,144817,47,13,FALSE,FALSE,TRUE,FALSE,FALSE,FALSE,TRUE
425,30,Male,Phone,Sports,121.23,M,3,No,12,Debit Card,83094,33,18,TRUE,FALSE,FALSE,FALSE,TRUE,FALSE,FALSE
426,59,Female,Shoes,Accessories,118.43,M,3,No,2,Credit Card,143295,70,4,FALSE,FALSE,TRUE,FALSE,FALSE,FALSE,TRUE
427,47,Female,Shoes,Electronics,89.09,L,1,No,10,UPI,82919,34,12,FALSE,TRUE,FALSE,TRUE,FALSE,FALSE,FALSE
428,36,Male,Shoes,Home Decor,192.28,M,1,Yes,12,Cash,81586,1,6,FALSE,TRUE,FALSE,TRUE,FALSE,FALSE,FALSE
429,34,Male,Football,Electronics,425.04,S,5,Yes,8,PayPal,112673,45,2,FALSE,TRUE,FALSE,TRUE,FALSE,FALSE,FALSE
430,36,Female,T-Shirt,Clothing,415.68,M,2,No,14,UPI,45811,37,5,FALSE,FALSE,TRUE,FALSE,FALSE,TRUE,FALSE
431,45,Male,Football,Electronics,197.58,L,4,No,4,Credit Card,105387,22,16,FALSE,TRUE,FALSE,TRUE,FALSE,FALSE,FALSE
432,43,Female,Laptop,Electronics,298.67,S,3,Yes,6,PayPal,89063,63,15,TRUE,FALSE,FALSE,TRUE,FALSE,FALSE,FALSE
433,54,Male,Curtains,Electronics,363.2,L,1,Yes,13,Cash,72024,19,3,TRUE,FALSE,FALSE,FALSE,FALSE,FALSE,TRUE
434,43,Female,Curtains,Electronics,128.19,M,4,Yes,6,Debit Card,103330,48,10,TRUE,FALSE,FALSE,FALSE,FALSE,TRUE,FALSE
435,40,Male,Bag,Clothing,92.39,XL,5,Yes,8,Debit Card,32207,58,8,FALSE,FALSE,TRUE,FALSE,TRUE,FALSE,FALSE
436,26,Female,T-Shirt,Accessories,486.33,M,3,No,1,UPI,88782,11,13,TRUE,FALSE,FALSE,TRUE,FALSE,FALSE,FALSE
437,29,Female,Laptop,Sports,312.6,M,3,No,3,PayPal,146657,9,10,FALSE,TRUE,FALSE,TRUE,FALSE,FALSE,FALSE
438,18,Female,T-Shirt,Home Decor,490.89,L,1,Yes,11,Credit Card,143214,39,15,FALSE,FALSE,TRUE,FALSE,FALSE,FALSE,TRUE
439,18,Male,Curtains,Sports,175.5,XL,2,Yes,7,Credit Card,146393,48,4,FALSE,FALSE,TRUE,FALSE,TRUE,FALSE,FALSE
440,64,Male,Watch,Sports,354.49,M,3,No,4,Cash,140617,52,7,TRUE,FALSE,FALSE,FALSE,FALSE,TRUE,FALSE
441,51,Female,Football,Home Decor,119.08,S,2,No,10,PayPal,132121,32,5,FALSE,TRUE,FALSE,FALSE,FALSE,TRUE,FALSE
442,49,Female,Shoes,Clothing,137.99,S,4,Yes,4,PayPal,132486,41,2,FALSE,FALSE,TRUE,FALSE,FALSE,FALSE,TRUE
443,42,Male,Curtains,Home Decor,260.83,L,3,No,2,Debit Card,57496,86,3,FALSE,TRUE,FALSE,FALSE,FALSE,FALSE,TRUE
444,57,Male,Phone,Clothing,166.61,L,3,No,4,Cash,28090,37,15,FALSE,FALSE,TRUE,FALSE,FALSE,TRUE,FALSE
445,62,Male,Shoes,Sports,92.13,XL,2,Yes,12,Cash,56899,67,2,FALSE,TRUE,FALSE,FALSE,FALSE,FALSE,TRUE
446,18,Male,Curtains,Clothing,138.81,L,1,No,6,Cash,98425,53,20,FALSE,TRUE,FALSE,FALSE,FALSE,TRUE,FALSE
447,33,Male,Football,Accessories,27.52,XL,5,Yes,3,PayPal,89143,75,3,FALSE,TRUE,FALSE,FALSE,TRUE,FALSE,FALSE
448,56,Male,T-Shirt,Home Decor,355.17,M,4,Yes,7,Debit Card,121208,93,15,TRUE,FALSE,FALSE,FALSE,TRUE,FALSE,FALSE
449,22,Female,Watch,Accessories,251.14,S,3,Yes,13,Cash,141823,39,14,FALSE,FALSE,TRUE,FALSE,FALSE,TRUE,FALSE
450,39,Male,Watch,Sports,56.18,S,1,No,10,Debit Card,104725,72,14,FALSE,FALSE,TRUE,FALSE,FALSE,FALSE,TRUE
451,46,Female,Shoes,Home Decor,94.13,S,3,No,5,Cash,141112,26,8,FALSE,FALSE,TRUE,FALSE,FALSE,FALSE,TRUE
452,20,Male,Football,Sports,60.24,L,4,No,5,PayPal,69228,72,17,FALSE,FALSE,TRUE,TRUE,FALSE,FALSE,FALSE
453,29,Male,Watch,Accessories,310.17,L,5,Yes,5,Debit Card,147251,62,16,FALSE,TRUE,FALSE,FALSE,TRUE,FALSE,FALSE
454,43,Female,Watch,Sports,56.16,M,3,No,3,UPI,68972,73,3,TRUE,FALSE,FALSE,FALSE,TRUE,FALSE,FALSE
455,33,Female,Laptop,Home Decor,379.6,L,2,No,13,Cash,105383,51,19,FALSE,FALSE,TRUE,TRUE,FALSE,FALSE,FALSE
456,54,Male,Phone,Home Decor,20.05,XL,1,Yes,14,PayPal,62772,50,15,TRUE,FALSE,FALSE,TRUE,FALSE,FALSE,FALSE
457,39,Female,Shoes,Sports,132.19,S,5,No,2,Debit Card,54146,81,14,TRUE,FALSE,FALSE,FALSE,FALSE,TRUE,FALSE
458,46,Female,T-Shirt,Home Decor,446.43,M,3,No,9,Credit Card,142402,56,14,TRUE,FALSE,FALSE,TRUE,FALSE,FALSE,FALSE
459,31,Female,Watch,Home Decor,362.08,XL,5,Yes,5,PayPal,90055,9,1,TRUE,FALSE,FALSE,FALSE,FALSE,FALSE,TRUE
460,45,Female,Laptop,Sports,45.75,XL,2,No,5,PayPal,127903,90,9,FALSE,FALSE,TRUE,TRUE,FALSE,FALSE,FALSE
461,22,Male,Football,Accessories,412.35,L,3,No,1,Credit Card,148779,41,17,FALSE,TRUE,FALSE,TRUE,FALSE,FALSE,FALSE
462,64,Female,Watch,Home Decor,251.59,L,5,No,13,Credit Card,23517,3,10,FALSE,FALSE,TRUE,FALSE,TRUE,FALSE,FALSE
463,47,Male,Bag,Home Decor,424.92,S,3,No,9,UPI,70771,73,2,FALSE,FALSE,TRUE,FALSE,FALSE,TRUE,FALSE
464,63,Male,Phone,Home Decor,304.36,M,3,No,8,UPI,107433,9,7,FALSE,FALSE,TRUE,FALSE,FALSE,FALSE,TRUE
465,22,Male,T-Shirt,Home Decor,344.1,XL,5,No,3,UPI,139878,80,20,FALSE,TRUE,FALSE,FALSE,FALSE,FALSE,TRUE
466,29,Male,Football,Sports,496.82,L,3,Yes,3,PayPal,53236,37,19,FALSE,FALSE,TRUE,FALSE,TRUE,FALSE,FALSE
467,33,Female,Football,Accessories,123.84,L,2,Yes,9,PayPal,85891,88,5,FALSE,FALSE,TRUE,TRUE,FALSE,FALSE,FALSE
468,43,Female,Shoes,Accessories,315.73,M,5,Yes,12,PayPal,71812,97,15,FALSE,TRUE,FALSE,TRUE,FALSE,FALSE,FALSE
469,43,Male,Watch,Clothing,235.56,M,5,No,11,UPI,22333,3,5,FALSE,TRUE,FALSE,FALSE,FALSE,TRUE,FALSE
470,38,Male,Shoes,Home Decor,29.33,L,2,Yes,10,Debit Card,38929,22,17,FALSE,FALSE,TRUE,TRUE,FALSE,FALSE,FALSE
471,56,Male,T-Shirt,Home Decor,17.09,L,2,Yes,11,PayPal,93442,50,13,TRUE,FALSE,FALSE,FALSE,FALSE,TRUE,FALSE
472,53,Male,Bag,Clothing,68.42,S,2,Yes,11,PayPal,24210,77,10,TRUE,FALSE,FALSE,FALSE,FALSE,FALSE,TRUE
473,50,Female,Watch,Accessories,328.05,M,3,No,7,PayPal,36625,50,14,FALSE,FALSE,TRUE,FALSE,TRUE,FALSE,FALSE
474,47,Male,Curtains,Electronics,287.91,XL,3,Yes,2,UPI,49645,39,11,FALSE,TRUE,FALSE,FALSE,FALSE,FALSE,TRUE
475,54,Female,Watch,Electronics,281.18,L,4,No,9,Cash,139585,26,14,TRUE,FALSE,FALSE,FALSE,FALSE,FALSE,TRUE
476,40,Male,Bag,Accessories,25.61,L,3,Yes,6,UPI,69168,45,7,TRUE,FALSE,FALSE,FALSE,FALSE,FALSE,TRUE
477,27,Male,Curtains,Home Decor,239.96,L,2,Yes,6,Cash,60040,60,5,FALSE,TRUE,FALSE,TRUE,FALSE,FALSE,FALSE
478,22,Male,Football,Electronics,463.07,L,4,Yes,1,UPI,33629,49,6,FALSE,FALSE,TRUE,FALSE,FALSE,FALSE,TRUE
479,53,Male,Shoes,Sports,204.82,S,2,Yes,2,Debit Card,28439,29,12,FALSE,TRUE,FALSE,FALSE,FALSE,FALSE,TRUE
480,51,Female,Phone,Sports,316.21,M,1,No,14,Debit Card,124787,11,9,FALSE,TRUE,FALSE,FALSE,TRUE,FALSE,FALSE
481,48,Female,Watch,Clothing,392.11,L,5,Yes,11,PayPal,84295,91,14,FALSE,TRUE,FALSE,FALSE,FALSE,TRUE,FALSE
482,27,Female,Phone,Accessories,394.12,M,1,Yes,13,UPI,69474,86,1,TRUE,FALSE,FALSE,FALSE,FALSE,FALSE,TRUE
483,36,Male,Watch,Accessories,264.45,XL,2,Yes,3,Cash,70426,71,10,FALSE,TRUE,FALSE,FALSE,FALSE,FALSE,TRUE
484,49,Male,Football,Electronics,430.4,XL,3,No,1,Cash,128968,25,2,TRUE,FALSE,FALSE,FALSE,FALSE,FALSE,TRUE
485,18,Female,Shoes,Home Decor,201.78,XL,5,Yes,13,Debit Card,84955,55,7,FALSE,FALSE,TRUE,FALSE,FALSE,TRUE,FALSE
486,22,Female,T-Shirt,Accessories,445.46,XL,3,Yes,8,PayPal,126444,19,11,FALSE,FALSE,TRUE,FALSE,FALSE,FALSE,TRUE
487,62,Male,T-Shirt,Electronics,127.71,M,3,No,9,Cash,105822,20,12,FALSE,TRUE,FALSE,TRUE,FALSE,FALSE,FALSE
488,21,Male,T-Shirt,Electronics,147.31,XL,5,No,10,UPI,109323,67,1,TRUE,FALSE,FALSE,FALSE,FALSE,TRUE,FALSE
489,33,Female,Watch,Accessories,36.03,XL,5,Yes,5,PayPal,79100,13,18,TRUE,FALSE,FALSE,TRUE,FALSE,FALSE,FALSE
490,41,Male,Watch,Electronics,399.84,L,1,Yes,0,UPI,143246,43,15,TRUE,FALSE,FALSE,FALSE,FALSE,TRUE,FALSE
491,33,Male,Phone,Clothing,214.36,L,2,Yes,14,UPI,108180,59,15,FALSE,TRUE,FALSE,FALSE,FALSE,TRUE,FALSE
492,19,Female,Shoes,Clothing,122.27,L,3,Yes,0,Debit Card,138883,17,5,FALSE,TRUE,FALSE,TRUE,FALSE,FALSE,FALSE
493,45,Male,Bag,Accessories,123.58,S,2,No,7,UPI,149343,33,17,TRUE,FALSE,FALSE,FALSE,FALSE,FALSE,TRUE
494,49,Female,Watch,Home Decor,451.69,L,2,Yes,10,Credit Card,104641,57,1,FALSE,FALSE,TRUE,TRUE,FALSE,FALSE,FALSE
495,44,Male,Shoes,Clothing,418.62,XL,4,Yes,5,PayPal,149068,96,7,FALSE,TRUE,FALSE,FALSE,FALSE,TRUE,FALSE
496,37,Female,Phone,Clothing,281.23,M,1,Yes,12,Credit Card,109228,47,10,TRUE,FALSE,FALSE,FALSE,TRUE,FALSE,FALSE
497,41,Male,Watch,Accessories,311.89,XL,3,No,9,UPI,91725,66,6,TRUE,FALSE,FALSE,FALSE,TRUE,FALSE,FALSE
498,29,Female,T-Shirt,Sports,242.42,M,5,No,11,UPI,119808,74,18,TRUE,FALSE,FALSE,TRUE,FALSE,FALSE,FALSE
499,52,Female,T-Shirt,Electronics,201.92,XL,5,Yes,6,Debit Card,65321,36,6,TRUE,FALSE,FALSE,FALSE,TRUE,FALSE,FALSE
500,50,Female,Football,Clothing,458.58,S,2,No,5,Debit Card,36558,27,11,TRUE,FALSE,FALSE,FALSE,FALSE,FALSE,TRUE
501,50,Female,Curtains,Sports,71.55,L,1,Yes,1,Debit Card,141929,53,9,TRUE,FALSE,FALSE,FALSE,FALSE,FALSE,TRUE
502,60,Male,Laptop,Home Decor,215.04,XL,1,Yes,2,Debit Card,68933,12,3,FALSE,FALSE,TRUE,TRUE,FALSE,FALSE,FALSE
503,54,Male,Bag,Sports,178.84,L,3,No,7,Cash,135428,91,7,TRUE,FALSE,FALSE,FALSE,FALSE,FALSE,TRUE
504,29,Female,Curtains,Accessories,254.09,S,3,No,3,Debit Card,108693,40,10,FALSE,FALSE,TRUE,FALSE,TRUE,FALSE,FALSE
505,20,Male,Watch,Home Decor,234.24,S,2,No,12,UPI,21940,56,14,TRUE,FALSE,FALSE,FALSE,FALSE,TRUE,FALSE
506,18,Male,Shoes,Home Decor,264.26,L,2,Yes,14,UPI,87718,1,13,TRUE,FALSE,FALSE,FALSE,TRUE,FALSE,FALSE
507,50,Male,Watch,Sports,78.56,L,2,No,7,PayPal,34955,57,14,TRUE,FALSE,FALSE,FALSE,TRUE,FALSE,FALSE
508,57,Male,Shoes,Accessories,261.44,M,4,Yes,2,Credit Card,92732,31,8,TRUE,FALSE,FALSE,FALSE,FALSE,TRUE,FALSE
509,27,Male,Shoes,Clothing,128.79,L,1,No,1,Cash,144148,52,13,TRUE,FALSE,FALSE,TRUE,FALSE,FALSE,FALSE
510,60,Female,Curtains,Sports,100.32,L,2,Yes,6,Cash,144567,36,12,FALSE,TRUE,FALSE,FALSE,FALSE,TRUE,FALSE
511,61,Female,Laptop,Clothing,41.77,M,1,Yes,0,PayPal,148021,62,11,TRUE,FALSE,FALSE,TRUE,FALSE,FALSE,FALSE
512,46,Female,Football,Sports,383.7,XL,5,Yes,10,PayPal,50813,95,11,TRUE,FALSE,FALSE,FALSE,FALSE,FALSE,TRUE
513,30,Female,Curtains,Clothing,219.45,M,5,No,2,Debit Card,133844,23,11,FALSE,FALSE,TRUE,FALSE,FALSE,FALSE,TRUE
514,29,Male,Laptop,Sports,317.06,XL,1,No,1,PayPal,92716,27,16,FALSE,TRUE,FALSE,FALSE,TRUE,FALSE,FALSE
515,48,Male,T-Shirt,Home Decor,366.52,XL,5,No,4,Cash,121054,18,5,TRUE,FALSE,FALSE,FALSE,FALSE,TRUE,FALSE
516,63,Female,T-Shirt,Electronics,342.87,XL,5,Yes,1,Credit Card,127733,76,10,FALSE,FALSE,TRUE,FALSE,TRUE,FALSE,FALSE
517,19,Male,Shoes,Home Decor,240.55,M,5,No,9,Credit Card,137405,91,14,TRUE,FALSE,FALSE,TRUE,FALSE,FALSE,FALSE
518,52,Male,Phone,Clothing,200.07,M,3,No,4,Cash,111688,32,16,TRUE,FALSE,FALSE,FALSE,TRUE,FALSE,FALSE
519,40,Female,Watch,Accessories,194.22,S,3,No,12,Debit Card,21465,32,2,FALSE,TRUE,FALSE,FALSE,TRUE,FALSE,FALSE
520,34,Male,Watch,Home Decor,323.62,XL,1,No,2,Credit Card,45419,75,12,FALSE,FALSE,TRUE,FALSE,TRUE,FALSE,FALSE
521,43,Female,Shoes,Electronics,252.45,M,1,Yes,8,Credit Card,33591,65,11,FALSE,FALSE,TRUE,FALSE,FALSE,TRUE,FALSE
522,25,Female,Phone,Clothing,426.07,S,4,No,9,Debit Card,66808,91,9,FALSE,FALSE,TRUE,FALSE,TRUE,FALSE,FALSE
523,46,Male,Bag,Home Decor,438.6,XL,3,Yes,8,Credit Card,57568,42,15,FALSE,FALSE,TRUE,FALSE,TRUE,FALSE,FALSE
524,43,Male,Laptop,Sports,93.57,M,1,Yes,7,UPI,24326,26,19,FALSE,TRUE,FALSE,FALSE,TRUE,FALSE,FALSE
525,27,Female,Bag,Accessories,76.75,M,3,Yes,12,Cash,145834,87,20,FALSE,TRUE,FALSE,FALSE,TRUE,FALSE,FALSE
526,43,Female,Bag,Clothing,318.9,M,4,Yes,4,Credit Card,57659,86,18,FALSE,TRUE,FALSE,FALSE,FALSE,TRUE,FALSE
527,51,Male,T-Shirt,Home Decor,157.6,L,1,Yes,9,Credit Card,78836,82,7,FALSE,TRUE,FALSE,FALSE,FALSE,FALSE,TRUE
528,58,Female,Bag,Clothing,19.1,S,1,No,10,Debit Card,149374,98,15,FALSE,FALSE,TRUE,TRUE,FALSE,FALSE,FALSE
529,24,Female,Watch,Sports,445.43,M,1,No,6,Credit Card,64305,89,8,TRUE,FALSE,FALSE,TRUE,FALSE,FALSE,FALSE
530,21,Female,Curtains,Electronics,121.18,L,1,Yes,1,Debit Card,76323,77,18,FALSE,FALSE,TRUE,TRUE,FALSE,FALSE,FALSE
531,62,Male,Phone,Home Decor,465.35,S,2,No,2,Cash,58287,12,17,FALSE,TRUE,FALSE,TRUE,FALSE,FALSE,FALSE
532,28,Female,Laptop,Clothing,361.54,S,3,Yes,11,UPI,40699,95,16,FALSE,TRUE,FALSE,FALSE,TRUE,FALSE,FALSE
533,46,Male,T-Shirt,Clothing,383.7,L,3,Yes,10,PayPal,36091,98,9,TRUE,FALSE,FALSE,FALSE,TRUE,FALSE,FALSE
534,53,Female,Bag,Clothing,108.72,S,3,Yes,1,Cash,113889,12,19,TRUE,FALSE,FALSE,TRUE,FALSE,FALSE,FALSE
535,42,Male,Curtains,Electronics,124.76,L,4,Yes,9,Credit Card,83033,19,15,FALSE,FALSE,TRUE,FALSE,FALSE,TRUE,FALSE
536,38,Female,Phone,Clothing,265.42,XL,2,No,10,UPI,100554,15,5,TRUE,FALSE,FALSE,TRUE,FALSE,FALSE,FALSE
537,53,Male,Shoes,Accessories,94.33,M,3,Yes,0,PayPal,26565,33,16,FALSE,TRUE,FALSE,FALSE,FALSE,FALSE,TRUE
538,27,Male,Shoes,Accessories,159.66,L,3,No,2,PayPal,105229,70,6,FALSE,TRUE,FALSE,TRUE,FALSE,FALSE,FALSE
539,54,Male,Shoes,Clothing,167.52,S,1,No,3,Credit Card,54614,22,3,TRUE,FALSE,FALSE,FALSE,FALSE,FALSE,TRUE
540,26,Female,Watch,Accessories,88.22,S,1,No,11,PayPal,111698,69,14,TRUE,FALSE,FALSE,FALSE,TRUE,FALSE,FALSE
541,41,Female,Laptop,Home Decor,110.54,XL,1,No,8,PayPal,23851,43,18,TRUE,FALSE,FALSE,FALSE,TRUE,FALSE,FALSE
542,52,Female,Shoes,Accessories,396.39,XL,3,Yes,11,Cash,79490,76,20,TRUE,FALSE,FALSE,FALSE,FALSE,TRUE,FALSE
543,52,Male,Watch,Clothing,91.93,XL,1,No,1,Cash,98518,91,19,TRUE,FALSE,FALSE,TRUE,FALSE,FALSE,FALSE
544,53,Female,Football,Sports,23.94,XL,3,Yes,8,PayPal,47712,40,11,FALSE,TRUE,FALSE,FALSE,FALSE,FALSE,TRUE
545,35,Male,Watch,Home Decor,318.38,XL,4,No,0,Debit Card,58083,76,18,TRUE,FALSE,FALSE,FALSE,TRUE,FALSE,FALSE
546,56,Female,T-Shirt,Electronics,488.23,M,4,Yes,8,Credit Card,74022,71,13,TRUE,FALSE,FALSE,FALSE,FALSE,TRUE,FALSE
547,49,Male,Watch,Clothing,172.29,L,5,Yes,5,Debit Card,80388,8,15,FALSE,TRUE,FALSE,TRUE,FALSE,FALSE,FALSE
548,41,Male,Laptop,Electronics,68.14,XL,2,No,7,Debit Card,60765,19,18,FALSE,FALSE,TRUE,TRUE,FALSE,FALSE,FALSE
549,40,Male,Curtains,Sports,289.49,XL,1,No,2,PayPal,102948,44,7,FALSE,TRUE,FALSE,FALSE,FALSE,FALSE,TRUE
550,49,Female,Bag,Electronics,454.11,M,1,No,7,Credit Card,99249,2,14,TRUE,FALSE,FALSE,FALSE,FALSE,FALSE,TRUE
551,54,Female,Watch,Clothing,394.19,L,2,Yes,10,Debit Card,101859,13,7,FALSE,TRUE,FALSE,FALSE,TRUE,FALSE,FALSE
552,29,Female,Shoes,Clothing,315.03,XL,2,No,8,Cash,54443,1,14,TRUE,FALSE,FALSE,FALSE,FALSE,FALSE,TRUE
553,30,Male,T-Shirt,Sports,164.38,L,5,No,6,Cash,91136,75,9,FALSE,FALSE,TRUE,FALSE,TRUE,FALSE,FALSE
554,40,Male,Phone,Clothing,275.52,L,2,No,3,Credit Card,123211,67,10,FALSE,FALSE,TRUE,FALSE,FALSE,TRUE,FALSE
555,42,Female,Shoes,Sports,54.71,M,3,Yes,5,Debit Card,52213,49,12,FALSE,TRUE,FALSE,FALSE,TRUE,FALSE,FALSE
556,52,Female,T-Shirt,Sports,342.68,M,1,No,5,UPI,84767,20,2,TRUE,FALSE,FALSE,FALSE,FALSE,TRUE,FALSE
557,58,Female,Football,Clothing,365.3,XL,2,No,1,UPI,100025,58,13,TRUE,FALSE,FALSE,FALSE,TRUE,FALSE,FALSE
558,47,Male,Bag,Accessories,482.87,S,3,Yes,1,Credit Card,50807,97,6,TRUE,FALSE,FALSE,FALSE,FALSE,FALSE,TRUE
559,34,Male,Phone,Sports,137.59,M,2,No,10,Credit Card,148674,20,17,TRUE,FALSE,FALSE,FALSE,TRUE,FALSE,FALSE
560,37,Male,Football,Clothing,19.04,L,3,Yes,4,UPI,118478,23,2,TRUE,FALSE,FALSE,FALSE,TRUE,FALSE,FALSE
561,42,Male,Curtains,Accessories,277.35,L,4,Yes,0,Debit Card,56907,89,9,TRUE,FALSE,FALSE,FALSE,FALSE,TRUE,FALSE
562,39,Male,T-Shirt,Sports,356.33,XL,3,Yes,4,Debit Card,102099,49,11,TRUE,FALSE,FALSE,FALSE,FALSE,FALSE,TRUE
563,30,Female,Football,Accessories,397.3,XL,5,Yes,9,PayPal,96251,2,16,FALSE,FALSE,TRUE,FALSE,FALSE,TRUE,FALSE
564,36,Male,Bag,Home Decor,104.93,XL,3,Yes,14,Credit Card,48671,89,2,FALSE,TRUE,FALSE,FALSE,FALSE,TRUE,FALSE
565,53,Male,Bag,Home Decor,138.26,L,2,Yes,2,Debit Card,110154,24,4,FALSE,TRUE,FALSE,FALSE,FALSE,TRUE,FALSE
566,29,Male,Curtains,Accessories,261.17,M,4,Yes,2,UPI,21748,94,9,FALSE,FALSE,TRUE,FALSE,FALSE,TRUE,FALSE
567,58,Male,Bag,Sports,171.99,S,4,Yes,7,UPI,136455,32,13,FALSE,FALSE,TRUE,FALSE,FALSE,TRUE,FALSE
568,36,Male,T-Shirt,Clothing,431.65,M,3,Yes,10,Cash,25752,12,6,FALSE,TRUE,FALSE,TRUE,FALSE,FALSE,FALSE
569,29,Female,T-Shirt,Electronics,242.14,S,2,Yes,2,Debit Card,115397,65,7,TRUE,FALSE,FALSE,TRUE,FALSE,FALSE,FALSE
570,26,Male,Bag,Clothing,401.79,M,4,Yes,2,PayPal,54954,97,10,TRUE,FALSE,FALSE,FALSE,FALSE,FALSE,TRUE
571,24,Male,Football,Electronics,294.5,XL,3,Yes,0,PayPal,90527,81,12,FALSE,FALSE,TRUE,FALSE,TRUE,FALSE,FALSE
572,45,Male,T-Shirt,Electronics,388.81,L,3,Yes,13,Credit Card,122381,67,2,FALSE,TRUE,FALSE,TRUE,FALSE,FALSE,FALSE
573,31,Female,Shoes,Sports,173.01,S,3,Yes,7,Cash,34195,69,10,FALSE,FALSE,TRUE,TRUE,FALSE,FALSE,FALSE
574,48,Female,Bag,Accessories,417.39,M,4,No,12,UPI,60150,31,16,FALSE,TRUE,FALSE,FALSE,FALSE,FALSE,TRUE
575,36,Female,T-Shirt,Clothing,144.54,L,1,Yes,14,UPI,27039,16,7,FALSE,FALSE,TRUE,FALSE,TRUE,FALSE,FALSE
576,64,Male,Laptop,Accessories,277.59,S,2,No,13,Credit Card,90445,78,20,FALSE,FALSE,TRUE,FALSE,FALSE,TRUE,FALSE
577,33,Female,Curtains,Home Decor,114.86,S,5,No,9,PayPal,72940,14,2,FALSE,TRUE,FALSE,FALSE,FALSE,TRUE,FALSE
578,22,Male,Bag,Sports,243.01,L,5,No,9,PayPal,66527,71,4,TRUE,FALSE,FALSE,FALSE,FALSE,TRUE,FALSE
579,52,Male,T-Shirt,Sports,165.91,XL,2,No,5,UPI,71823,6,6,TRUE,FALSE,FALSE,TRUE,FALSE,FALSE,FALSE
580,29,Female,Laptop,Home Decor,140.68,L,1,No,10,Credit Card,116412,93,18,FALSE,TRUE,FALSE,FALSE,TRUE,FALSE,FALSE
581,42,Male,T-Shirt,Clothing,483.82,XL,2,No,7,Debit Card,126308,60,18,TRUE,FALSE,FALSE,FALSE,FALSE,TRUE,FALSE
582,38,Male,T-Shirt,Home Decor,88.44,M,3,Yes,2,Cash,39830,4,3,FALSE,FALSE,TRUE,FALSE,FALSE,TRUE,FALSE
583,53,Male,Football,Clothing,395.79,M,2,No,13,PayPal,144550,65,17,FALSE,TRUE,FALSE,FALSE,FALSE,TRUE,FALSE
584,40,Female,Shoes,Electronics,492.24,L,2,Yes,10,PayPal,117091,99,1,FALSE,TRUE,FALSE,TRUE,FALSE,FALSE,FALSE
585,33,Male,Bag,Sports,19.75,XL,4,Yes,5,PayPal,109047,97,19,TRUE,FALSE,FALSE,FALSE,FALSE,FALSE,TRUE
586,56,Male,Curtains,Clothing,352.52,M,5,No,14,Debit Card,119314,87,6,TRUE,FALSE,FALSE,TRUE,FALSE,FALSE,FALSE
587,62,Female,Bag,Accessories,133.93,XL,5,Yes,11,Debit Card,35435,67,17,FALSE,FALSE,TRUE,TRUE,FALSE,FALSE,FALSE
588,59,Male,Shoes,Accessories,29.84,XL,3,Yes,1,Cash,66814,95,19,TRUE,FALSE,FALSE,FALSE,FALSE,FALSE,TRUE
589,56,Male,Phone,Sports,207.42,XL,3,No,2,PayPal,133683,97,13,FALSE,FALSE,TRUE,TRUE,FALSE,FALSE,FALSE
590,31,Female,Football,Home Decor,468.26,L,4,Yes,12,UPI,108952,62,20,TRUE,FALSE,FALSE,TRUE,FALSE,FALSE,FALSE
591,48,Male,Football,Home Decor,15.76,XL,3,No,3,PayPal,112217,20,13,FALSE,FALSE,TRUE,TRUE,FALSE,FALSE,FALSE
592,22,Male,Shoes,Clothing,298.06,L,1,No,8,Cash,104065,92,9,TRUE,FALSE,FALSE,FALSE,FALSE,TRUE,FALSE
593,52,Male,Watch,Home Decor,255.68,M,4,No,14,Cash,122815,35,20,FALSE,TRUE,FALSE,TRUE,FALSE,FALSE,FALSE
594,40,Male,Football,Sports,437.96,M,4,No,11,UPI,115889,31,7,FALSE,FALSE,TRUE,FALSE,FALSE,FALSE,TRUE
595,46,Male,Bag,Clothing,51.16,S,2,No,3,Debit Card,50706,48,5,FALSE,TRUE,FALSE,TRUE,FALSE,FALSE,FALSE
596,60,Female,Shoes,Electronics,343.95,S,2,Yes,6,UPI,29873,17,10,FALSE,TRUE,FALSE,FALSE,TRUE,FALSE,FALSE
597,28,Female,Football,Home Decor,343.25,M,1,No,11,Cash,82628,11,7,FALSE,TRUE,FALSE,FALSE,FALSE,FALSE,TRUE
598,35,Female,T-Shirt,Home Decor,337.85,XL,4,No,7,UPI,142042,64,8,FALSE,FALSE,TRUE,TRUE,FALSE,FALSE,FALSE
599,64,Female,Shoes,Clothing,471.74,XL,4,Yes,4,PayPal,112695,15,6,TRUE,FALSE,FALSE,FALSE,TRUE,FALSE,FALSE
600,29,Male,Shoes,Accessories,413.31,M,2,No,14,Cash,93041,59,13,TRUE,FALSE,FALSE,FALSE,FALSE,FALSE,TRUE
601,26,Male,Bag,Home Decor,30.57,M,5,No,1,Debit Card,142950,68,1,TRUE,FALSE,FALSE,FALSE,FALSE,FALSE,TRUE
602,27,Male,Laptop,Sports,240.83,S,5,No,14,Debit Card,113986,21,5,FALSE,TRUE,FALSE,FALSE,FALSE,FALSE,TRUE
603,61,Male,Football,Home Decor,205,XL,2,No,10,UPI,50848,83,11,FALSE,FALSE,TRUE,TRUE,FALSE,FALSE,FALSE
604,34,Male,Football,Electronics,161.97,M,3,No,7,UPI,68842,84,17,FALSE,TRUE,FALSE,TRUE,FALSE,FALSE,FALSE
605,55,Female,Shoes,Home Decor,231.15,S,4,No,4,UPI,108023,81,7,TRUE,FALSE,FALSE,FALSE,FALSE,FALSE,TRUE
606,24,Female,T-Shirt,Accessories,198.26,S,1,No,4,PayPal,97883,4,5,FALSE,FALSE,TRUE,FALSE,TRUE,FALSE,FALSE
607,63,Male,T-Shirt,Home Decor,221.84,XL,5,Yes,6,Debit Card,95052,76,10,FALSE,FALSE,TRUE,TRUE,FALSE,FALSE,FALSE
608,30,Male,Curtains,Clothing,489.84,S,3,No,5,Cash,59617,66,17,TRUE,FALSE,FALSE,FALSE,FALSE,TRUE,FALSE
609,57,Male,T-Shirt,Home Decor,53.43,S,4,Yes,2,Cash,147491,58,10,FALSE,FALSE,TRUE,FALSE,FALSE,TRUE,FALSE
610,59,Female,Football,Accessories,461.89,L,3,No,13,Debit Card,34579,85,16,FALSE,FALSE,TRUE,FALSE,FALSE,FALSE,TRUE
611,26,Male,Watch,Clothing,245.32,M,4,No,13,UPI,75517,34,13,TRUE,FALSE,FALSE,FALSE,TRUE,FALSE,FALSE
612,44,Male,Laptop,Sports,315.63,XL,4,No,6,Credit Card,71025,99,8,FALSE,FALSE,TRUE,FALSE,FALSE,TRUE,FALSE
613,19,Male,Shoes,Clothing,416.79,M,2,Yes,11,UPI,127670,43,8,FALSE,FALSE,TRUE,TRUE,FALSE,FALSE,FALSE
614,22,Female,Phone,Electronics,186.63,L,2,Yes,13,Debit Card,75826,28,18,FALSE,FALSE,TRUE,TRUE,FALSE,FALSE,FALSE
615,46,Male,Laptop,Clothing,220.91,XL,1,Yes,0,PayPal,125487,76,17,FALSE,TRUE,FALSE,FALSE,FALSE,FALSE,TRUE
616,54,Female,Bag,Sports,210.66,M,1,No,3,UPI,97386,98,20,TRUE,FALSE,FALSE,FALSE,TRUE,FALSE,FALSE
617,55,Female,Bag,Home Decor,193.62,S,3,No,3,Cash,48728,13,15,TRUE,FALSE,FALSE,TRUE,FALSE,FALSE,FALSE
618,36,Female,Watch,Clothing,463.51,XL,2,Yes,5,PayPal,48577,73,2,FALSE,FALSE,TRUE,FALSE,FALSE,FALSE,TRUE
619,25,Female,Phone,Clothing,416.18,L,4,Yes,5,Debit Card,82086,32,6,FALSE,FALSE,TRUE,FALSE,FALSE,TRUE,FALSE
620,62,Female,Laptop,Clothing,63.41,S,2,No,9,Credit Card,127354,18,14,TRUE,FALSE,FALSE,FALSE,FALSE,TRUE,FALSE
621,18,Female,T-Shirt,Clothing,62.98,L,4,No,7,UPI,81007,41,14,FALSE,TRUE,FALSE,TRUE,FALSE,FALSE,FALSE
622,39,Male,Football,Sports,219.66,S,2,No,11,PayPal,124709,11,1,TRUE,FALSE,FALSE,FALSE,FALSE,TRUE,FALSE
623,34,Male,Watch,Accessories,58.34,M,4,Yes,0,PayPal,135860,45,18,FALSE,TRUE,FALSE,FALSE,FALSE,FALSE,TRUE
624,24,Male,Phone,Accessories,313.36,M,3,Yes,12,Cash,122226,57,16,FALSE,FALSE,TRUE,TRUE,FALSE,FALSE,FALSE
625,42,Female,Watch,Clothing,80.41,M,2,No,6,UPI,87028,3,9,FALSE,TRUE,FALSE,FALSE,FALSE,TRUE,FALSE
626,62,Male,Laptop,Sports,265.96,L,5,No,13,Credit Card,31172,8,1,FALSE,FALSE,TRUE,FALSE,FALSE,FALSE,TRUE
627,21,Female,Football,Sports,13.54,XL,5,No,3,PayPal,148505,3,14,TRUE,FALSE,FALSE,TRUE,FALSE,FALSE,FALSE
628,53,Female,Watch,Clothing,165.13,M,4,Yes,12,Cash,39967,27,18,FALSE,FALSE,TRUE,TRUE,FALSE,FALSE,FALSE
629,23,Female,Phone,Electronics,341.82,L,3,No,5,UPI,136946,95,20,FALSE,FALSE,TRUE,TRUE,FALSE,FALSE,FALSE
630,48,Male,Shoes,Clothing,247.18,S,4,Yes,9,UPI,144637,8,18,FALSE,TRUE,FALSE,TRUE,FALSE,FALSE,FALSE
631,36,Female,Laptop,Electronics,489.35,M,3,Yes,14,Credit Card,128814,21,8,FALSE,FALSE,TRUE,FALSE,TRUE,FALSE,FALSE
632,61,Female,Shoes,Clothing,438.31,S,1,Yes,13,Cash,130620,31,6,TRUE,FALSE,FALSE,FALSE,FALSE,FALSE,TRUE
633,56,Male,T-Shirt,Electronics,185.94,M,2,No,8,Credit Card,38795,17,11,FALSE,TRUE,FALSE,TRUE,FALSE,FALSE,FALSE
634,44,Male,Shoes,Electronics,32.29,S,3,No,2,PayPal,133538,47,10,FALSE,TRUE,FALSE,FALSE,FALSE,FALSE,TRUE
635,27,Female,Shoes,Clothing,424.36,L,4,Yes,7,Debit Card,118690,4,15,FALSE,FALSE,TRUE,FALSE,FALSE,TRUE,FALSE
636,43,Female,Curtains,Electronics,456.5,M,1,Yes,2,Debit Card,42096,82,1,TRUE,FALSE,FALSE,TRUE,FALSE,FALSE,FALSE
637,36,Male,Laptop,Home Decor,412.11,L,4,No,5,Credit Card,147115,45,17,FALSE,FALSE,TRUE,TRUE,FALSE,FALSE,FALSE
638,56,Male,T-Shirt,Accessories,72.7,L,5,Yes,1,Credit Card,45727,11,15,FALSE,TRUE,FALSE,FALSE,FALSE,TRUE,FALSE
639,20,Male,Shoes,Sports,498.98,S,5,No,8,Debit Card,31166,36,3,TRUE,FALSE,FALSE,FALSE,FALSE,FALSE,TRUE
640,62,Female,Bag,Electronics,136.71,M,2,No,13,PayPal,90504,19,4,FALSE,TRUE,FALSE,FALSE,FALSE,TRUE,FALSE
641,30,Male,Football,Electronics,364.86,XL,2,No,12,Credit Card,57273,46,20,FALSE,TRUE,FALSE,FALSE,FALSE,TRUE,FALSE
642,45,Male,Phone,Sports,454.94,XL,1,No,1,PayPal,129388,26,20,TRUE,FALSE,FALSE,FALSE,FALSE,FALSE,TRUE
643,37,Male,Shoes,Electronics,125.49,L,5,Yes,11,PayPal,39457,53,7,TRUE,FALSE,FALSE,TRUE,FALSE,FALSE,FALSE
644,45,Female,T-Shirt,Sports,455.05,S,3,No,4,Cash,105893,89,18,FALSE,TRUE,FALSE,FALSE,TRUE,FALSE,FALSE
645,25,Male,Shoes,Clothing,161.65,S,5,Yes,5,PayPal,58477,59,20,FALSE,FALSE,TRUE,FALSE,FALSE,TRUE,FALSE
646,58,Male,Phone,Home Decor,488.44,S,2,Yes,3,UPI,144580,72,14,TRUE,FALSE,FALSE,FALSE,FALSE,FALSE,TRUE
647,56,Male,T-Shirt,Home Decor,147.82,M,4,Yes,11,Debit Card,91691,20,20,FALSE,TRUE,FALSE,FALSE,FALSE,TRUE,FALSE
648,18,Male,Laptop,Accessories,477.18,M,1,No,6,Debit Card,118801,54,18,FALSE,TRUE,FALSE,FALSE,TRUE,FALSE,FALSE
649,20,Male,T-Shirt,Electronics,36.24,S,5,No,12,Credit Card,58995,7,9,FALSE,TRUE,FALSE,FALSE,FALSE,FALSE,TRUE
650,30,Female,Laptop,Accessories,357.54,XL,3,Yes,6,Credit Card,59968,45,14,FALSE,FALSE,TRUE,FALSE,FALSE,FALSE,TRUE
651,45,Female,T-Shirt,Clothing,270.73,XL,3,No,11,Cash,49602,5,13,TRUE,FALSE,FALSE,FALSE,FALSE,TRUE,FALSE
652,42,Female,Bag,Home Decor,244.16,M,3,No,6,Cash,85383,15,13,TRUE,FALSE,FALSE,FALSE,TRUE,FALSE,FALSE
653,50,Male,Watch,Clothing,119.51,S,1,No,10,UPI,49591,49,11,FALSE,FALSE,TRUE,TRUE,FALSE,FALSE,FALSE
654,55,Female,Phone,Clothing,355.74,XL,3,No,6,Credit Card,42233,44,20,FALSE,TRUE,FALSE,TRUE,FALSE,FALSE,FALSE
655,23,Female,Phone,Electronics,103.5,XL,3,No,12,Debit Card,47913,97,12,TRUE,FALSE,FALSE,FALSE,TRUE,FALSE,FALSE
656,61,Female,T-Shirt,Clothing,280.89,M,5,Yes,9,UPI,111282,43,8,TRUE,FALSE,FALSE,FALSE,FALSE,FALSE,TRUE
657,62,Male,Watch,Home Decor,134.09,M,1,No,10,Credit Card,91212,6,4,FALSE,FALSE,TRUE,FALSE,FALSE,TRUE,FALSE
658,49,Male,Shoes,Accessories,478.25,XL,4,No,9,UPI,97053,38,20,TRUE,FALSE,FALSE,TRUE,FALSE,FALSE,FALSE
659,62,Female,Phone,Home Decor,24.03,S,4,Yes,8,PayPal,142022,15,8,FALSE,FALSE,TRUE,FALSE,FALSE,FALSE,TRUE
660,64,Female,Bag,Electronics,107.87,XL,3,No,1,PayPal,101189,23,7,TRUE,FALSE,FALSE,FALSE,TRUE,FALSE,FALSE
661,38,Male,Laptop,Home Decor,128.73,XL,2,Yes,4,UPI,23982,23,20,TRUE,FALSE,FALSE,TRUE,FALSE,FALSE,FALSE
662,33,Male,Laptop,Sports,212.89,S,1,Yes,9,Credit Card,137267,1,9,FALSE,TRUE,FALSE,FALSE,TRUE,FALSE,FALSE
663,38,Female,Football,Accessories,124.04,M,2,No,8,PayPal,48433,64,7,FALSE,FALSE,TRUE,FALSE,TRUE,FALSE,FALSE
664,28,Male,Curtains,Sports,250.76,S,1,Yes,11,PayPal,61504,11,2,FALSE,TRUE,FALSE,FALSE,FALSE,FALSE,TRUE
665,54,Female,Watch,Sports,437.51,S,1,Yes,12,UPI,28498,3,2,FALSE,FALSE,TRUE,FALSE,FALSE,TRUE,FALSE
666,53,Male,Curtains,Electronics,358.91,S,5,No,13,PayPal,56556,17,17,FALSE,FALSE,TRUE,TRUE,FALSE,FALSE,FALSE
667,52,Female,Curtains,Clothing,294.18,S,3,Yes,10,Debit Card,106179,13,16,FALSE,TRUE,FALSE,FALSE,TRUE,FALSE,FALSE
668,36,Female,Laptop,Sports,53.61,M,5,No,10,PayPal,119265,29,16,FALSE,TRUE,FALSE,FALSE,FALSE,FALSE,TRUE
669,37,Male,Bag,Home Decor,350.06,XL,2,Yes,1,UPI,50946,68,13,FALSE,FALSE,TRUE,TRUE,FALSE,FALSE,FALSE
670,35,Female,Bag,Clothing,91.54,L,2,No,2,PayPal,112948,100,16,FALSE,FALSE,TRUE,FALSE,TRUE,FALSE,FALSE
671,64,Female,Football,Home Decor,395.32,M,4,Yes,6,PayPal,90897,51,7,TRUE,FALSE,FALSE,FALSE,FALSE,FALSE,TRUE
672,58,Female,Curtains,Home Decor,132.53,S,5,No,8,Cash,21516,51,10,FALSE,FALSE,TRUE,FALSE,TRUE,FALSE,FALSE
673,31,Male,Curtains,Clothing,214.35,XL,5,No,13,UPI,145115,47,19,TRUE,FALSE,FALSE,FALSE,FALSE,TRUE,FALSE
674,32,Male,T-Shirt,Clothing,181.73,XL,5,Yes,14,UPI,32118,28,16,FALSE,TRUE,FALSE,FALSE,TRUE,FALSE,FALSE
675,48,Male,T-Shirt,Home Decor,430.82,S,4,Yes,2,Cash,146544,31,18,FALSE,TRUE,FALSE,FALSE,FALSE,TRUE,FALSE
676,18,Female,T-Shirt,Electronics,72.01,M,5,No,14,Cash,138794,30,11,FALSE,TRUE,FALSE,FALSE,FALSE,TRUE,FALSE
677,20,Male,Shoes,Accessories,287.17,S,5,Yes,9,Debit Card,54027,9,14,TRUE,FALSE,FALSE,FALSE,TRUE,FALSE,FALSE
678,33,Female,Curtains,Accessories,79.61,XL,5,Yes,7,PayPal,99198,59,7,FALSE,TRUE,FALSE,FALSE,FALSE,TRUE,FALSE
679,40,Female,Bag,Electronics,355.35,XL,5,Yes,10,Credit Card,89376,74,15,FALSE,FALSE,TRUE,TRUE,FALSE,FALSE,FALSE
680,28,Male,Bag,Clothing,453.49,M,2,No,14,Credit Card,97141,39,6,FALSE,FALSE,TRUE,FALSE,FALSE,TRUE,FALSE
681,29,Male,Shoes,Home Decor,222.96,L,3,No,7,Cash,102270,49,18,TRUE,FALSE,FALSE,FALSE,TRUE,FALSE,FALSE
682,27,Female,Bag,Accessories,249.17,S,2,No,11,UPI,64176,83,8,TRUE,FALSE,FALSE,FALSE,FALSE,FALSE,TRUE
683,49,Female,Football,Home Decor,464.44,L,5,Yes,3,UPI,104356,95,1,TRUE,FALSE,FALSE,TRUE,FALSE,FALSE,FALSE
684,33,Male,Watch,Electronics,265.29,XL,1,Yes,10,Debit Card,54686,69,7,FALSE,FALSE,TRUE,FALSE,FALSE,TRUE,FALSE
685,25,Male,Laptop,Home Decor,248.92,L,1,Yes,12,Credit Card,113953,89,16,FALSE,TRUE,FALSE,FALSE,TRUE,FALSE,FALSE
686,55,Male,Curtains,Electronics,293.38,S,4,No,5,UPI,91962,60,18,TRUE,FALSE,FALSE,FALSE,FALSE,FALSE,TRUE
687,29,Female,Bag,Clothing,347.72,S,2,No,10,Debit Card,79772,12,15,TRUE,FALSE,FALSE,TRUE,FALSE,FALSE,FALSE
688,41,Female,Laptop,Electronics,62.37,XL,4,No,11,Debit Card,26423,67,9,FALSE,TRUE,FALSE,FALSE,TRUE,FALSE,FALSE
689,45,Female,Bag,Electronics,412.34,M,4,No,7,Cash,135447,20,3,FALSE,FALSE,TRUE,TRUE,FALSE,FALSE,FALSE
690,25,Female,Watch,Accessories,223.4,M,1,Yes,11,Credit Card,99590,91,12,FALSE,TRUE,FALSE,FALSE,TRUE,FALSE,FALSE
691,45,Female,T-Shirt,Home Decor,45.45,XL,2,Yes,8,Debit Card,81358,97,17,FALSE,TRUE,FALSE,FALSE,FALSE,TRUE,FALSE
692,53,Male,Curtains,Accessories,395.23,S,3,Yes,1,Debit Card,111912,64,5,FALSE,TRUE,FALSE,TRUE,FALSE,FALSE,FALSE
693,43,Male,Phone,Sports,194.71,M,2,No,0,Debit Card,140857,58,18,FALSE,TRUE,FALSE,FALSE,TRUE,FALSE,FALSE
694,25,Female,Shoes,Electronics,59.18,L,4,Yes,4,Credit Card,141863,2,1,TRUE,FALSE,FALSE,FALSE,TRUE,FALSE,FALSE
695,45,Female,Shoes,Sports,320.55,XL,5,Yes,9,Cash,145219,94,14,TRUE,FALSE,FALSE,TRUE,FALSE,FALSE,FALSE
696,45,Male,Curtains,Accessories,441.26,L,4,No,2,PayPal,25339,99,8,FALSE,TRUE,FALSE,FALSE,FALSE,FALSE,TRUE
697,54,Male,Watch,Home Decor,445,S,2,No,10,UPI,112239,83,10,FALSE,TRUE,FALSE,TRUE,FALSE,FALSE,FALSE
698,58,Male,T-Shirt,Accessories,479.26,M,1,Yes,12,Credit Card,22105,42,13,TRUE,FALSE,FALSE,TRUE,FALSE,FALSE,FALSE
699,53,Male,Shoes,Home Decor,435.18,S,2,No,5,Credit Card,132995,96,14,TRUE,FALSE,FALSE,TRUE,FALSE,FALSE,FALSE
700,44,Female,T-Shirt,Home Decor,11.05,L,3,Yes,11,Credit Card,50630,89,2,FALSE,FALSE,TRUE,FALSE,FALSE,FALSE,TRUE
701,34,Male,Football,Clothing,196.32,S,5,Yes,13,PayPal,134272,20,5,FALSE,TRUE,FALSE,TRUE,FALSE,FALSE,FALSE
702,26,Female,Laptop,Electronics,411.09,S,5,No,10,UPI,46751,71,5,FALSE,FALSE,TRUE,FALSE,FALSE,TRUE,FALSE
703,50,Male,Watch,Accessories,189.46,XL,4,No,0,UPI,76264,93,18,TRUE,FALSE,FALSE,FALSE,FALSE,FALSE,TRUE
704,37,Male,Phone,Home Decor,304.76,XL,2,Yes,11,Debit Card,104497,82,19,FALSE,FALSE,TRUE,TRUE,FALSE,FALSE,FALSE
705,30,Male,Laptop,Accessories,307.1,S,1,No,10,Debit Card,117331,30,20,TRUE,FALSE,FALSE,FALSE,FALSE,FALSE,TRUE
706,45,Female,Laptop,Accessories,188.86,XL,3,No,3,Cash,111327,23,11,FALSE,FALSE,TRUE,FALSE,FALSE,FALSE,TRUE
707,46,Female,Football,Home Decor,453.19,S,4,Yes,5,Credit Card,94532,28,15,FALSE,TRUE,FALSE,FALSE,TRUE,FALSE,FALSE
708,30,Male,Shoes,Sports,256.58,L,2,Yes,1,Cash,102086,43,12,FALSE,FALSE,TRUE,FALSE,FALSE,TRUE,FALSE
709,63,Female,Phone,Electronics,237.74,XL,1,Yes,10,Credit Card,37986,92,20,FALSE,TRUE,FALSE,FALSE,FALSE,TRUE,FALSE
710,52,Female,Shoes,Electronics,498.78,S,2,No,10,UPI,89058,98,8,FALSE,FALSE,TRUE,FALSE,FALSE,FALSE,TRUE
711,23,Male,Curtains,Clothing,251.82,XL,1,No,7,Cash,118496,52,11,TRUE,FALSE,FALSE,TRUE,FALSE,FALSE,FALSE
712,35,Male,Laptop,Clothing,97.42,S,2,No,3,UPI,91193,71,10,FALSE,TRUE,FALSE,FALSE,FALSE,TRUE,FALSE
713,22,Female,Curtains,Clothing,261.4,XL,2,Yes,1,Debit Card,123580,100,1,FALSE,TRUE,FALSE,FALSE,TRUE,FALSE,FALSE
714,64,Female,T-Shirt,Electronics,408.87,M,4,No,0,UPI,109366,56,5,FALSE,FALSE,TRUE,FALSE,FALSE,FALSE,TRUE
715,42,Female,Laptop,Sports,390.66,S,2,Yes,7,PayPal,125891,12,12,TRUE,FALSE,FALSE,TRUE,FALSE,FALSE,FALSE
716,19,Male,Shoes,Electronics,396.41,M,2,No,9,Cash,20951,78,14,FALSE,FALSE,TRUE,FALSE,FALSE,FALSE,TRUE
717,27,Male,Laptop,Electronics,356.93,S,4,Yes,0,Credit Card,65595,74,8,TRUE,FALSE,FALSE,TRUE,FALSE,FALSE,FALSE
718,47,Female,T-Shirt,Electronics,134.57,M,4,No,6,UPI,141272,58,10,FALSE,FALSE,TRUE,FALSE,FALSE,TRUE,FALSE
719,62,Male,Football,Electronics,432.42,S,5,Yes,6,Cash,59544,88,3,FALSE,FALSE,TRUE,FALSE,TRUE,FALSE,FALSE
720,22,Male,Curtains,Sports,447.79,XL,5,Yes,12,Credit Card,34248,73,18,FALSE,TRUE,FALSE,FALSE,FALSE,TRUE,FALSE
721,50,Female,Bag,Clothing,105.13,M,4,Yes,5,Cash,81876,25,3,TRUE,FALSE,FALSE,FALSE,TRUE,FALSE,FALSE
722,18,Female,Curtains,Accessories,73.92,XL,3,Yes,7,Cash,114489,27,7,FALSE,FALSE,TRUE,FALSE,FALSE,TRUE,FALSE
723,35,Male,Shoes,Clothing,488.05,S,1,No,9,PayPal,118809,22,1,TRUE,FALSE,FALSE,FALSE,FALSE,TRUE,FALSE
724,49,Male,Laptop,Clothing,435.48,XL,4,No,0,UPI,22551,87,6,FALSE,TRUE,FALSE,FALSE,FALSE,TRUE,FALSE
725,64,Female,Shoes,Accessories,447.69,S,5,No,11,PayPal,86496,89,11,FALSE,TRUE,FALSE,FALSE,TRUE,FALSE,FALSE
726,28,Male,Football,Electronics,444.32,XL,2,No,0,Debit Card,48203,24,5,TRUE,FALSE,FALSE,TRUE,FALSE,FALSE,FALSE
727,38,Male,Laptop,Sports,275.43,M,4,No,12,Cash,33383,86,12,FALSE,FALSE,TRUE,TRUE,FALSE,FALSE,FALSE
728,43,Female,Bag,Sports,326.74,S,4,Yes,0,UPI,93672,91,3,FALSE,TRUE,FALSE,FALSE,TRUE,FALSE,FALSE
729,42,Female,Laptop,Clothing,277.23,XL,5,No,5,Debit Card,42087,98,5,TRUE,FALSE,FALSE,FALSE,FALSE,FALSE,TRUE
730,39,Male,Bag,Accessories,35.09,S,5,No,6,Debit Card,128317,44,13,FALSE,FALSE,TRUE,FALSE,TRUE,FALSE,FALSE
731,44,Male,Shoes,Home Decor,375.3,S,3,Yes,9,PayPal,52103,97,19,TRUE,FALSE,FALSE,TRUE,FALSE,FALSE,FALSE
732,30,Male,Shoes,Electronics,257.61,S,5,No,8,Debit Card,61763,51,16,TRUE,FALSE,FALSE,FALSE,FALSE,TRUE,FALSE
733,50,Female,T-Shirt,Clothing,327.38,L,5,No,9,Credit Card,92790,95,8,TRUE,FALSE,FALSE,FALSE,FALSE,FALSE,TRUE
734,51,Male,Watch,Sports,256.29,S,5,No,4,Credit Card,128463,60,11,TRUE,FALSE,FALSE,FALSE,FALSE,TRUE,FALSE
735,58,Male,Watch,Accessories,250.99,XL,2,Yes,0,Credit Card,100527,29,16,FALSE,FALSE,TRUE,FALSE,FALSE,FALSE,TRUE
736,52,Female,Football,Accessories,94.18,L,4,Yes,8,Debit Card,82004,51,16,TRUE,FALSE,FALSE,FALSE,FALSE,TRUE,FALSE
737,18,Female,Watch,Clothing,146.57,XL,4,No,4,Cash,128503,89,20,FALSE,TRUE,FALSE,FALSE,TRUE,FALSE,FALSE
738,38,Male,T-Shirt,Home Decor,87.84,L,5,Yes,5,UPI,145680,70,1,FALSE,TRUE,FALSE,FALSE,FALSE,TRUE,FALSE
739,23,Female,Curtains,Sports,105.88,S,3,No,8,Credit Card,50576,38,5,FALSE,TRUE,FALSE,FALSE,TRUE,FALSE,FALSE
740,45,Female,Bag,Clothing,486.76,M,5,Yes,1,Credit Card,75433,97,15,TRUE,FALSE,FALSE,TRUE,FALSE,FALSE,FALSE
741,34,Male,Laptop,Home Decor,85.03,M,3,Yes,13,Credit Card,45968,80,1,TRUE,FALSE,FALSE,TRUE,FALSE,FALSE,FALSE
742,22,Female,Shoes,Accessories,141.94,S,4,No,2,PayPal,106414,46,18,FALSE,FALSE,TRUE,FALSE,TRUE,FALSE,FALSE
743,48,Female,Laptop,Electronics,299.39,L,3,Yes,13,PayPal,143144,72,17,FALSE,FALSE,TRUE,FALSE,FALSE,TRUE,FALSE
744,22,Male,Laptop,Sports,308.99,XL,3,No,6,Credit Card,79926,43,19,TRUE,FALSE,FALSE,FALSE,TRUE,FALSE,FALSE
745,55,Female,Phone,Sports,85.45,M,1,Yes,2,Credit Card,87379,48,6,FALSE,FALSE,TRUE,FALSE,TRUE,FALSE,FALSE
746,20,Male,Curtains,Home Decor,398.92,S,3,No,14,PayPal,64308,29,12,TRUE,FALSE,FALSE,FALSE,FALSE,FALSE,TRUE
747,40,Male,Phone,Clothing,394.75,S,3,Yes,1,UPI,22777,60,1,TRUE,FALSE,FALSE,TRUE,FALSE,FALSE,FALSE
748,54,Female,Watch,Accessories,126.29,L,2,No,6,Cash,96896,19,16,FALSE,TRUE,FALSE,FALSE,FALSE,TRUE,FALSE
749,54,Female,Laptop,Home Decor,151.45,M,4,No,7,UPI,94394,57,12,FALSE,FALSE,TRUE,TRUE,FALSE,FALSE,FALSE
750,27,Female,Bag,Electronics,469.61,S,5,No,8,Cash,90557,93,14,TRUE,FALSE,FALSE,FALSE,TRUE,FALSE,FALSE
751,27,Male,Shoes,Electronics,414.58,M,1,No,1,Debit Card,135853,13,3,TRUE,FALSE,FALSE,FALSE,FALSE,TRUE,FALSE
752,36,Female,Bag,Electronics,351.92,XL,3,Yes,12,Debit Card,89565,69,9,FALSE,FALSE,TRUE,FALSE,TRUE,FALSE,FALSE
753,34,Male,Laptop,Home Decor,50.29,S,2,No,1,UPI,20671,98,7,TRUE,FALSE,FALSE,FALSE,TRUE,FALSE,FALSE
754,38,Female,Curtains,Accessories,214.95,S,2,Yes,10,PayPal,71704,44,5,TRUE,FALSE,FALSE,TRUE,FALSE,FALSE,FALSE
755,31,Female,Bag,Sports,284.06,XL,5,Yes,6,Credit Card,140827,47,5,TRUE,FALSE,FALSE,TRUE,FALSE,FALSE,FALSE
756,26,Female,Phone,Clothing,101.83,S,5,No,13,Debit Card,140394,1,19,FALSE,TRUE,FALSE,FALSE,TRUE,FALSE,FALSE
757,63,Male,Shoes,Sports,229.63,L,4,No,14,PayPal,51184,36,14,FALSE,TRUE,FALSE,FALSE,TRUE,FALSE,FALSE
758,18,Female,Laptop,Accessories,304.5,XL,3,No,3,PayPal,55972,45,7,FALSE,FALSE,TRUE,TRUE,FALSE,FALSE,FALSE
759,62,Female,Football,Sports,170.41,L,2,No,4,Cash,39594,39,20,FALSE,FALSE,TRUE,TRUE,FALSE,FALSE,FALSE
760,30,Male,Curtains,Home Decor,392.66,XL,1,Yes,0,Debit Card,52632,95,6,FALSE,FALSE,TRUE,FALSE,FALSE,FALSE,TRUE
761,21,Male,Curtains,Electronics,421.82,XL,4,No,14,UPI,50456,18,2,TRUE,FALSE,FALSE,FALSE,FALSE,FALSE,TRUE
762,18,Female,Football,Accessories,168.57,L,3,No,5,PayPal,146927,78,3,TRUE,FALSE,FALSE,FALSE,FALSE,FALSE,TRUE
763,57,Female,Bag,Accessories,420.94,XL,5,No,9,UPI,102507,40,7,FALSE,FALSE,TRUE,FALSE,TRUE,FALSE,FALSE
764,49,Female,Laptop,Sports,60.75,M,3,No,12,UPI,33869,28,2,FALSE,FALSE,TRUE,TRUE,FALSE,FALSE,FALSE
765,51,Male,Curtains,Home Decor,420.49,L,5,Yes,7,Debit Card,68727,25,13,TRUE,FALSE,FALSE,TRUE,FALSE,FALSE,FALSE
766,45,Male,Shoes,Sports,84.85,XL,3,Yes,10,UPI,123357,13,8,FALSE,FALSE,TRUE,TRUE,FALSE,FALSE,FALSE
767,48,Male,Laptop,Sports,50.63,L,1,Yes,14,UPI,30335,8,20,FALSE,FALSE,TRUE,FALSE,TRUE,FALSE,FALSE
768,25,Male,Laptop,Accessories,324.47,XL,4,No,0,Credit Card,129476,10,8,FALSE,FALSE,TRUE,TRUE,FALSE,FALSE,FALSE
769,56,Female,Phone,Sports,241.25,XL,5,Yes,1,UPI,82322,2,3,FALSE,TRUE,FALSE,FALSE,TRUE,FALSE,FALSE
770,43,Male,Curtains,Electronics,454.87,M,1,No,6,Credit Card,69107,26,6,FALSE,TRUE,FALSE,FALSE,FALSE,TRUE,FALSE
771,51,Male,Curtains,Sports,187.96,M,2,Yes,13,Debit Card,95748,5,20,FALSE,TRUE,FALSE,TRUE,FALSE,FALSE,FALSE
772,20,Male,Football,Electronics,150.7,M,1,No,1,UPI,63698,30,17,FALSE,FALSE,TRUE,FALSE,TRUE,FALSE,FALSE
773,29,Female,Phone,Accessories,255.36,XL,1,Yes,8,PayPal,24448,78,14,FALSE,TRUE,FALSE,FALSE,FALSE,FALSE,TRUE
774,18,Female,Bag,Home Decor,233.41,M,1,No,5,UPI,40399,76,11,TRUE,FALSE,FALSE,FALSE,FALSE,FALSE,TRUE
775,61,Male,Watch,Electronics,178.77,L,5,No,11,Credit Card,73610,1,15,FALSE,FALSE,TRUE,FALSE,FALSE,TRUE,FALSE
776,22,Male,Bag,Home Decor,349.93,XL,2,Yes,11,PayPal,145969,53,1,FALSE,FALSE,TRUE,FALSE,TRUE,FALSE,FALSE
777,47,Female,Bag,Home Decor,382.19,L,4,No,4,Debit Card,121758,1,15,TRUE,FALSE,FALSE,FALSE,FALSE,FALSE,TRUE
778,47,Female,Phone,Electronics,427.96,M,1,Yes,6,Cash,140289,57,8,FALSE,TRUE,FALSE,TRUE,FALSE,FALSE,FALSE
779,34,Female,Curtains,Accessories,486.7,XL,5,Yes,9,Cash,92345,21,17,FALSE,TRUE,FALSE,FALSE,TRUE,FALSE,FALSE
780,64,Female,Laptop,Clothing,140.66,L,5,Yes,7,Credit Card,26510,52,2,FALSE,FALSE,TRUE,FALSE,TRUE,FALSE,FALSE
781,40,Female,Phone,Home Decor,360.89,S,4,No,12,Debit Card,83368,64,10,TRUE,FALSE,FALSE,FALSE,FALSE,FALSE,TRUE
782,32,Female,Football,Home Decor,203.19,L,3,Yes,8,Debit Card,24589,17,19,FALSE,FALSE,TRUE,FALSE,TRUE,FALSE,FALSE
783,54,Female,Phone,Accessories,341.77,XL,2,No,5,UPI,81670,41,8,TRUE,FALSE,FALSE,FALSE,TRUE,FALSE,FALSE
784,38,Female,Football,Accessories,243.23,S,2,No,4,Cash,52957,81,14,FALSE,FALSE,TRUE,FALSE,FALSE,TRUE,FALSE
785,31,Male,Bag,Sports,496.95,M,1,Yes,6,UPI,127447,29,2,FALSE,FALSE,TRUE,FALSE,FALSE,FALSE,TRUE
786,19,Male,Watch,Accessories,367.16,M,3,Yes,1,Debit Card,117826,76,14,FALSE,FALSE,TRUE,FALSE,FALSE,TRUE,FALSE
787,28,Male,Phone,Home Decor,476.72,L,2,No,14,Credit Card,47916,33,19,FALSE,TRUE,FALSE,FALSE,TRUE,FALSE,FALSE
788,56,Male,Football,Electronics,419.14,M,1,No,7,Credit Card,44640,71,12,FALSE,FALSE,TRUE,TRUE,FALSE,FALSE,FALSE
789,55,Male,Phone,Clothing,452.42,L,3,Yes,11,PayPal,122077,31,12,TRUE,FALSE,FALSE,TRUE,FALSE,FALSE,FALSE
790,51,Male,Watch,Sports,409.07,L,5,No,3,Credit Card,107288,76,19,TRUE,FALSE,FALSE,FALSE,FALSE,FALSE,TRUE
791,55,Female,Bag,Electronics,234.99,L,1,No,0,Cash,56377,81,5,FALSE,FALSE,TRUE,FALSE,FALSE,TRUE,FALSE
792,51,Female,Phone,Clothing,133.38,L,3,No,2,PayPal,83738,18,16,TRUE,FALSE,FALSE,FALSE,FALSE,TRUE,FALSE
793,35,Male,Shoes,Clothing,191.46,XL,4,Yes,12,Cash,147083,5,15,FALSE,TRUE,FALSE,FALSE,TRUE,FALSE,FALSE
794,47,Male,Football,Clothing,19.92,XL,2,Yes,8,UPI,38298,13,3,TRUE,FALSE,FALSE,TRUE,FALSE,FALSE,FALSE
795,32,Female,Watch,Electronics,266.76,S,1,Yes,3,UPI,34322,65,1,FALSE,TRUE,FALSE,FALSE,FALSE,TRUE,FALSE
796,44,Female,Football,Sports,257.48,S,5,No,14,Credit Card,70379,35,5,FALSE,FALSE,TRUE,FALSE,TRUE,FALSE,FALSE
797,51,Female,Football,Sports,267.37,M,1,Yes,9,PayPal,134376,63,4,TRUE,FALSE,FALSE,TRUE,FALSE,FALSE,FALSE
798,55,Male,T-Shirt,Clothing,487.28,XL,2,Yes,9,Cash,133164,48,11,TRUE,FALSE,FALSE,TRUE,FALSE,FALSE,FALSE
799,50,Female,Watch,Electronics,456.61,S,2,No,13,Cash,52832,66,18,TRUE,FALSE,FALSE,FALSE,TRUE,FALSE,FALSE
800,41,Male,Phone,Clothing,89.24,XL,3,Yes,10,Debit Card,109653,68,7,TRUE,FALSE,FALSE,TRUE,FALSE,FALSE,FALSE
801,32,Male,Football,Accessories,190.75,XL,5,Yes,2,Credit Card,138032,46,5,FALSE,TRUE,FALSE,FALSE,TRUE,FALSE,FALSE
802,47,Female,Curtains,Sports,217.74,M,3,Yes,3,UPI,124614,40,19,FALSE,TRUE,FALSE,TRUE,FALSE,FALSE,FALSE
803,59,Female,T-Shirt,Home Decor,186.66,M,5,No,2,Debit Card,36452,58,4,FALSE,TRUE,FALSE,FALSE,FALSE,TRUE,FALSE
804,34,Male,Shoes,Clothing,401.26,L,1,No,2,UPI,58102,99,4,FALSE,TRUE,FALSE,FALSE,TRUE,FALSE,FALSE
805,22,Female,Football,Accessories,266.78,XL,1,Yes,1,UPI,111076,48,15,FALSE,TRUE,FALSE,TRUE,FALSE,FALSE,FALSE
806,46,Female,Bag,Sports,290.33,L,3,No,5,Cash,120328,27,3,FALSE,TRUE,FALSE,FALSE,TRUE,FALSE,FALSE
807,21,Male,Football,Electronics,427.98,L,4,Yes,12,UPI,73039,1,16,FALSE,FALSE,TRUE,FALSE,FALSE,FALSE,TRUE
808,27,Female,T-Shirt,Sports,404.9,L,2,Yes,14,PayPal,26761,42,18,TRUE,FALSE,FALSE,FALSE,TRUE,FALSE,FALSE
809,34,Male,Phone,Electronics,74.78,XL,3,Yes,9,UPI,109493,37,20,FALSE,FALSE,TRUE,FALSE,FALSE,TRUE,FALSE
810,27,Male,Curtains,Electronics,359.82,XL,3,Yes,5,PayPal,65230,73,16,TRUE,FALSE,FALSE,FALSE,FALSE,TRUE,FALSE
811,34,Female,Bag,Clothing,223.36,L,1,No,9,UPI,125939,73,14,TRUE,FALSE,FALSE,FALSE,FALSE,TRUE,FALSE
812,37,Male,Shoes,Clothing,154.38,XL,2,Yes,3,Debit Card,42856,21,8,FALSE,FALSE,TRUE,FALSE,TRUE,FALSE,FALSE
813,41,Male,Bag,Sports,34.51,L,3,No,13,Cash,129092,26,20,FALSE,TRUE,FALSE,FALSE,TRUE,FALSE,FALSE
814,22,Female,Football,Accessories,248.75,S,1,No,7,Debit Card,81230,40,6,TRUE,FALSE,FALSE,TRUE,FALSE,FALSE,FALSE
815,51,Female,Phone,Sports,184.16,XL,1,Yes,5,Cash,111615,82,9,FALSE,FALSE,TRUE,FALSE,FALSE,FALSE,TRUE
816,23,Female,Watch,Home Decor,133.24,M,3,Yes,11,Debit Card,143455,45,16,FALSE,FALSE,TRUE,FALSE,FALSE,TRUE,FALSE
817,19,Male,Curtains,Electronics,350.39,M,3,Yes,7,Credit Card,60291,5,2,FALSE,FALSE,TRUE,FALSE,TRUE,FALSE,FALSE
818,30,Male,Watch,Electronics,387.05,L,1,Yes,5,UPI,47026,40,3,FALSE,FALSE,TRUE,TRUE,FALSE,FALSE,FALSE
819,60,Female,Curtains,Clothing,129.95,S,3,No,14,UPI,75207,88,3,FALSE,TRUE,FALSE,FALSE,TRUE,FALSE,FALSE
820,60,Male,Shoes,Accessories,34.23,XL,2,No,12,Credit Card,35195,32,14,TRUE,FALSE,FALSE,FALSE,FALSE,TRUE,FALSE
821,28,Female,Laptop,Clothing,425.89,L,1,No,8,Credit Card,74997,37,5,FALSE,FALSE,TRUE,FALSE,FALSE,TRUE,FALSE
822,64,Female,Curtains,Home Decor,14.88,S,1,No,2,PayPal,106427,95,18,FALSE,TRUE,FALSE,TRUE,FALSE,FALSE,FALSE
823,40,Male,Laptop,Sports,469.19,S,3,Yes,13,Debit Card,146240,38,15,FALSE,FALSE,TRUE,FALSE,FALSE,TRUE,FALSE
824,33,Female,Watch,Sports,317.53,XL,3,Yes,2,UPI,34738,98,5,FALSE,TRUE,FALSE,FALSE,FALSE,FALSE,TRUE
825,48,Male,Curtains,Accessories,167.7,M,3,No,1,PayPal,61865,95,5,TRUE,FALSE,FALSE,FALSE,FALSE,FALSE,TRUE
826,28,Male,Shoes,Clothing,130.77,M,2,No,9,UPI,100966,64,17,TRUE,FALSE,FALSE,TRUE,FALSE,FALSE,FALSE
827,33,Female,T-Shirt,Clothing,14.41,S,1,No,13,Credit Card,52647,58,12,FALSE,FALSE,TRUE,FALSE,FALSE,FALSE,TRUE
828,25,Male,Shoes,Home Decor,125.38,M,4,Yes,13,PayPal,124383,3,11,FALSE,TRUE,FALSE,FALSE,FALSE,FALSE,TRUE
829,21,Female,Shoes,Sports,77.49,S,2,Yes,5,PayPal,108350,93,8,FALSE,TRUE,FALSE,FALSE,TRUE,FALSE,FALSE
830,57,Male,T-Shirt,Clothing,309.96,S,2,No,6,PayPal,91733,35,10,TRUE,FALSE,FALSE,FALSE,TRUE,FALSE,FALSE
831,21,Male,T-Shirt,Accessories,91.61,S,1,Yes,6,Debit Card,32644,13,17,FALSE,TRUE,FALSE,FALSE,FALSE,FALSE,TRUE
832,42,Male,Phone,Sports,269.03,M,4,No,4,PayPal,61198,50,11,FALSE,TRUE,FALSE,TRUE,FALSE,FALSE,FALSE
833,20,Female,Curtains,Home Decor,299.16,L,1,No,5,UPI,52200,96,5,FALSE,FALSE,TRUE,TRUE,FALSE,FALSE,FALSE
834,49,Male,Watch,Accessories,156.04,M,2,Yes,6,Debit Card,50006,61,2,FALSE,FALSE,TRUE,FALSE,TRUE,FALSE,FALSE
835,20,Female,Phone,Electronics,27.18,L,3,Yes,10,UPI,29499,50,14,TRUE,FALSE,FALSE,FALSE,FALSE,FALSE,TRUE
836,44,Male,T-Shirt,Home Decor,28.25,M,1,No,1,PayPal,90724,23,9,FALSE,TRUE,FALSE,FALSE,FALSE,FALSE,TRUE
837,46,Male,Laptop,Accessories,22.91,XL,1,Yes,9,PayPal,48260,20,3,FALSE,FALSE,TRUE,FALSE,TRUE,FALSE,FALSE
838,49,Female,Watch,Clothing,372.17,XL,3,Yes,14,UPI,147170,70,2,TRUE,FALSE,FALSE,TRUE,FALSE,FALSE,FALSE
839,36,Female,Laptop,Electronics,165.82,M,4,Yes,13,Cash,56920,98,5,FALSE,TRUE,FALSE,FALSE,FALSE,FALSE,TRUE
840,38,Female,Shoes,Home Decor,400.19,XL,4,Yes,11,PayPal,22933,7,8,FALSE,TRUE,FALSE,TRUE,FALSE,FALSE,FALSE
841,22,Female,Football,Clothing,221.55,XL,1,Yes,6,PayPal,90657,87,11,FALSE,TRUE,FALSE,FALSE,FALSE,FALSE,TRUE
842,35,Female,Shoes,Electronics,231.97,XL,3,Yes,0,Debit Card,69083,33,3,TRUE,FALSE,FALSE,FALSE,FALSE,TRUE,FALSE
843,45,Male,Shoes,Sports,261.31,XL,1,No,5,UPI,42023,38,8,TRUE,FALSE,FALSE,FALSE,FALSE,FALSE,TRUE
844,59,Male,Football,Clothing,359.39,L,3,No,7,PayPal,116840,12,6,FALSE,TRUE,FALSE,TRUE,FALSE,FALSE,FALSE
845,39,Female,Curtains,Accessories,144.02,S,2,No,12,UPI,131862,22,1,TRUE,FALSE,FALSE,FALSE,FALSE,TRUE,FALSE
846,38,Male,T-Shirt,Home Decor,69.58,L,3,No,0,Debit Card,93910,39,18,FALSE,FALSE,TRUE,FALSE,FALSE,FALSE,TRUE
847,23,Male,Laptop,Electronics,282.47,S,1,Yes,0,UPI,132135,76,10,FALSE,FALSE,TRUE,TRUE,FALSE,FALSE,FALSE
848,18,Male,Shoes,Clothing,170.22,S,5,No,5,UPI,138886,14,8,TRUE,FALSE,FALSE,FALSE,FALSE,FALSE,TRUE
849,22,Female,Football,Sports,226.82,M,4,Yes,4,Debit Card,89589,59,12,TRUE,FALSE,FALSE,FALSE,FALSE,TRUE,FALSE
850,58,Male,Phone,Home Decor,327,M,1,No,14,PayPal,62858,8,6,TRUE,FALSE,FALSE,FALSE,TRUE,FALSE,FALSE
851,29,Male,Shoes,Home Decor,252.12,M,3,No,2,UPI,42628,85,15,FALSE,TRUE,FALSE,FALSE,FALSE,FALSE,TRUE
852,43,Male,Laptop,Clothing,313.94,M,3,Yes,13,Cash,138670,74,12,TRUE,FALSE,FALSE,TRUE,FALSE,FALSE,FALSE
853,63,Female,T-Shirt,Sports,276.66,M,4,Yes,9,PayPal,136505,89,16,FALSE,FALSE,TRUE,FALSE,FALSE,TRUE,FALSE
854,51,Male,Shoes,Electronics,372.5,L,1,No,12,Debit Card,116125,10,1,FALSE,TRUE,FALSE,TRUE,FALSE,FALSE,FALSE
855,31,Male,Shoes,Clothing,355.91,L,5,Yes,9,Credit Card,104075,42,4,TRUE,FALSE,FALSE,FALSE,FALSE,TRUE,FALSE
856,43,Female,Curtains,Electronics,271.75,XL,2,Yes,6,Cash,20044,91,11,TRUE,FALSE,FALSE,TRUE,FALSE,FALSE,FALSE
857,62,Female,Bag,Home Decor,342.66,L,5,Yes,6,PayPal,76260,100,7,FALSE,FALSE,TRUE,TRUE,FALSE,FALSE,FALSE
858,44,Male,Football,Electronics,438.04,L,2,Yes,6,Debit Card,58632,56,3,TRUE,FALSE,FALSE,FALSE,FALSE,TRUE,FALSE
859,26,Male,Phone,Sports,221.81,M,2,No,13,Cash,47836,98,15,FALSE,FALSE,TRUE,FALSE,TRUE,FALSE,FALSE
860,43,Female,Phone,Accessories,212.25,XL,1,Yes,14,PayPal,123857,78,10,FALSE,FALSE,TRUE,TRUE,FALSE,FALSE,FALSE
861,64,Female,Watch,Sports,384.48,L,2,No,5,Credit Card,65999,59,8,TRUE,FALSE,FALSE,TRUE,FALSE,FALSE,FALSE
862,39,Female,T-Shirt,Electronics,295.45,L,3,No,3,PayPal,45178,91,13,TRUE,FALSE,FALSE,FALSE,FALSE,TRUE,FALSE
863,64,Female,Watch,Clothing,44.79,XL,2,No,8,Credit Card,149459,56,13,TRUE,FALSE,FALSE,FALSE,FALSE,TRUE,FALSE
864,47,Female,Laptop,Home Decor,447.13,S,2,No,11,Credit Card,100370,92,6,FALSE,FALSE,TRUE,TRUE,FALSE,FALSE,FALSE
865,60,Female,T-Shirt,Accessories,25.08,M,4,No,14,UPI,62697,79,19,TRUE,FALSE,FALSE,FALSE,FALSE,TRUE,FALSE
866,34,Female,Shoes,Clothing,376.71,L,4,No,8,Debit Card,101317,14,14,TRUE,FALSE,FALSE,FALSE,TRUE,FALSE,FALSE
867,43,Male,Bag,Clothing,381.81,L,1,No,6,UPI,119419,15,11,TRUE,FALSE,FALSE,FALSE,FALSE,FALSE,TRUE
868,53,Female,Shoes,Sports,477.02,XL,1,Yes,6,Credit Card,55365,94,8,FALSE,FALSE,TRUE,FALSE,FALSE,FALSE,TRUE
869,18,Female,Phone,Electronics,36.53,L,3,No,7,Debit Card,83837,31,10,FALSE,FALSE,TRUE,FALSE,FALSE,FALSE,TRUE
870,25,Male,Laptop,Sports,302.46,M,4,Yes,10,Debit Card,136857,37,6,FALSE,FALSE,TRUE,TRUE,FALSE,FALSE,FALSE
871,52,Female,Football,Electronics,219.64,L,5,Yes,4,Debit Card,76190,52,2,TRUE,FALSE,FALSE,FALSE,TRUE,FALSE,FALSE
872,32,Female,Laptop,Sports,172.01,S,1,No,10,Cash,144695,47,11,FALSE,TRUE,FALSE,FALSE,FALSE,TRUE,FALSE
873,64,Male,Shoes,Clothing,54.26,M,1,No,8,PayPal,67585,52,6,TRUE,FALSE,FALSE,TRUE,FALSE,FALSE,FALSE
874,39,Female,Football,Home Decor,285.7,S,4,No,5,Credit Card,80474,10,2,FALSE,FALSE,TRUE,FALSE,FALSE,FALSE,TRUE
875,31,Male,Laptop,Electronics,244.73,XL,4,Yes,6,Debit Card,33033,70,10,FALSE,TRUE,FALSE,FALSE,TRUE,FALSE,FALSE
876,43,Male,Bag,Accessories,61.23,M,3,Yes,11,Cash,103883,64,5,TRUE,FALSE,FALSE,FALSE,FALSE,FALSE,TRUE
877,45,Male,Bag,Accessories,310.12,L,4,Yes,6,Cash,21686,16,5,TRUE,FALSE,FALSE,TRUE,FALSE,FALSE,FALSE
878,40,Male,Laptop,Clothing,371.6,M,2,No,8,Credit Card,96209,30,19,TRUE,FALSE,FALSE,FALSE,TRUE,FALSE,FALSE
879,31,Female,Football,Sports,385.97,M,5,Yes,6,UPI,37089,13,20,FALSE,TRUE,FALSE,FALSE,FALSE,TRUE,FALSE
880,41,Male,Shoes,Sports,453.63,M,2,No,13,Cash,138173,60,20,TRUE,FALSE,FALSE,FALSE,FALSE,TRUE,FALSE
881,19,Male,Laptop,Clothing,210.64,S,2,Yes,2,Credit Card,144385,72,6,FALSE,TRUE,FALSE,FALSE,FALSE,FALSE,TRUE
882,62,Female,Football,Accessories,477.01,XL,2,No,5,Cash,119361,58,2,TRUE,FALSE,FALSE,FALSE,FALSE,TRUE,FALSE
883,43,Male,Curtains,Accessories,434.06,M,1,No,5,Credit Card,56425,65,20,FALSE,TRUE,FALSE,FALSE,FALSE,FALSE,TRUE
884,31,Male,Bag,Sports,155.29,L,2,No,10,Debit Card,144509,70,8,TRUE,FALSE,FALSE,TRUE,FALSE,FALSE,FALSE
885,24,Male,Curtains,Electronics,88.05,M,1,Yes,11,UPI,129087,72,16,FALSE,TRUE,FALSE,FALSE,FALSE,FALSE,TRUE
886,20,Male,Shoes,Home Decor,223.34,M,4,Yes,6,Cash,79536,17,10,FALSE,FALSE,TRUE,FALSE,FALSE,TRUE,FALSE
887,64,Female,Football,Electronics,206.93,XL,5,Yes,5,Cash,60550,21,6,FALSE,FALSE,TRUE,FALSE,FALSE,TRUE,FALSE
888,40,Male,Curtains,Accessories,292.1,L,5,Yes,3,Cash,40057,94,19,FALSE,TRUE,FALSE,TRUE,FALSE,FALSE,FALSE
889,63,Female,Football,Electronics,295.86,L,2,Yes,13,PayPal,100972,4,7,FALSE,FALSE,TRUE,TRUE,FALSE,FALSE,FALSE
890,60,Female,Laptop,Home Decor,377.49,S,5,No,5,PayPal,131881,10,2,TRUE,FALSE,FALSE,FALSE,TRUE,FALSE,FALSE
891,64,Male,Shoes,Electronics,259.85,L,1,No,2,Debit Card,140850,65,18,TRUE,FALSE,FALSE,FALSE,FALSE,FALSE,TRUE
892,62,Male,Curtains,Electronics,61.36,L,4,No,0,Cash,48239,99,19,FALSE,TRUE,FALSE,FALSE,FALSE,FALSE,TRUE
893,35,Male,Watch,Electronics,430.56,L,2,No,14,UPI,122300,23,16,FALSE,TRUE,FALSE,FALSE,FALSE,FALSE,TRUE
894,55,Male,Laptop,Electronics,161.78,M,3,Yes,0,PayPal,44478,37,8,TRUE,FALSE,FALSE,FALSE,FALSE,TRUE,FALSE
895,52,Female,Bag,Clothing,485.94,S,5,Yes,4,Credit Card,144604,1,4,TRUE,FALSE,FALSE,FALSE,FALSE,TRUE,FALSE
896,32,Female,Watch,Accessories,67.75,L,5,No,10,Credit Card,123078,26,18,FALSE,TRUE,FALSE,FALSE,FALSE,TRUE,FALSE
897,42,Female,Watch,Home Decor,479.54,L,2,No,12,Credit Card,100500,8,2,FALSE,TRUE,FALSE,FALSE,FALSE,FALSE,TRUE
898,54,Male,T-Shirt,Accessories,54.6,L,5,Yes,13,Debit Card,144828,23,14,FALSE,FALSE,TRUE,FALSE,FALSE,FALSE,TRUE
899,45,Female,T-Shirt,Clothing,123.21,M,5,Yes,7,Cash,129734,18,12,FALSE,FALSE,TRUE,FALSE,FALSE,FALSE,TRUE
900,27,Male,Shoes,Clothing,32.82,M,3,No,2,Cash,88490,14,6,FALSE,TRUE,FALSE,FALSE,FALSE,TRUE,FALSE
901,56,Male,Curtains,Clothing,355.51,S,1,No,12,PayPal,25175,43,4,TRUE,FALSE,FALSE,TRUE,FALSE,FALSE,FALSE
902,34,Male,Curtains,Clothing,426.65,XL,2,Yes,1,Credit Card,63146,71,7,FALSE,FALSE,TRUE,TRUE,FALSE,FALSE,FALSE
903,56,Male,Curtains,Electronics,222.69,S,2,Yes,7,Debit Card,125539,34,9,FALSE,TRUE,FALSE,FALSE,TRUE,FALSE,FALSE
904,39,Male,Football,Accessories,464.98,M,3,Yes,8,UPI,112395,79,17,TRUE,FALSE,FALSE,TRUE,FALSE,FALSE,FALSE
905,43,Female,Laptop,Sports,299.25,L,3,No,8,Cash,41611,64,11,FALSE,FALSE,TRUE,FALSE,TRUE,FALSE,FALSE
906,61,Female,Curtains,Home Decor,318.7,L,1,No,1,Cash,47777,89,4,FALSE,FALSE,TRUE,FALSE,FALSE,TRUE,FALSE
907,42,Male,Laptop,Clothing,424.26,S,4,Yes,11,Debit Card,129694,20,16,FALSE,TRUE,FALSE,FALSE,FALSE,FALSE,TRUE
908,34,Female,Shoes,Accessories,155.43,L,2,No,7,PayPal,88768,9,20,FALSE,FALSE,TRUE,TRUE,FALSE,FALSE,FALSE
909,30,Male,Watch,Clothing,183.59,M,5,No,1,Debit Card,58348,89,9,FALSE,TRUE,FALSE,FALSE,FALSE,TRUE,FALSE
910,37,Male,Curtains,Clothing,453.92,S,1,Yes,6,PayPal,138938,3,11,TRUE,FALSE,FALSE,FALSE,FALSE,TRUE,FALSE
911,42,Male,Shoes,Clothing,451.47,XL,2,No,7,Cash,66449,97,8,FALSE,FALSE,TRUE,FALSE,TRUE,FALSE,FALSE
912,21,Female,Curtains,Clothing,488.48,M,1,No,0,PayPal,80427,58,10,TRUE,FALSE,FALSE,FALSE,FALSE,FALSE,TRUE
913,27,Male,T-Shirt,Clothing,451.9,M,4,No,7,PayPal,74154,45,15,FALSE,FALSE,TRUE,FALSE,FALSE,FALSE,TRUE
914,20,Male,Phone,Home Decor,72.41,L,2,Yes,14,PayPal,44777,78,15,FALSE,FALSE,TRUE,TRUE,FALSE,FALSE,FALSE
915,58,Female,Shoes,Accessories,413.62,M,5,Yes,2,PayPal,67987,72,4,TRUE,FALSE,FALSE,TRUE,FALSE,FALSE,FALSE
916,62,Female,Curtains,Clothing,210.82,M,2,No,12,Credit Card,24549,93,10,FALSE,FALSE,TRUE,FALSE,TRUE,FALSE,FALSE
917,35,Female,Bag,Clothing,495.49,XL,1,No,0,Credit Card,26017,26,8,FALSE,FALSE,TRUE,FALSE,FALSE,TRUE,FALSE
918,64,Male,Phone,Clothing,241.42,L,4,No,6,Credit Card,124413,51,13,TRUE,FALSE,FALSE,FALSE,TRUE,FALSE,FALSE
919,53,Male,Shoes,Clothing,281.38,M,1,No,9,Credit Card,61018,54,11,FALSE,FALSE,TRUE,FALSE,TRUE,FALSE,FALSE
920,64,Female,Bag,Electronics,269.59,L,1,Yes,2,Debit Card,79781,73,12,FALSE,TRUE,FALSE,FALSE,FALSE,FALSE,TRUE
921,39,Male,Bag,Electronics,167.65,M,3,No,7,UPI,135458,94,13,FALSE,FALSE,TRUE,FALSE,FALSE,FALSE,TRUE
922,51,Female,Football,Sports,46.76,XL,1,No,8,PayPal,82621,77,3,TRUE,FALSE,FALSE,FALSE,TRUE,FALSE,FALSE
923,64,Female,Bag,Clothing,448.87,L,4,No,1,Debit Card,92135,44,12,FALSE,FALSE,TRUE,FALSE,FALSE,FALSE,TRUE
924,25,Male,Curtains,Sports,403.31,L,5,No,14,Credit Card,88933,68,13,FALSE,TRUE,FALSE,FALSE,FALSE,TRUE,FALSE
925,57,Male,Football,Home Decor,78.37,XL,3,Yes,0,PayPal,113109,50,4,TRUE,FALSE,FALSE,FALSE,FALSE,TRUE,FALSE
926,61,Female,T-Shirt,Sports,390.62,S,1,No,7,UPI,56741,9,17,FALSE,FALSE,TRUE,FALSE,TRUE,FALSE,FALSE
927,36,Female,Curtains,Accessories,316.66,M,2,Yes,9,PayPal,146481,19,7,FALSE,TRUE,FALSE,TRUE,FALSE,FALSE,FALSE
928,59,Female,Watch,Electronics,210.48,M,3,Yes,5,Cash,83409,72,20,FALSE,TRUE,FALSE,FALSE,TRUE,FALSE,FALSE
929,58,Female,Bag,Electronics,134.47,S,4,No,9,Cash,71278,80,10,FALSE,TRUE,FALSE,TRUE,FALSE,FALSE,FALSE
930,54,Male,T-Shirt,Clothing,431.27,L,2,Yes,0,Debit Card,128262,15,14,FALSE,TRUE,FALSE,FALSE,FALSE,TRUE,FALSE
931,23,Female,Phone,Clothing,353.09,L,4,Yes,2,UPI,97647,30,16,FALSE,FALSE,TRUE,FALSE,FALSE,TRUE,FALSE
932,43,Female,Shoes,Home Decor,278.39,XL,2,Yes,8,Debit Card,94607,78,15,TRUE,FALSE,FALSE,FALSE,TRUE,FALSE,FALSE
933,51,Female,Bag,Home Decor,308.69,XL,5,No,8,PayPal,27407,11,19,TRUE,FALSE,FALSE,TRUE,FALSE,FALSE,FALSE
934,62,Male,Laptop,Accessories,54.62,XL,4,Yes,5,UPI,97102,33,13,TRUE,FALSE,FALSE,FALSE,FALSE,FALSE,TRUE
935,23,Male,T-Shirt,Clothing,242.22,S,2,Yes,2,Debit Card,139173,66,11,FALSE,TRUE,FALSE,FALSE,TRUE,FALSE,FALSE
936,54,Female,Laptop,Clothing,104.91,S,4,No,7,PayPal,81472,72,15,FALSE,FALSE,TRUE,FALSE,TRUE,FALSE,FALSE
937,50,Male,Bag,Home Decor,112.11,L,3,Yes,5,Credit Card,58717,82,12,TRUE,FALSE,FALSE,FALSE,TRUE,FALSE,FALSE
938,39,Male,Laptop,Home Decor,334.04,XL,4,No,0,PayPal,64418,91,1,TRUE,FALSE,FALSE,FALSE,TRUE,FALSE,FALSE
939,38,Male,Bag,Home Decor,456.52,L,4,No,5,Debit Card,30528,1,17,FALSE,FALSE,TRUE,FALSE,TRUE,FALSE,FALSE
940,23,Female,Shoes,Electronics,207.84,S,2,No,12,UPI,142298,37,17,FALSE,FALSE,TRUE,FALSE,TRUE,FALSE,FALSE
941,23,Female,Phone,Sports,111.8,M,4,No,4,UPI,64386,16,6,FALSE,FALSE,TRUE,FALSE,TRUE,FALSE,FALSE
942,21,Male,Shoes,Sports,327.89,L,5,No,7,Credit Card,55431,5,6,FALSE,TRUE,FALSE,TRUE,FALSE,FALSE,FALSE
943,47,Female,Curtains,Clothing,436.88,S,1,Yes,12,Debit Card,111216,40,15,FALSE,FALSE,TRUE,FALSE,FALSE,FALSE,TRUE
944,28,Female,T-Shirt,Electronics,376.68,XL,3,No,1,Credit Card,146989,49,7,TRUE,FALSE,FALSE,FALSE,TRUE,FALSE,FALSE
945,47,Male,Laptop,Home Decor,435.69,M,2,Yes,11,Cash,74213,71,12,TRUE,FALSE,FALSE,FALSE,FALSE,TRUE,FALSE
946,48,Male,Shoes,Clothing,272.91,M,4,Yes,6,PayPal,101107,53,1,FALSE,FALSE,TRUE,TRUE,FALSE,FALSE,FALSE
947,41,Female,Bag,Electronics,378.42,M,4,No,5,Cash,114937,13,12,FALSE,TRUE,FALSE,FALSE,FALSE,FALSE,TRUE
948,26,Male,Shoes,Accessories,78.63,XL,4,Yes,0,Cash,84172,40,10,FALSE,FALSE,TRUE,FALSE,TRUE,FALSE,FALSE
949,20,Female,Shoes,Electronics,180.65,M,3,Yes,11,Credit Card,36366,88,12,FALSE,FALSE,TRUE,FALSE,FALSE,TRUE,FALSE
950,48,Female,T-Shirt,Clothing,200.88,S,1,No,7,Credit Card,21405,8,7,FALSE,TRUE,FALSE,FALSE,FALSE,TRUE,FALSE
951,57,Male,Phone,Sports,260.53,L,5,No,5,PayPal,78259,42,19,FALSE,TRUE,FALSE,TRUE,FALSE,FALSE,FALSE
952,54,Female,Watch,Home Decor,465.25,M,5,No,12,Credit Card,22285,16,13,FALSE,FALSE,TRUE,FALSE,FALSE,TRUE,FALSE
953,53,Female,Shoes,Accessories,438.41,M,2,Yes,14,Credit Card,109029,35,20,FALSE,TRUE,FALSE,FALSE,TRUE,FALSE,FALSE
954,41,Male,T-Shirt,Electronics,75.92,S,1,Yes,2,Credit Card,124285,18,19,TRUE,FALSE,FALSE,TRUE,FALSE,FALSE,FALSE
955,48,Male,Laptop,Clothing,94.67,XL,1,Yes,4,Credit Card,146279,38,5,FALSE,FALSE,TRUE,TRUE,FALSE,FALSE,FALSE
956,23,Male,Bag,Clothing,185.24,M,3,Yes,6,Credit Card,94839,89,1,TRUE,FALSE,FALSE,FALSE,TRUE,FALSE,FALSE
957,19,Female,Curtains,Home Decor,152.46,S,4,No,8,Cash,57502,93,14,FALSE,TRUE,FALSE,TRUE,FALSE,FALSE,FALSE
958,37,Male,Watch,Clothing,311.24,S,1,Yes,3,Cash,28308,81,10,TRUE,FALSE,FALSE,FALSE,TRUE,FALSE,FALSE
959,45,Male,Football,Clothing,452.36,XL,4,Yes,11,PayPal,147788,43,4,FALSE,FALSE,TRUE,FALSE,FALSE,TRUE,FALSE
960,28,Male,Watch,Home Decor,481.52,XL,3,No,13,UPI,72262,77,13,FALSE,FALSE,TRUE,FALSE,FALSE,TRUE,FALSE
961,21,Male,Bag,Accessories,330.27,L,2,Yes,1,PayPal,50981,77,17,TRUE,FALSE,FALSE,FALSE,TRUE,FALSE,FALSE
962,32,Female,Watch,Sports,420.7,M,2,No,2,Debit Card,107515,46,10,FALSE,FALSE,TRUE,TRUE,FALSE,FALSE,FALSE
963,23,Female,Bag,Sports,267.35,L,4,Yes,6,PayPal,53397,96,18,TRUE,FALSE,FALSE,FALSE,TRUE,FALSE,FALSE
964,47,Male,T-Shirt,Electronics,112.08,S,4,No,7,PayPal,124272,21,6,FALSE,FALSE,TRUE,FALSE,TRUE,FALSE,FALSE
965,55,Female,Football,Accessories,267.1,M,1,Yes,4,Credit Card,147284,9,12,FALSE,TRUE,FALSE,FALSE,FALSE,FALSE,TRUE
966,19,Male,Shoes,Electronics,281.99,S,3,No,14,Credit Card,31722,90,6,TRUE,FALSE,FALSE,FALSE,TRUE,FALSE,FALSE
967,32,Male,Shoes,Sports,373.8,S,2,Yes,14,Credit Card,130694,62,8,TRUE,FALSE,FALSE,TRUE,FALSE,FALSE,FALSE
968,28,Female,Watch,Home Decor,117.74,S,1,Yes,2,UPI,114466,35,12,FALSE,TRUE,FALSE,FALSE,FALSE,FALSE,TRUE
969,25,Female,T-Shirt,Clothing,190.47,XL,5,No,0,Credit Card,124512,97,14,FALSE,FALSE,TRUE,FALSE,FALSE,FALSE,TRUE
970,43,Male,Football,Sports,188.37,XL,1,No,9,Debit Card,101416,67,19,TRUE,FALSE,FALSE,FALSE,FALSE,FALSE,TRUE
971,62,Male,Shoes,Accessories,480.13,M,4,No,12,Cash,90763,41,9,FALSE,FALSE,TRUE,TRUE,FALSE,FALSE,FALSE
972,61,Female,Laptop,Sports,227.53,S,5,Yes,0,Debit Card,111783,68,6,TRUE,FALSE,FALSE,FALSE,FALSE,TRUE,FALSE
973,22,Male,Phone,Accessories,380,S,1,No,10,UPI,101821,12,1,FALSE,TRUE,FALSE,FALSE,TRUE,FALSE,FALSE
974,23,Female,Phone,Accessories,377.9,M,3,No,1,Credit Card,28386,59,2,FALSE,TRUE,FALSE,TRUE,FALSE,FALSE,FALSE
975,43,Male,Shoes,Accessories,140.12,L,2,Yes,4,PayPal,73778,61,13,FALSE,TRUE,FALSE,FALSE,FALSE,FALSE,TRUE
976,21,Male,Football,Electronics,290.22,S,5,No,2,Cash,38491,31,19,TRUE,FALSE,FALSE,FALSE,FALSE,FALSE,TRUE
977,36,Female,Curtains,Home Decor,448.21,XL,3,No,12,UPI,149560,45,10,FALSE,FALSE,TRUE,FALSE,TRUE,FALSE,FALSE
978,37,Female,Shoes,Sports,242.85,L,1,No,6,Debit Card,71097,86,3,FALSE,FALSE,TRUE,FALSE,FALSE,FALSE,TRUE
979,50,Female,Curtains,Home Decor,473.11,L,4,Yes,1,Credit Card,114777,100,3,TRUE,FALSE,FALSE,FALSE,TRUE,FALSE,FALSE
980,37,Female,Curtains,Clothing,115.08,L,4,Yes,1,UPI,135130,61,7,TRUE,FALSE,FALSE,TRUE,FALSE,FALSE,FALSE
981,29,Female,Bag,Sports,46.34,L,3,Yes,2,UPI,54979,54,3,FALSE,FALSE,TRUE,FALSE,FALSE,TRUE,FALSE
982,64,Female,Bag,Home Decor,446.81,L,4,No,12,PayPal,128888,92,1,FALSE,TRUE,FALSE,FALSE,TRUE,FALSE,FALSE
983,18,Female,Football,Home Decor,425.36,L,2,Yes,11,PayPal,101779,84,7,FALSE,FALSE,TRUE,FALSE,FALSE,FALSE,TRUE
984,43,Male,Curtains,Clothing,496.37,M,3,Yes,0,PayPal,52772,78,7,FALSE,TRUE,FALSE,TRUE,FALSE,FALSE,FALSE
985,31,Male,Laptop,Accessories,342.9,M,3,Yes,1,Debit Card,87250,76,18,TRUE,FALSE,FALSE,FALSE,FALSE,FALSE,TRUE
986,55,Male,Football,Sports,468.98,L,4,No,4,PayPal,54828,88,11,FALSE,FALSE,TRUE,FALSE,FALSE,TRUE,FALSE
987,54,Female,Shoes,Sports,415.21,XL,3,Yes,2,UPI,103497,88,16,TRUE,FALSE,FALSE,FALSE,FALSE,FALSE,TRUE
988,28,Female,Watch,Clothing,423.77,M,1,Yes,14,UPI,119242,44,17,FALSE,FALSE,TRUE,FALSE,FALSE,FALSE,TRUE
989,53,Female,Laptop,Accessories,288.88,M,5,Yes,10,UPI,77499,36,12,TRUE,FALSE,FALSE,FALSE,FALSE,TRUE,FALSE
990,30,Male,T-Shirt,Sports,197.36,L,5,Yes,9,Cash,39469,30,14,TRUE,FALSE,FALSE,FALSE,TRUE,FALSE,FALSE
991,60,Female,Phone,Sports,467.93,XL,4,No,5,Cash,126130,33,20,TRUE,FALSE,FALSE,TRUE,FALSE,FALSE,FALSE
992,20,Female,Shoes,Sports,221.74,L,2,Yes,1,Debit Card,32702,96,19,FALSE,TRUE,FALSE,TRUE,FALSE,FALSE,FALSE
993,50,Male,Shoes,Accessories,274.02,XL,2,Yes,14,PayPal,47889,35,16,TRUE,FALSE,FALSE,FALSE,FALSE,FALSE,TRUE
994,23,Female,Shoes,Clothing,228.6,XL,4,Yes,13,UPI,100534,4,2,TRUE,FALSE,FALSE,TRUE,FALSE,FALSE,FALSE
995,27,Male,Laptop,Sports,286.76,S,4,No,7,PayPal,86066,37,8,FALSE,FALSE,TRUE,FALSE,FALSE,FALSE,TRUE
996,22,Male,T-Shirt,Home Decor,240.55,M,3,No,3,UPI,67008,71,5,FALSE,FALSE,TRUE,TRUE,FALSE,FALSE,FALSE
997,40,Female,Watch,Accessories,33.5,L,2,Yes,2,Cash,130045,72,4,FALSE,TRUE,FALSE,FALSE,FALSE,TRUE,FALSE
998,27,Female,Football,Electronics,442.2,M,5,No,4,UPI,64389,23,5,FALSE,FALSE,TRUE,FALSE,TRUE,FALSE,FALSE
999,61,Female,Bag,Clothing,227.75,M,4,Yes,13,Debit Card,42015,67,17,FALSE,FALSE,TRUE,FALSE,TRUE,FALSE,FALSE
1000,19,Male,T-Shirt,Home Decor,298.58,XL,5,No,7,Credit Card,25634,49,15,FALSE,FALSE,TRUE,FALSE,FALSE,FALSE,TRUE
1001,30,Male,Laptop,Sports,78.2,M,5,No,8,UPI,136730,6,13,FALSE,FALSE,TRUE,FALSE,FALSE,FALSE,TRUE
1002,57,Male,Shoes,Electronics,11.66,S,2,Yes,0,Debit Card,101629,12,5,FALSE,FALSE,TRUE,FALSE,TRUE,FALSE,FALSE
1003,19,Female,Phone,Clothing,130.19,L,5,No,3,Cash,40600,26,1,FALSE,TRUE,FALSE,FALSE,FALSE,TRUE,FALSE
1004,37,Female,Shoes,Accessories,355.25,M,3,No,5,Cash,106798,9,20,FALSE,TRUE,FALSE,FALSE,FALSE,FALSE,TRUE
1005,18,Female,Football,Electronics,58.61,L,3,Yes,5,Credit Card,64848,12,6,TRUE,FALSE,FALSE,FALSE,FALSE,FALSE,TRUE
1006,54,Female,Curtains,Electronics,455.35,M,2,Yes,12,PayPal,52411,63,1,FALSE,TRUE,FALSE,TRUE,FALSE,FALSE,FALSE
1007,26,Male,Phone,Home Decor,115.36,L,3,No,8,PayPal,114775,18,5,TRUE,FALSE,FALSE,TRUE,FALSE,FALSE,FALSE
1008,34,Male,Shoes,Clothing,110.25,L,4,No,0,UPI,43899,87,10,FALSE,TRUE,FALSE,TRUE,FALSE,FALSE,FALSE
1009,26,Male,Watch,Home Decor,98.94,L,2,No,14,Cash,87150,35,10,FALSE,FALSE,TRUE,FALSE,TRUE,FALSE,FALSE
1010,28,Male,Phone,Home Decor,16.85,M,5,No,12,Debit Card,20784,7,16,FALSE,TRUE,FALSE,FALSE,FALSE,FALSE,TRUE
1011,32,Female,Curtains,Sports,388.18,S,4,Yes,14,Credit Card,107202,64,4,TRUE,FALSE,FALSE,FALSE,TRUE,FALSE,FALSE
1012,41,Female,Bag,Accessories,438.77,L,2,No,13,PayPal,31267,89,8,FALSE,TRUE,FALSE,TRUE,FALSE,FALSE,FALSE
1013,55,Female,T-Shirt,Electronics,310.94,XL,5,Yes,4,UPI,71584,6,6,FALSE,FALSE,TRUE,FALSE,FALSE,TRUE,FALSE
1014,52,Male,Laptop,Clothing,102.22,XL,5,Yes,9,UPI,141813,6,7,FALSE,TRUE,FALSE,FALSE,TRUE,FALSE,FALSE
1015,47,Male,Bag,Accessories,149.79,XL,5,Yes,0,Cash,106137,5,9,FALSE,FALSE,TRUE,FALSE,FALSE,FALSE,TRUE
1016,48,Female,Shoes,Accessories,243.2,S,5,No,5,Debit Card,21550,65,8,TRUE,FALSE,FALSE,TRUE,FALSE,FALSE,FALSE
1017,22,Female,Football,Clothing,477.63,L,5,No,8,Debit Card,31356,73,20,FALSE,TRUE,FALSE,FALSE,FALSE,FALSE,TRUE
1018,61,Male,T-Shirt,Accessories,131.2,S,2,Yes,14,PayPal,81602,98,19,TRUE,FALSE,FALSE,FALSE,FALSE,TRUE,FALSE
1019,31,Female,Bag,Sports,368.51,L,3,Yes,3,UPI,38681,55,14,FALSE,TRUE,FALSE,FALSE,FALSE,FALSE,TRUE
1020,28,Male,Shoes,Accessories,225.33,S,5,Yes,9,Cash,139637,46,9,TRUE,FALSE,FALSE,FALSE,FALSE,FALSE,TRUE
1021,26,Male,T-Shirt,Sports,155.95,L,4,Yes,9,Debit Card,91553,11,9,TRUE,FALSE,FALSE,FALSE,FALSE,FALSE,TRUE
1022,51,Male,Bag,Electronics,233.4,XL,2,Yes,8,UPI,78711,2,19,FALSE,FALSE,TRUE,FALSE,FALSE,TRUE,FALSE
1023,29,Female,Football,Electronics,44.89,L,1,No,2,Debit Card,40740,56,10,FALSE,FALSE,TRUE,FALSE,TRUE,FALSE,FALSE
1024,52,Female,Shoes,Home Decor,401.36,S,3,No,10,Credit Card,33156,93,15,FALSE,FALSE,TRUE,FALSE,TRUE,FALSE,FALSE
1025,52,Male,Curtains,Sports,129.22,L,4,No,6,Debit Card,135929,27,12,FALSE,TRUE,FALSE,FALSE,TRUE,FALSE,FALSE
1026,18,Female,Curtains,Electronics,365.45,M,5,No,4,Debit Card,140002,42,2,TRUE,FALSE,FALSE,TRUE,FALSE,FALSE,FALSE
1027,57,Male,Football,Accessories,43.49,L,2,Yes,9,UPI,21983,83,16,FALSE,FALSE,TRUE,FALSE,TRUE,FALSE,FALSE
1028,39,Male,Phone,Clothing,478,XL,2,Yes,0,Debit Card,91251,85,6,TRUE,FALSE,FALSE,FALSE,TRUE,FALSE,FALSE
1029,46,Male,Football,Clothing,104.58,L,5,No,6,Debit Card,73130,46,17,FALSE,TRUE,FALSE,FALSE,FALSE,TRUE,FALSE
1030,25,Male,Phone,Sports,442.54,M,4,Yes,7,Credit Card,98101,90,5,FALSE,FALSE,TRUE,FALSE,FALSE,FALSE,TRUE
1031,28,Female,Shoes,Home Decor,406.64,M,2,Yes,14,Debit Card,141241,43,2,TRUE,FALSE,FALSE,FALSE,TRUE,FALSE,FALSE
1032,58,Male,Bag,Accessories,484.25,M,3,Yes,5,Debit Card,105742,21,7,TRUE,FALSE,FALSE,FALSE,FALSE,FALSE,TRUE
1033,54,Male,Phone,Sports,244.17,S,4,No,0,UPI,50042,37,20,FALSE,TRUE,FALSE,FALSE,FALSE,TRUE,FALSE
1034,31,Female,Shoes,Clothing,366.42,M,5,No,8,Cash,148498,13,10,FALSE,FALSE,TRUE,TRUE,FALSE,FALSE,FALSE
1035,47,Male,Shoes,Sports,191.65,S,4,No,6,Credit Card,58803,6,2,TRUE,FALSE,FALSE,TRUE,FALSE,FALSE,FALSE
1036,52,Male,Watch,Accessories,100.34,M,4,No,13,Debit Card,89078,89,20,FALSE,TRUE,FALSE,TRUE,FALSE,FALSE,FALSE
1037,38,Female,Laptop,Electronics,227.11,S,1,No,5,Cash,109835,11,1,FALSE,TRUE,FALSE,FALSE,TRUE,FALSE,FALSE
1038,54,Female,Shoes,Accessories,91.22,M,5,No,3,UPI,24277,24,14,FALSE,TRUE,FALSE,FALSE,TRUE,FALSE,FALSE
1039,22,Female,Phone,Electronics,491.2,M,3,Yes,2,Credit Card,139886,66,16,FALSE,FALSE,TRUE,FALSE,FALSE,TRUE,FALSE
1040,36,Male,Laptop,Electronics,57.16,L,5,No,3,UPI,45588,1,19,FALSE,FALSE,TRUE,FALSE,TRUE,FALSE,FALSE
1041,31,Female,Laptop,Electronics,298.71,M,1,Yes,0,Cash,104994,44,14,FALSE,TRUE,FALSE,FALSE,TRUE,FALSE,FALSE
1042,43,Female,Shoes,Sports,316.97,L,5,No,8,Credit Card,138165,48,15,FALSE,TRUE,FALSE,FALSE,FALSE,TRUE,FALSE
1043,21,Male,Football,Clothing,273.66,M,5,No,1,Debit Card,75374,37,9,FALSE,TRUE,FALSE,FALSE,FALSE,TRUE,FALSE
1044,42,Male,Football,Sports,334.47,M,3,Yes,1,Cash,89357,88,11,FALSE,TRUE,FALSE,FALSE,FALSE,TRUE,FALSE
1045,62,Male,Curtains,Clothing,66.93,L,1,No,2,UPI,114462,64,7,TRUE,FALSE,FALSE,FALSE,FALSE,TRUE,FALSE
1046,59,Male,Laptop,Accessories,281.96,L,5,Yes,13,Credit Card,90948,35,6,FALSE,FALSE,TRUE,FALSE,FALSE,FALSE,TRUE
1047,42,Male,Shoes,Home Decor,150.73,S,5,No,12,Cash,109283,56,10,TRUE,FALSE,FALSE,TRUE,FALSE,FALSE,FALSE
1048,35,Female,Watch,Accessories,470.69,XL,2,Yes,0,Cash,122141,79,9,FALSE,TRUE,FALSE,FALSE,TRUE,FALSE,FALSE
1049,57,Female,Football,Sports,383.42,L,5,No,9,UPI,20958,5,4,FALSE,FALSE,TRUE,FALSE,FALSE,TRUE,FALSE
1050,25,Female,Watch,Sports,486.53,S,3,Yes,2,UPI,142102,55,6,FALSE,FALSE,TRUE,FALSE,TRUE,FALSE,FALSE
1051,56,Male,Shoes,Clothing,28.4,M,2,No,3,Debit Card,85355,70,5,FALSE,FALSE,TRUE,FALSE,FALSE,TRUE,FALSE
1052,57,Male,Shoes,Sports,149.72,L,1,Yes,8,Debit Card,105867,14,4,TRUE,FALSE,FALSE,FALSE,FALSE,FALSE,TRUE
1053,31,Male,Bag,Electronics,105.76,L,4,No,4,Cash,54211,89,2,FALSE,TRUE,FALSE,TRUE,FALSE,FALSE,FALSE
1054,49,Female,Laptop,Sports,15.47,M,3,No,10,UPI,130607,56,15,FALSE,FALSE,TRUE,FALSE,TRUE,FALSE,FALSE
1055,55,Female,Bag,Clothing,128.74,M,1,No,5,Cash,46512,91,16,FALSE,TRUE,FALSE,TRUE,FALSE,FALSE,FALSE
1056,50,Male,Watch,Clothing,342.6,M,2,No,12,PayPal,67995,52,8,FALSE,TRUE,FALSE,FALSE,FALSE,FALSE,TRUE
1057,40,Female,Bag,Electronics,123.23,M,4,No,0,UPI,104261,51,12,FALSE,TRUE,FALSE,FALSE,TRUE,FALSE,FALSE
1058,32,Male,Curtains,Clothing,259.41,XL,1,No,2,PayPal,90389,76,4,FALSE,TRUE,FALSE,FALSE,TRUE,FALSE,FALSE
1059,50,Female,Laptop,Home Decor,445.03,L,3,Yes,13,PayPal,113794,63,3,FALSE,TRUE,FALSE,TRUE,FALSE,FALSE,FALSE
1060,42,Female,T-Shirt,Accessories,349.94,M,2,Yes,6,UPI,47270,71,7,FALSE,TRUE,FALSE,FALSE,FALSE,FALSE,TRUE
1061,34,Female,Bag,Sports,203.37,M,3,Yes,6,Debit Card,116153,17,10,FALSE,TRUE,FALSE,FALSE,FALSE,TRUE,FALSE
1062,50,Male,Watch,Home Decor,192.51,XL,3,Yes,9,Cash,25779,11,2,TRUE,FALSE,FALSE,FALSE,TRUE,FALSE,FALSE
1063,64,Female,Football,Sports,233.31,L,2,Yes,12,Credit Card,21850,64,14,FALSE,TRUE,FALSE,TRUE,FALSE,FALSE,FALSE
1064,19,Female,Football,Home Decor,96.75,S,5,Yes,11,Credit Card,36677,53,19,TRUE,FALSE,FALSE,FALSE,FALSE,FALSE,TRUE
1065,31,Male,Football,Sports,320.66,L,3,No,11,UPI,101867,94,6,FALSE,FALSE,TRUE,FALSE,FALSE,TRUE,FALSE
1066,57,Female,Phone,Electronics,188.43,S,2,No,14,Debit Card,53049,53,19,TRUE,FALSE,FALSE,FALSE,FALSE,FALSE,TRUE
1067,57,Male,Shoes,Clothing,427.66,XL,3,No,12,Debit Card,99060,1,17,FALSE,FALSE,TRUE,FALSE,FALSE,FALSE,TRUE
1068,56,Male,Laptop,Clothing,380.71,M,5,Yes,0,Debit Card,86512,23,1,TRUE,FALSE,FALSE,TRUE,FALSE,FALSE,FALSE
1069,23,Male,Football,Electronics,309.15,XL,2,No,8,Credit Card,57552,70,18,TRUE,FALSE,FALSE,FALSE,FALSE,TRUE,FALSE
1070,23,Male,T-Shirt,Home Decor,188.46,L,1,Yes,0,PayPal,83900,63,18,FALSE,TRUE,FALSE,TRUE,FALSE,FALSE,FALSE
1071,20,Male,Football,Accessories,112.87,M,1,Yes,6,Credit Card,139641,8,13,TRUE,FALSE,FALSE,TRUE,FALSE,FALSE,FALSE
1072,24,Female,Curtains,Home Decor,390.31,L,1,Yes,11,Debit Card,54482,83,8,TRUE,FALSE,FALSE,FALSE,FALSE,FALSE,TRUE
1073,25,Male,Shoes,Clothing,248.34,S,4,No,11,Credit Card,42896,37,8,FALSE,TRUE,FALSE,TRUE,FALSE,FALSE,FALSE
1074,59,Male,Watch,Accessories,120.13,L,3,No,1,Credit Card,143801,32,16,FALSE,FALSE,TRUE,FALSE,TRUE,FALSE,FALSE
1075,32,Male,Shoes,Sports,105.64,XL,3,Yes,8,Cash,128735,5,5,FALSE,FALSE,TRUE,FALSE,FALSE,FALSE,TRUE
1076,64,Male,Bag,Accessories,91.05,XL,2,No,11,UPI,44879,33,11,FALSE,TRUE,FALSE,TRUE,FALSE,FALSE,FALSE
1077,46,Female,Watch,Home Decor,390.81,XL,4,No,11,PayPal,138472,28,17,TRUE,FALSE,FALSE,FALSE,FALSE,TRUE,FALSE
1078,50,Male,Watch,Electronics,122.2,M,3,Yes,8,Cash,129272,86,6,TRUE,FALSE,FALSE,FALSE,FALSE,TRUE,FALSE
1079,47,Female,Bag,Sports,268.05,L,2,No,8,UPI,71862,57,1,TRUE,FALSE,FALSE,TRUE,FALSE,FALSE,FALSE
1080,56,Male,Laptop,Home Decor,231.26,M,5,No,3,Debit Card,100331,62,9,FALSE,TRUE,FALSE,FALSE,TRUE,FALSE,FALSE
1081,44,Female,Bag,Sports,294.01,L,3,Yes,5,Cash,93241,71,3,TRUE,FALSE,FALSE,FALSE,TRUE,FALSE,FALSE
1082,53,Male,Phone,Accessories,439.81,S,3,Yes,12,UPI,96864,87,4,TRUE,FALSE,FALSE,TRUE,FALSE,FALSE,FALSE
1083,46,Male,Watch,Clothing,435.2,L,5,No,11,Cash,115575,62,5,FALSE,TRUE,FALSE,FALSE,TRUE,FALSE,FALSE
1084,55,Female,Watch,Home Decor,231.03,L,5,No,1,Credit Card,139621,23,4,TRUE,FALSE,FALSE,FALSE,FALSE,TRUE,FALSE
1085,50,Male,Bag,Electronics,17.53,L,3,No,2,Credit Card,84091,94,2,FALSE,FALSE,TRUE,FALSE,FALSE,FALSE,TRUE
1086,54,Female,Laptop,Accessories,218.96,L,5,Yes,5,Cash,104719,83,6,FALSE,FALSE,TRUE,FALSE,FALSE,FALSE,TRUE
1087,44,Male,Football,Home Decor,307.03,S,2,Yes,0,Cash,40009,53,19,TRUE,FALSE,FALSE,TRUE,FALSE,FALSE,FALSE
1088,50,Female,Curtains,Electronics,283.3,M,3,Yes,6,PayPal,85103,80,1,TRUE,FALSE,FALSE,FALSE,TRUE,FALSE,FALSE
1089,21,Male,T-Shirt,Home Decor,329.15,XL,3,No,1,Debit Card,128224,52,13,TRUE,FALSE,FALSE,TRUE,FALSE,FALSE,FALSE
1090,39,Male,Laptop,Accessories,85.5,L,1,No,7,Credit Card,44314,30,13,TRUE,FALSE,FALSE,TRUE,FALSE,FALSE,FALSE
1091,19,Female,Phone,Home Decor,326.8,XL,3,Yes,4,Cash,29400,62,8,TRUE,FALSE,FALSE,TRUE,FALSE,FALSE,FALSE
1092,27,Male,Laptop,Sports,99.5,XL,1,Yes,6,UPI,128176,57,16,TRUE,FALSE,FALSE,FALSE,FALSE,TRUE,FALSE
1093,22,Male,Shoes,Accessories,377.76,XL,5,Yes,7,Debit Card,27326,44,18,FALSE,TRUE,FALSE,FALSE,FALSE,FALSE,TRUE
1094,27,Male,Football,Home Decor,176.15,XL,5,No,2,UPI,56210,26,9,FALSE,TRUE,FALSE,FALSE,FALSE,TRUE,FALSE
1095,50,Male,Football,Clothing,357.85,L,2,No,5,Debit Card,68839,51,4,FALSE,TRUE,FALSE,FALSE,TRUE,FALSE,FALSE
1096,55,Male,Watch,Home Decor,33.45,XL,1,No,11,UPI,46028,93,19,FALSE,FALSE,TRUE,FALSE,FALSE,FALSE,TRUE
1097,30,Male,Football,Sports,209.85,L,3,No,8,Credit Card,73421,15,14,TRUE,FALSE,FALSE,FALSE,TRUE,FALSE,FALSE
1098,48,Female,Football,Electronics,355.47,S,1,Yes,3,Cash,111923,70,11,FALSE,FALSE,TRUE,FALSE,TRUE,FALSE,FALSE
1099,64,Female,Bag,Electronics,121.17,M,5,No,9,Cash,60453,99,6,FALSE,TRUE,FALSE,FALSE,FALSE,FALSE,TRUE
1100,53,Female,Football,Electronics,399.69,M,5,No,6,PayPal,48555,78,4,TRUE,FALSE,FALSE,FALSE,FALSE,FALSE,TRUE
1101,62,Male,Football,Clothing,319.08,L,2,Yes,14,Cash,134944,60,17,TRUE,FALSE,FALSE,FALSE,FALSE,TRUE,FALSE
1102,41,Female,T-Shirt,Sports,297.91,L,5,Yes,0,Credit Card,127727,9,5,FALSE,TRUE,FALSE,TRUE,FALSE,FALSE,FALSE
1103,32,Male,Phone,Accessories,183.24,M,1,Yes,11,Debit Card,104931,54,16,FALSE,TRUE,FALSE,FALSE,TRUE,FALSE,FALSE
1104,46,Male,Watch,Electronics,246.4,XL,3,No,6,Debit Card,138912,94,10,FALSE,FALSE,TRUE,FALSE,TRUE,FALSE,FALSE
1105,25,Male,Bag,Sports,302.7,L,3,Yes,8,Cash,27690,49,11,FALSE,FALSE,TRUE,FALSE,FALSE,TRUE,FALSE
1106,22,Male,Football,Home Decor,241.51,XL,1,No,9,UPI,128513,54,16,FALSE,FALSE,TRUE,FALSE,FALSE,TRUE,FALSE
1107,46,Female,Watch,Clothing,352.17,L,2,Yes,7,Cash,105465,35,14,TRUE,FALSE,FALSE,FALSE,TRUE,FALSE,FALSE
1108,64,Male,Phone,Sports,222.51,L,3,No,3,Debit Card,109968,31,18,FALSE,FALSE,TRUE,TRUE,FALSE,FALSE,FALSE
1109,21,Female,Bag,Sports,109.11,S,1,No,2,PayPal,108172,17,18,TRUE,FALSE,FALSE,FALSE,FALSE,FALSE,TRUE
1110,29,Male,Curtains,Accessories,114.83,S,1,Yes,6,Debit Card,139664,60,4,FALSE,TRUE,FALSE,FALSE,FALSE,TRUE,FALSE
1111,62,Female,Football,Sports,12.84,M,5,Yes,12,UPI,35121,49,6,TRUE,FALSE,FALSE,FALSE,TRUE,FALSE,FALSE
1112,19,Female,Watch,Accessories,157.47,S,5,No,11,UPI,51958,37,5,FALSE,TRUE,FALSE,TRUE,FALSE,FALSE,FALSE
1113,44,Female,Laptop,Clothing,376.97,S,2,Yes,0,PayPal,63751,95,20,FALSE,TRUE,FALSE,FALSE,FALSE,TRUE,FALSE
1114,48,Female,Bag,Clothing,399.14,M,2,No,7,UPI,82733,71,19,TRUE,FALSE,FALSE,FALSE,FALSE,FALSE,TRUE
1115,53,Female,Bag,Home Decor,109.21,XL,2,Yes,13,Cash,103635,33,5,TRUE,FALSE,FALSE,FALSE,FALSE,TRUE,FALSE
1116,53,Female,Watch,Accessories,479.93,S,1,No,11,Cash,48753,45,6,FALSE,TRUE,FALSE,FALSE,TRUE,FALSE,FALSE
1117,43,Male,Football,Accessories,256.18,XL,1,No,0,Debit Card,42286,37,4,TRUE,FALSE,FALSE,FALSE,FALSE,TRUE,FALSE
1118,60,Female,Shoes,Electronics,459.32,M,5,Yes,6,Credit Card,133754,68,13,FALSE,FALSE,TRUE,FALSE,FALSE,FALSE,TRUE
1119,44,Male,T-Shirt,Electronics,356.31,L,3,No,5,Cash,38627,34,16,TRUE,FALSE,FALSE,FALSE,TRUE,FALSE,FALSE
1120,22,Female,Laptop,Home Decor,363.99,XL,2,No,9,Cash,67559,76,2,FALSE,FALSE,TRUE,FALSE,FALSE,FALSE,TRUE
1121,37,Male,Laptop,Clothing,51.67,M,4,No,7,PayPal,82081,57,16,FALSE,TRUE,FALSE,FALSE,TRUE,FALSE,FALSE
1122,28,Female,Shoes,Electronics,117.8,XL,2,No,5,Cash,44596,38,17,TRUE,FALSE,FALSE,TRUE,FALSE,FALSE,FALSE
1123,27,Female,Football,Sports,14.32,M,5,Yes,4,Debit Card,73172,75,15,FALSE,FALSE,TRUE,TRUE,FALSE,FALSE,FALSE
1124,57,Male,Bag,Clothing,360.9,M,1,No,8,PayPal,129581,96,14,FALSE,TRUE,FALSE,FALSE,TRUE,FALSE,FALSE
1125,55,Female,Bag,Sports,178.77,L,5,No,3,Cash,54270,17,18,FALSE,FALSE,TRUE,TRUE,FALSE,FALSE,FALSE
1126,23,Female,T-Shirt,Accessories,395.46,XL,5,Yes,6,Debit Card,44515,3,5,TRUE,FALSE,FALSE,FALSE,FALSE,FALSE,TRUE
1127,25,Female,Laptop,Clothing,176.08,L,5,Yes,5,PayPal,25322,45,3,TRUE,FALSE,FALSE,FALSE,TRUE,FALSE,FALSE
1128,40,Male,T-Shirt,Home Decor,411.47,L,4,No,9,Credit Card,106035,89,2,TRUE,FALSE,FALSE,FALSE,FALSE,TRUE,FALSE
1129,64,Female,Laptop,Accessories,74.04,XL,4,No,5,Debit Card,54873,20,1,TRUE,FALSE,FALSE,FALSE,FALSE,FALSE,TRUE
1130,43,Male,Football,Accessories,94.95,XL,2,No,10,Cash,127092,38,2,TRUE,FALSE,FALSE,FALSE,FALSE,TRUE,FALSE
1131,63,Female,Curtains,Sports,177.03,M,1,Yes,11,PayPal,26595,43,9,TRUE,FALSE,FALSE,TRUE,FALSE,FALSE,FALSE
1132,60,Female,Laptop,Accessories,210.16,XL,5,No,4,Credit Card,90726,33,20,TRUE,FALSE,FALSE,FALSE,FALSE,FALSE,TRUE
1133,29,Male,Curtains,Electronics,180.86,M,3,No,1,Debit Card,44505,89,5,FALSE,FALSE,TRUE,TRUE,FALSE,FALSE,FALSE
1134,43,Female,Laptop,Clothing,384.19,M,2,Yes,3,Credit Card,45334,13,12,FALSE,TRUE,FALSE,FALSE,FALSE,TRUE,FALSE
1135,30,Female,Bag,Electronics,57.51,M,2,No,0,Debit Card,114591,88,19,TRUE,FALSE,FALSE,FALSE,TRUE,FALSE,FALSE
1136,57,Male,Phone,Sports,182.1,M,5,Yes,8,Cash,58361,49,19,FALSE,TRUE,FALSE,FALSE,FALSE,FALSE,TRUE
1137,35,Female,Football,Sports,420.25,M,2,No,8,Debit Card,54868,89,14,FALSE,TRUE,FALSE,TRUE,FALSE,FALSE,FALSE
1138,42,Male,Shoes,Clothing,42.73,M,5,Yes,7,Cash,106675,37,3,FALSE,FALSE,TRUE,FALSE,FALSE,FALSE,TRUE
1139,50,Male,Curtains,Accessories,471.75,XL,2,No,3,Debit Card,113426,20,11,FALSE,TRUE,FALSE,TRUE,FALSE,FALSE,FALSE
1140,64,Male,Shoes,Home Decor,493.3,XL,1,No,4,PayPal,144683,90,4,FALSE,FALSE,TRUE,FALSE,FALSE,TRUE,FALSE
1141,57,Female,Football,Sports,53.4,S,2,Yes,0,Debit Card,117331,73,13,FALSE,FALSE,TRUE,FALSE,TRUE,FALSE,FALSE
1142,60,Male,Watch,Clothing,152.72,XL,2,Yes,3,Debit Card,65941,19,15,TRUE,FALSE,FALSE,FALSE,TRUE,FALSE,FALSE
1143,29,Male,Shoes,Home Decor,192.48,L,3,No,3,UPI,132691,48,5,FALSE,FALSE,TRUE,FALSE,FALSE,FALSE,TRUE
1144,61,Female,Football,Accessories,390.43,S,1,Yes,14,UPI,41480,3,20,FALSE,TRUE,FALSE,FALSE,TRUE,FALSE,FALSE
1145,53,Male,Bag,Sports,302,XL,1,Yes,4,Debit Card,123514,40,3,FALSE,TRUE,FALSE,TRUE,FALSE,FALSE,FALSE
1146,21,Female,Shoes,Clothing,325.74,L,1,Yes,1,UPI,95127,36,8,FALSE,FALSE,TRUE,FALSE,TRUE,FALSE,FALSE
1147,22,Female,Curtains,Clothing,381.18,XL,2,No,1,Cash,41756,76,13,FALSE,FALSE,TRUE,FALSE,FALSE,TRUE,FALSE
1148,54,Female,Phone,Clothing,67.81,M,4,No,11,UPI,47905,11,17,FALSE,TRUE,FALSE,FALSE,TRUE,FALSE,FALSE
1149,25,Female,Shoes,Sports,418.27,S,2,Yes,1,Debit Card,110494,81,3,TRUE,FALSE,FALSE,FALSE,FALSE,TRUE,FALSE
1150,59,Male,Curtains,Home Decor,355.75,M,5,Yes,10,Credit Card,149911,24,12,FALSE,TRUE,FALSE,FALSE,FALSE,TRUE,FALSE
1151,45,Male,Laptop,Clothing,292.9,S,3,Yes,7,Credit Card,88862,37,2,TRUE,FALSE,FALSE,FALSE,FALSE,TRUE,FALSE
1152,48,Male,Football,Accessories,445.97,S,1,No,12,Debit Card,148375,3,2,FALSE,TRUE,FALSE,TRUE,FALSE,FALSE,FALSE
1153,26,Male,T-Shirt,Clothing,353.15,M,5,Yes,11,Debit Card,34443,82,17,FALSE,FALSE,TRUE,TRUE,FALSE,FALSE,FALSE
1154,46,Male,Watch,Home Decor,108.83,S,5,Yes,1,Credit Card,57935,24,16,FALSE,FALSE,TRUE,FALSE,FALSE,FALSE,TRUE
1155,31,Female,Bag,Sports,220.58,S,4,No,5,PayPal,23043,79,11,FALSE,TRUE,FALSE,TRUE,FALSE,FALSE,FALSE
1156,57,Male,T-Shirt,Clothing,252.08,XL,1,Yes,1,UPI,110785,26,7,TRUE,FALSE,FALSE,FALSE,FALSE,FALSE,TRUE
1157,58,Male,Bag,Clothing,37.06,L,2,No,12,PayPal,121296,70,4,FALSE,TRUE,FALSE,FALSE,TRUE,FALSE,FALSE
1158,39,Male,Football,Accessories,477.77,M,1,No,7,Cash,26770,70,6,FALSE,FALSE,TRUE,FALSE,TRUE,FALSE,FALSE
1159,28,Female,Bag,Accessories,73,XL,3,Yes,13,Credit Card,125356,7,19,TRUE,FALSE,FALSE,FALSE,FALSE,TRUE,FALSE
1160,40,Female,Phone,Clothing,351.76,XL,1,No,0,Credit Card,117277,40,14,FALSE,FALSE,TRUE,FALSE,FALSE,TRUE,FALSE
1161,18,Male,Shoes,Clothing,258.05,M,5,No,1,PayPal,42359,21,12,FALSE,FALSE,TRUE,FALSE,TRUE,FALSE,FALSE
1162,63,Female,Phone,Accessories,22.56,S,5,No,13,Cash,137085,98,10,TRUE,FALSE,FALSE,FALSE,FALSE,FALSE,TRUE
1163,54,Male,T-Shirt,Home Decor,463.13,M,2,No,4,PayPal,84155,63,15,TRUE,FALSE,FALSE,TRUE,FALSE,FALSE,FALSE
1164,38,Male,Watch,Electronics,427.4,L,2,Yes,5,Cash,78693,14,8,TRUE,FALSE,FALSE,FALSE,FALSE,TRUE,FALSE
1165,43,Female,Curtains,Electronics,266.89,L,2,No,14,Debit Card,88014,6,19,FALSE,FALSE,TRUE,TRUE,FALSE,FALSE,FALSE
1166,63,Female,Watch,Clothing,122.18,M,3,Yes,8,Debit Card,116980,45,4,TRUE,FALSE,FALSE,FALSE,FALSE,TRUE,FALSE
1167,53,Male,Football,Accessories,69.6,XL,1,No,5,Credit Card,145787,47,17,FALSE,TRUE,FALSE,FALSE,FALSE,TRUE,FALSE
1168,40,Male,Football,Sports,188.06,M,4,No,7,Debit Card,106742,44,11,TRUE,FALSE,FALSE,FALSE,FALSE,FALSE,TRUE
1169,18,Female,Phone,Sports,135.16,L,1,Yes,14,PayPal,57068,96,1,TRUE,FALSE,FALSE,FALSE,FALSE,FALSE,TRUE
1170,57,Male,Curtains,Electronics,258.28,M,2,No,11,Cash,98846,17,6,FALSE,TRUE,FALSE,FALSE,FALSE,TRUE,FALSE
1171,32,Female,Phone,Home Decor,483.54,S,3,Yes,6,Credit Card,25063,14,13,FALSE,FALSE,TRUE,FALSE,FALSE,FALSE,TRUE
1172,38,Male,Shoes,Electronics,291.73,M,1,No,0,Debit Card,120641,53,1,TRUE,FALSE,FALSE,TRUE,FALSE,FALSE,FALSE
1173,64,Female,Laptop,Clothing,446.07,XL,5,No,1,Credit Card,131633,17,17,TRUE,FALSE,FALSE,FALSE,TRUE,FALSE,FALSE
1174,26,Male,Curtains,Home Decor,328.93,S,1,Yes,3,Credit Card,122366,1,12,FALSE,TRUE,FALSE,TRUE,FALSE,FALSE,FALSE
1175,26,Male,Laptop,Sports,242.87,L,5,No,11,Cash,52650,13,19,FALSE,TRUE,FALSE,TRUE,FALSE,FALSE,FALSE
1176,27,Female,Watch,Accessories,428.76,M,1,No,0,PayPal,143910,81,5,FALSE,TRUE,FALSE,FALSE,FALSE,FALSE,TRUE
1177,43,Male,Shoes,Accessories,240.97,XL,1,Yes,7,PayPal,47459,66,11,FALSE,TRUE,FALSE,FALSE,FALSE,TRUE,FALSE
1178,58,Male,Bag,Clothing,435.63,XL,1,No,3,UPI,49285,48,11,FALSE,TRUE,FALSE,FALSE,FALSE,FALSE,TRUE
1179,52,Female,Bag,Electronics,152.87,L,2,No,6,PayPal,88311,80,17,FALSE,TRUE,FALSE,FALSE,FALSE,FALSE,TRUE
1180,42,Male,Laptop,Clothing,73.12,M,5,No,6,Debit Card,132064,83,6,TRUE,FALSE,FALSE,TRUE,FALSE,FALSE,FALSE
1181,43,Male,T-Shirt,Accessories,429.1,XL,3,No,7,UPI,149641,1,5,TRUE,FALSE,FALSE,FALSE,TRUE,FALSE,FALSE
1182,28,Male,Watch,Sports,297.83,S,4,No,8,UPI,117783,34,12,TRUE,FALSE,FALSE,FALSE,FALSE,TRUE,FALSE
1183,55,Female,Laptop,Accessories,445.66,M,5,Yes,8,UPI,148053,35,6,FALSE,TRUE,FALSE,FALSE,FALSE,TRUE,FALSE
1184,19,Female,Shoes,Home Decor,469.54,L,2,Yes,13,UPI,66240,71,20,FALSE,TRUE,FALSE,FALSE,FALSE,FALSE,TRUE
1185,24,Female,Laptop,Accessories,36.28,S,5,No,6,PayPal,57004,31,18,FALSE,TRUE,FALSE,TRUE,FALSE,FALSE,FALSE
1186,35,Male,Football,Accessories,255.47,M,3,No,8,UPI,31961,39,10,FALSE,TRUE,FALSE,TRUE,FALSE,FALSE,FALSE
1187,44,Male,Phone,Home Decor,193.73,XL,5,No,14,Debit Card,49007,97,15,TRUE,FALSE,FALSE,FALSE,FALSE,FALSE,TRUE
1188,51,Male,T-Shirt,Electronics,316.67,L,2,Yes,4,Debit Card,85215,32,13,FALSE,FALSE,TRUE,TRUE,FALSE,FALSE,FALSE
1189,44,Male,Football,Accessories,398.86,L,2,No,9,Credit Card,45543,19,19,TRUE,FALSE,FALSE,FALSE,FALSE,TRUE,FALSE
1190,34,Female,Football,Clothing,147.49,M,4,No,3,Debit Card,89196,4,19,FALSE,TRUE,FALSE,FALSE,FALSE,TRUE,FALSE
1191,60,Male,Shoes,Accessories,282.83,L,3,No,2,Credit Card,40323,49,17,FALSE,TRUE,FALSE,FALSE,FALSE,TRUE,FALSE
1192,61,Male,Phone,Clothing,357.28,S,4,No,5,Debit Card,86793,39,9,FALSE,TRUE,FALSE,TRUE,FALSE,FALSE,FALSE
1193,41,Male,Phone,Home Decor,75.87,M,1,Yes,9,UPI,118420,46,17,FALSE,FALSE,TRUE,FALSE,FALSE,FALSE,TRUE
1194,42,Female,Curtains,Accessories,408.89,S,2,No,10,Cash,100935,95,4,FALSE,FALSE,TRUE,FALSE,FALSE,FALSE,TRUE
1195,24,Male,Watch,Home Decor,306.99,L,4,No,8,UPI,98020,80,14,TRUE,FALSE,FALSE,FALSE,TRUE,FALSE,FALSE
1196,23,Male,T-Shirt,Home Decor,475.27,L,2,No,3,PayPal,85292,12,13,TRUE,FALSE,FALSE,FALSE,FALSE,TRUE,FALSE
1197,41,Male,Watch,Electronics,176.37,L,2,No,13,Credit Card,75106,85,15,FALSE,FALSE,TRUE,FALSE,TRUE,FALSE,FALSE
1198,50,Male,Shoes,Accessories,62.99,S,1,No,1,Cash,93114,60,10,TRUE,FALSE,FALSE,FALSE,FALSE,FALSE,TRUE
1199,46,Male,T-Shirt,Clothing,258.19,L,2,No,10,Debit Card,24601,100,17,FALSE,TRUE,FALSE,FALSE,FALSE,FALSE,TRUE
1200,60,Female,Curtains,Clothing,52.05,M,4,No,2,UPI,55753,34,7,TRUE,FALSE,FALSE,FALSE,TRUE,FALSE,FALSE
1201,39,Male,Laptop,Accessories,485.07,XL,3,Yes,2,Credit Card,120006,66,13,FALSE,FALSE,TRUE,FALSE,TRUE,FALSE,FALSE
1202,43,Male,Football,Electronics,28.96,M,5,No,1,Credit Card,134165,13,10,FALSE,FALSE,TRUE,FALSE,FALSE,FALSE,TRUE
1203,45,Male,T-Shirt,Electronics,379.22,XL,4,Yes,12,Debit Card,129322,19,14,FALSE,FALSE,TRUE,FALSE,FALSE,TRUE,FALSE
1204,38,Male,Watch,Electronics,267.3,L,1,Yes,8,Credit Card,106105,66,15,TRUE,FALSE,FALSE,FALSE,TRUE,FALSE,FALSE
1205,24,Male,Football,Clothing,190.62,M,5,No,3,Debit Card,92613,26,5,FALSE,TRUE,FALSE,TRUE,FALSE,FALSE,FALSE
1206,34,Male,Shoes,Home Decor,42.26,S,2,No,2,Debit Card,119736,80,20,FALSE,FALSE,TRUE,TRUE,FALSE,FALSE,FALSE
1207,37,Male,Watch,Electronics,314.86,XL,4,No,13,UPI,128923,49,8,FALSE,FALSE,TRUE,FALSE,FALSE,TRUE,FALSE
1208,58,Male,Laptop,Clothing,296.76,S,5,Yes,9,Credit Card,131360,98,8,FALSE,FALSE,TRUE,TRUE,FALSE,FALSE,FALSE
1209,37,Male,Shoes,Clothing,147.63,XL,4,Yes,5,PayPal,85978,56,9,FALSE,FALSE,TRUE,FALSE,TRUE,FALSE,FALSE
1210,39,Male,Bag,Home Decor,456.01,L,2,Yes,7,PayPal,99031,8,16,FALSE,FALSE,TRUE,FALSE,FALSE,TRUE,FALSE
1211,45,Female,Laptop,Accessories,159.01,M,4,No,10,UPI,89529,84,7,FALSE,FALSE,TRUE,FALSE,FALSE,FALSE,TRUE
1212,57,Female,Laptop,Accessories,230.37,XL,1,No,7,UPI,61405,78,14,FALSE,FALSE,TRUE,FALSE,FALSE,TRUE,FALSE
1213,24,Female,Football,Electronics,276.44,M,5,Yes,9,Debit Card,57611,7,13,TRUE,FALSE,FALSE,FALSE,FALSE,FALSE,TRUE
1214,18,Female,Shoes,Electronics,59.11,XL,5,Yes,5,PayPal,77474,37,15,TRUE,FALSE,FALSE,FALSE,TRUE,FALSE,FALSE
1215,49,Male,Shoes,Home Decor,466.76,XL,5,No,4,Credit Card,134630,53,1,FALSE,FALSE,TRUE,FALSE,FALSE,FALSE,TRUE
1216,30,Female,T-Shirt,Electronics,193.52,L,4,Yes,10,PayPal,51141,37,14,FALSE,TRUE,FALSE,FALSE,FALSE,FALSE,TRUE
1217,47,Female,Watch,Home Decor,49.58,XL,2,Yes,6,UPI,97307,24,15,FALSE,TRUE,FALSE,FALSE,TRUE,FALSE,FALSE
1218,40,Male,Bag,Clothing,199.77,S,4,Yes,2,UPI,127602,76,6,TRUE,FALSE,FALSE,TRUE,FALSE,FALSE,FALSE
1219,36,Female,Shoes,Electronics,304.1,XL,4,Yes,11,Debit Card,109483,37,1,FALSE,FALSE,TRUE,FALSE,FALSE,TRUE,FALSE
1220,49,Female,T-Shirt,Clothing,261.69,XL,5,Yes,9,Credit Card,77951,29,19,FALSE,TRUE,FALSE,FALSE,TRUE,FALSE,FALSE
1221,47,Male,Bag,Sports,350.33,XL,2,Yes,1,UPI,87320,8,9,FALSE,TRUE,FALSE,TRUE,FALSE,FALSE,FALSE
1222,46,Male,Phone,Home Decor,37.19,L,3,Yes,12,Credit Card,135622,34,6,FALSE,TRUE,FALSE,FALSE,FALSE,FALSE,TRUE
1223,62,Male,Phone,Sports,149.42,M,2,No,7,PayPal,23256,60,12,FALSE,FALSE,TRUE,TRUE,FALSE,FALSE,FALSE
1224,46,Female,Bag,Electronics,411.42,M,4,Yes,10,Debit Card,83727,71,4,TRUE,FALSE,FALSE,FALSE,FALSE,TRUE,FALSE
1225,47,Female,Phone,Clothing,49.15,L,1,No,11,PayPal,97256,53,10,FALSE,TRUE,FALSE,FALSE,FALSE,FALSE,TRUE
1226,33,Male,Curtains,Electronics,429.19,S,2,No,13,UPI,25441,55,9,FALSE,FALSE,TRUE,TRUE,FALSE,FALSE,FALSE
1227,57,Male,Shoes,Sports,55.03,S,5,Yes,8,UPI,133457,30,1,FALSE,FALSE,TRUE,FALSE,TRUE,FALSE,FALSE
1228,36,Female,Curtains,Electronics,418.88,L,1,No,11,Credit Card,41718,24,13,FALSE,TRUE,FALSE,FALSE,FALSE,TRUE,FALSE
1229,35,Male,Watch,Accessories,186.79,M,3,Yes,5,UPI,85228,4,17,FALSE,FALSE,TRUE,FALSE,FALSE,TRUE,FALSE
1230,18,Female,Shoes,Sports,309.98,S,3,No,3,Credit Card,120994,25,3,FALSE,FALSE,TRUE,FALSE,FALSE,FALSE,TRUE
1231,31,Male,T-Shirt,Electronics,84.91,L,1,No,5,Cash,93259,96,12,FALSE,FALSE,TRUE,TRUE,FALSE,FALSE,FALSE
1232,64,Male,Curtains,Clothing,42.42,M,3,Yes,11,UPI,130720,11,8,TRUE,FALSE,FALSE,FALSE,FALSE,TRUE,FALSE
1233,19,Female,Curtains,Electronics,115.81,S,1,No,6,PayPal,98662,63,1,FALSE,FALSE,TRUE,TRUE,FALSE,FALSE,FALSE
1234,45,Male,Watch,Clothing,72.65,S,4,Yes,11,PayPal,20625,15,12,TRUE,FALSE,FALSE,FALSE,TRUE,FALSE,FALSE
1235,47,Male,Curtains,Accessories,163.08,L,1,No,7,Credit Card,125821,25,5,TRUE,FALSE,FALSE,FALSE,FALSE,TRUE,FALSE
1236,55,Male,Laptop,Electronics,262.05,M,4,Yes,2,Cash,89755,49,20,FALSE,TRUE,FALSE,FALSE,FALSE,TRUE,FALSE
1237,21,Female,T-Shirt,Accessories,298.49,S,5,Yes,11,UPI,145021,16,16,TRUE,FALSE,FALSE,FALSE,FALSE,TRUE,FALSE
1238,18,Male,Phone,Sports,397.04,L,5,No,5,Debit Card,61391,91,6,FALSE,TRUE,FALSE,TRUE,FALSE,FALSE,FALSE
1239,25,Male,T-Shirt,Clothing,331.56,S,3,Yes,13,Debit Card,129621,57,1,TRUE,FALSE,FALSE,FALSE,FALSE,TRUE,FALSE
1240,46,Male,Laptop,Sports,308.29,M,1,Yes,9,PayPal,55017,70,19,FALSE,TRUE,FALSE,FALSE,FALSE,TRUE,FALSE
1241,56,Male,Watch,Clothing,211.77,XL,4,No,5,UPI,83352,44,7,TRUE,FALSE,FALSE,FALSE,FALSE,TRUE,FALSE
1242,20,Male,Watch,Accessories,242.17,S,5,Yes,9,Debit Card,136855,18,15,FALSE,TRUE,FALSE,FALSE,FALSE,TRUE,FALSE
1243,49,Male,Shoes,Home Decor,213.12,M,5,No,6,Credit Card,103716,22,12,FALSE,TRUE,FALSE,FALSE,TRUE,FALSE,FALSE
1244,27,Female,T-Shirt,Electronics,422.66,S,5,No,14,UPI,90683,3,18,FALSE,FALSE,TRUE,FALSE,FALSE,TRUE,FALSE
1245,27,Female,Bag,Accessories,122.7,XL,3,No,13,PayPal,41157,10,9,TRUE,FALSE,FALSE,FALSE,FALSE,FALSE,TRUE
1246,36,Male,Bag,Clothing,12.8,XL,5,Yes,3,Cash,54372,77,14,TRUE,FALSE,FALSE,TRUE,FALSE,FALSE,FALSE
1247,63,Female,Watch,Clothing,329.15,S,2,No,5,Credit Card,36513,69,14,TRUE,FALSE,FALSE,FALSE,FALSE,TRUE,FALSE
1248,51,Female,Curtains,Clothing,109.21,L,3,Yes,14,Credit Card,131479,57,6,FALSE,TRUE,FALSE,TRUE,FALSE,FALSE,FALSE
1249,50,Male,Watch,Clothing,446.16,S,1,No,1,UPI,129361,34,14,FALSE,FALSE,TRUE,FALSE,TRUE,FALSE,FALSE
1250,40,Female,Watch,Electronics,430.93,M,2,No,14,Cash,51767,38,10,FALSE,FALSE,TRUE,FALSE,TRUE,FALSE,FALSE
1251,45,Female,Watch,Sports,47.6,L,3,No,7,Credit Card,107904,11,12,TRUE,FALSE,FALSE,TRUE,FALSE,FALSE,FALSE
1252,49,Female,Watch,Home Decor,62.13,M,3,Yes,2,Cash,36758,86,2,FALSE,TRUE,FALSE,FALSE,FALSE,TRUE,FALSE
1253,24,Female,Bag,Electronics,252.63,M,4,No,14,PayPal,25031,22,10,FALSE,FALSE,TRUE,FALSE,FALSE,FALSE,TRUE
1254,46,Female,Bag,Clothing,308.52,L,2,Yes,14,Credit Card,141844,49,19,FALSE,FALSE,TRUE,FALSE,FALSE,FALSE,TRUE
1255,25,Female,Phone,Electronics,144.71,XL,2,Yes,8,Debit Card,95944,8,13,FALSE,FALSE,TRUE,TRUE,FALSE,FALSE,FALSE
1256,18,Female,Phone,Accessories,361.23,M,2,Yes,7,PayPal,85864,9,8,FALSE,FALSE,TRUE,FALSE,FALSE,TRUE,FALSE
1257,20,Female,Shoes,Clothing,301.51,S,5,Yes,11,PayPal,141231,94,18,FALSE,TRUE,FALSE,FALSE,TRUE,FALSE,FALSE
1258,41,Male,Watch,Home Decor,169.16,XL,5,Yes,5,Credit Card,66921,52,12,TRUE,FALSE,FALSE,FALSE,FALSE,FALSE,TRUE
1259,40,Male,Bag,Clothing,22.43,XL,1,No,9,Debit Card,111334,35,4,FALSE,FALSE,TRUE,FALSE,FALSE,FALSE,TRUE
1260,25,Female,T-Shirt,Home Decor,377.57,L,1,Yes,1,Cash,124888,49,3,TRUE,FALSE,FALSE,FALSE,FALSE,FALSE,TRUE
1261,64,Female,Laptop,Home Decor,115.23,S,1,No,14,Debit Card,57385,10,11,TRUE,FALSE,FALSE,TRUE,FALSE,FALSE,FALSE
1262,54,Male,Shoes,Sports,418.89,S,5,No,7,PayPal,40306,65,15,FALSE,FALSE,TRUE,FALSE,FALSE,TRUE,FALSE
1263,20,Female,Bag,Sports,215.94,XL,4,Yes,10,Credit Card,119525,18,2,FALSE,FALSE,TRUE,TRUE,FALSE,FALSE,FALSE
1264,50,Female,T-Shirt,Electronics,292.77,M,1,No,14,Debit Card,135005,49,1,FALSE,TRUE,FALSE,FALSE,FALSE,FALSE,TRUE
1265,45,Male,Watch,Electronics,437.74,M,3,No,5,Debit Card,145606,72,19,TRUE,FALSE,FALSE,FALSE,TRUE,FALSE,FALSE
1266,64,Male,Football,Home Decor,433.18,S,5,Yes,10,PayPal,33240,97,9,FALSE,FALSE,TRUE,FALSE,FALSE,TRUE,FALSE
1267,25,Male,Watch,Clothing,192.04,XL,4,Yes,0,Cash,67424,74,12,TRUE,FALSE,FALSE,TRUE,FALSE,FALSE,FALSE
1268,51,Female,Phone,Accessories,112.36,XL,3,No,5,Debit Card,70020,37,6,FALSE,TRUE,FALSE,TRUE,FALSE,FALSE,FALSE
1269,52,Female,Laptop,Accessories,389.82,XL,3,Yes,12,Debit Card,121351,98,7,FALSE,TRUE,FALSE,FALSE,TRUE,FALSE,FALSE
1270,49,Male,Bag,Clothing,222.21,L,5,Yes,4,UPI,92145,54,2,FALSE,FALSE,TRUE,TRUE,FALSE,FALSE,FALSE
1271,41,Male,Bag,Clothing,104.1,S,2,No,5,PayPal,110426,94,10,FALSE,TRUE,FALSE,FALSE,FALSE,TRUE,FALSE
1272,31,Female,Curtains,Sports,453.17,S,4,Yes,12,UPI,55014,84,17,FALSE,TRUE,FALSE,FALSE,FALSE,TRUE,FALSE
1273,49,Male,Laptop,Accessories,107.07,M,5,Yes,0,PayPal,140583,55,12,FALSE,FALSE,TRUE,FALSE,FALSE,TRUE,FALSE
1274,63,Female,Curtains,Home Decor,22.65,M,2,Yes,3,PayPal,116111,96,12,FALSE,TRUE,FALSE,FALSE,FALSE,TRUE,FALSE
1275,60,Female,Laptop,Electronics,19.94,S,5,Yes,6,UPI,129004,45,14,TRUE,FALSE,FALSE,FALSE,FALSE,TRUE,FALSE
1276,33,Male,Phone,Sports,314.93,S,5,Yes,12,Cash,127150,74,10,FALSE,TRUE,FALSE,FALSE,FALSE,TRUE,FALSE
1277,21,Male,Curtains,Accessories,334.22,M,3,Yes,14,Cash,38603,37,7,TRUE,FALSE,FALSE,FALSE,TRUE,FALSE,FALSE
1278,54,Female,T-Shirt,Clothing,162.41,S,5,No,4,PayPal,84049,89,14,FALSE,TRUE,FALSE,FALSE,FALSE,TRUE,FALSE
1279,38,Male,Curtains,Accessories,166.81,M,2,Yes,5,UPI,82061,27,5,FALSE,FALSE,TRUE,FALSE,TRUE,FALSE,FALSE
1280,31,Male,Shoes,Home Decor,176.35,S,3,No,1,Debit Card,97805,25,10,FALSE,TRUE,FALSE,FALSE,FALSE,FALSE,TRUE
1281,48,Male,T-Shirt,Sports,343.28,L,2,No,7,PayPal,27293,37,13,FALSE,TRUE,FALSE,FALSE,FALSE,FALSE,TRUE
1282,35,Male,Shoes,Clothing,38.49,L,2,No,9,PayPal,148669,77,5,FALSE,TRUE,FALSE,FALSE,FALSE,FALSE,TRUE
1283,24,Female,Watch,Home Decor,465.27,XL,3,No,3,Credit Card,85116,16,7,FALSE,FALSE,TRUE,TRUE,FALSE,FALSE,FALSE
1284,27,Female,Laptop,Electronics,119.04,S,2,Yes,5,Cash,129489,91,18,FALSE,FALSE,TRUE,FALSE,FALSE,FALSE,TRUE
1285,24,Female,T-Shirt,Sports,499.84,M,1,No,2,UPI,77571,92,9,FALSE,TRUE,FALSE,FALSE,FALSE,TRUE,FALSE
1286,50,Female,Laptop,Home Decor,94.05,S,5,Yes,8,Debit Card,20501,93,18,FALSE,FALSE,TRUE,TRUE,FALSE,FALSE,FALSE
1287,40,Male,Watch,Home Decor,388.06,S,3,No,12,Debit Card,93153,15,12,FALSE,FALSE,TRUE,FALSE,TRUE,FALSE,FALSE
1288,38,Male,Football,Clothing,119.47,XL,3,No,7,PayPal,98938,55,20,FALSE,FALSE,TRUE,FALSE,FALSE,FALSE,TRUE
1289,36,Female,Bag,Electronics,49.61,M,1,Yes,13,Debit Card,81950,74,9,FALSE,FALSE,TRUE,FALSE,FALSE,TRUE,FALSE
1290,36,Female,Laptop,Home Decor,438.72,S,1,Yes,14,Debit Card,69827,14,5,TRUE,FALSE,FALSE,TRUE,FALSE,FALSE,FALSE
1291,53,Male,Watch,Sports,430.79,M,1,No,14,PayPal,140675,44,5,FALSE,FALSE,TRUE,TRUE,FALSE,FALSE,FALSE
1292,46,Female,Laptop,Home Decor,207.75,S,1,Yes,5,Cash,128162,68,6,TRUE,FALSE,FALSE,FALSE,FALSE,TRUE,FALSE
1293,35,Female,Watch,Accessories,354.17,XL,4,No,8,Credit Card,94140,75,6,TRUE,FALSE,FALSE,FALSE,FALSE,FALSE,TRUE
1294,19,Male,Shoes,Sports,282.96,M,3,Yes,9,Cash,66449,25,8,FALSE,FALSE,TRUE,FALSE,FALSE,FALSE,TRUE
1295,18,Female,Watch,Sports,427.95,S,2,Yes,8,Cash,100432,62,1,FALSE,FALSE,TRUE,FALSE,FALSE,FALSE,TRUE
1296,64,Male,Curtains,Home Decor,164.38,L,3,No,1,Credit Card,129964,72,8,TRUE,FALSE,FALSE,FALSE,FALSE,FALSE,TRUE
1297,22,Male,Football,Clothing,266.6,M,3,Yes,8,PayPal,63362,32,13,FALSE,FALSE,TRUE,FALSE,FALSE,FALSE,TRUE
1298,37,Female,Laptop,Sports,247.83,XL,3,No,7,Cash,138654,9,7,TRUE,FALSE,FALSE,FALSE,FALSE,TRUE,FALSE
1299,28,Male,Watch,Accessories,183.41,L,1,Yes,14,UPI,60464,36,2,TRUE,FALSE,FALSE,TRUE,FALSE,FALSE,FALSE
1300,59,Female,Watch,Clothing,446.81,M,1,No,1,UPI,61438,76,6,FALSE,TRUE,FALSE,FALSE,FALSE,FALSE,TRUE
1301,19,Male,Laptop,Clothing,91.28,M,4,No,8,Credit Card,54924,86,9,TRUE,FALSE,FALSE,TRUE,FALSE,FALSE,FALSE
1302,20,Female,Bag,Clothing,83.26,M,3,No,4,UPI,54255,25,2,FALSE,TRUE,FALSE,TRUE,FALSE,FALSE,FALSE
1303,40,Female,Football,Sports,292.69,M,5,Yes,12,PayPal,78248,31,2,FALSE,FALSE,TRUE,FALSE,TRUE,FALSE,FALSE
1304,29,Female,Football,Clothing,332.17,S,4,No,11,Debit Card,22338,96,2,FALSE,TRUE,FALSE,TRUE,FALSE,FALSE,FALSE
1305,37,Male,Watch,Home Decor,105.36,S,1,No,8,PayPal,116356,55,9,FALSE,FALSE,TRUE,FALSE,TRUE,FALSE,FALSE
1306,22,Male,T-Shirt,Clothing,201.45,M,3,Yes,2,Credit Card,28827,31,17,TRUE,FALSE,FALSE,FALSE,FALSE,TRUE,FALSE
1307,54,Female,Shoes,Accessories,473.82,XL,1,No,3,Debit Card,111328,23,8,TRUE,FALSE,FALSE,FALSE,FALSE,TRUE,FALSE
1308,55,Male,Football,Electronics,130.84,S,2,No,0,UPI,23236,77,3,FALSE,TRUE,FALSE,FALSE,FALSE,FALSE,TRUE
1309,47,Female,Football,Accessories,337.5,M,1,No,10,Cash,55309,51,10,TRUE,FALSE,FALSE,FALSE,TRUE,FALSE,FALSE
1310,26,Female,Phone,Sports,372.67,M,1,Yes,4,UPI,47472,31,17,TRUE,FALSE,FALSE,FALSE,FALSE,TRUE,FALSE
1311,51,Male,Curtains,Clothing,229.58,XL,4,Yes,14,PayPal,71585,85,10,TRUE,FALSE,FALSE,FALSE,FALSE,FALSE,TRUE
1312,61,Female,Football,Clothing,469.39,XL,2,No,6,PayPal,70208,49,7,FALSE,TRUE,FALSE,TRUE,FALSE,FALSE,FALSE
1313,52,Male,Shoes,Home Decor,370.96,XL,5,Yes,12,Credit Card,119041,38,16,FALSE,FALSE,TRUE,FALSE,TRUE,FALSE,FALSE
1314,39,Female,Curtains,Clothing,234.38,L,5,No,6,Cash,43968,20,14,TRUE,FALSE,FALSE,FALSE,FALSE,FALSE,TRUE
1315,61,Male,Curtains,Accessories,288.97,M,5,Yes,5,Cash,137890,17,19,FALSE,FALSE,TRUE,TRUE,FALSE,FALSE,FALSE
1316,41,Female,Laptop,Sports,349.38,XL,3,No,12,Debit Card,79131,73,10,TRUE,FALSE,FALSE,FALSE,FALSE,TRUE,FALSE
1317,34,Female,Laptop,Electronics,300.17,M,5,No,5,Debit Card,97088,9,13,TRUE,FALSE,FALSE,FALSE,FALSE,FALSE,TRUE
1318,27,Male,Laptop,Clothing,440.56,S,3,No,14,PayPal,146058,41,3,FALSE,FALSE,TRUE,FALSE,FALSE,FALSE,TRUE
1319,47,Female,Laptop,Electronics,184.88,M,1,Yes,7,Credit Card,87530,90,9,TRUE,FALSE,FALSE,FALSE,FALSE,FALSE,TRUE
1320,63,Female,Phone,Clothing,156.94,M,5,No,10,PayPal,20563,66,12,TRUE,FALSE,FALSE,FALSE,FALSE,FALSE,TRUE
1321,40,Male,Football,Sports,114.78,L,4,No,9,Cash,49648,57,9,TRUE,FALSE,FALSE,FALSE,TRUE,FALSE,FALSE
1322,49,Female,Laptop,Accessories,28.51,S,2,Yes,8,Cash,88320,59,5,TRUE,FALSE,FALSE,FALSE,FALSE,TRUE,FALSE
1323,34,Male,Watch,Sports,31.08,S,2,Yes,3,PayPal,20582,35,16,FALSE,FALSE,TRUE,FALSE,FALSE,TRUE,FALSE
1324,34,Female,T-Shirt,Electronics,436.33,L,1,No,13,Cash,129702,97,16,TRUE,FALSE,FALSE,FALSE,FALSE,FALSE,TRUE
1325,31,Male,Laptop,Clothing,342.41,XL,2,Yes,3,Debit Card,95141,36,20,TRUE,FALSE,FALSE,FALSE,FALSE,TRUE,FALSE
1326,26,Female,Football,Electronics,333.66,XL,2,No,7,Cash,107490,51,11,FALSE,TRUE,FALSE,FALSE,FALSE,FALSE,TRUE
1327,57,Female,Laptop,Accessories,311.17,M,1,Yes,14,Debit Card,117156,84,19,TRUE,FALSE,FALSE,FALSE,FALSE,FALSE,TRUE
1328,19,Female,Phone,Sports,426.12,L,1,Yes,4,UPI,132209,76,6,FALSE,FALSE,TRUE,TRUE,FALSE,FALSE,FALSE
1329,62,Male,Shoes,Electronics,245.33,XL,1,No,9,Credit Card,144462,58,9,FALSE,TRUE,FALSE,FALSE,FALSE,TRUE,FALSE
1330,42,Male,Shoes,Electronics,436.5,S,4,No,13,Credit Card,72676,17,15,TRUE,FALSE,FALSE,FALSE,FALSE,FALSE,TRUE
1331,56,Male,Football,Accessories,186.13,L,1,No,8,Cash,83888,2,13,FALSE,TRUE,FALSE,FALSE,FALSE,TRUE,FALSE
1332,26,Male,Watch,Clothing,464.09,XL,1,Yes,5,Credit Card,94076,31,7,TRUE,FALSE,FALSE,FALSE,TRUE,FALSE,FALSE
1333,39,Female,Shoes,Electronics,352.34,S,1,No,8,UPI,66604,39,17,FALSE,TRUE,FALSE,FALSE,FALSE,TRUE,FALSE
1334,60,Female,Bag,Accessories,136.02,L,5,Yes,11,Cash,121968,21,17,FALSE,TRUE,FALSE,FALSE,FALSE,TRUE,FALSE
1335,63,Male,Shoes,Clothing,286.4,M,5,No,11,Debit Card,73584,79,9,FALSE,TRUE,FALSE,TRUE,FALSE,FALSE,FALSE
1336,21,Male,T-Shirt,Clothing,271.18,M,4,No,3,UPI,111770,34,5,TRUE,FALSE,FALSE,TRUE,FALSE,FALSE,FALSE
1337,43,Male,Football,Sports,77.57,S,4,No,0,UPI,60948,86,19,FALSE,TRUE,FALSE,FALSE,FALSE,TRUE,FALSE
1338,46,Female,Watch,Accessories,299.71,XL,2,Yes,13,Credit Card,22426,14,8,TRUE,FALSE,FALSE,FALSE,TRUE,FALSE,FALSE
1339,62,Male,Football,Clothing,164.24,XL,5,No,3,Debit Card,80869,10,5,FALSE,TRUE,FALSE,FALSE,FALSE,TRUE,FALSE
1340,51,Male,Shoes,Sports,35.65,L,4,Yes,8,PayPal,80415,75,17,FALSE,TRUE,FALSE,FALSE,TRUE,FALSE,FALSE
1341,40,Female,Shoes,Home Decor,474.84,S,4,No,12,UPI,147853,4,14,FALSE,FALSE,TRUE,FALSE,TRUE,FALSE,FALSE
1342,54,Female,Shoes,Accessories,324.33,XL,2,No,6,Credit Card,133734,46,2,FALSE,FALSE,TRUE,TRUE,FALSE,FALSE,FALSE
1343,28,Male,Curtains,Home Decor,439.69,M,1,Yes,14,UPI,52469,92,4,FALSE,FALSE,TRUE,FALSE,TRUE,FALSE,FALSE
1344,23,Female,Phone,Clothing,341.27,S,3,Yes,14,Debit Card,135483,46,11,FALSE,FALSE,TRUE,FALSE,FALSE,FALSE,TRUE
1345,35,Male,Laptop,Accessories,184.92,M,2,Yes,5,Debit Card,144769,70,13,FALSE,TRUE,FALSE,FALSE,TRUE,FALSE,FALSE
1346,38,Female,Bag,Sports,261.22,S,3,No,13,Cash,109551,2,18,FALSE,FALSE,TRUE,FALSE,TRUE,FALSE,FALSE
1347,59,Male,Phone,Clothing,341.12,L,2,No,13,PayPal,42747,79,1,FALSE,FALSE,TRUE,FALSE,FALSE,TRUE,FALSE
1348,53,Male,Football,Accessories,480.52,XL,2,Yes,1,PayPal,126741,48,13,TRUE,FALSE,FALSE,TRUE,FALSE,FALSE,FALSE
1349,58,Male,Bag,Accessories,134.3,XL,1,No,3,Credit Card,30792,94,15,FALSE,FALSE,TRUE,FALSE,TRUE,FALSE,FALSE
1350,55,Male,T-Shirt,Home Decor,438.74,XL,4,Yes,0,PayPal,49931,60,10,FALSE,TRUE,FALSE,FALSE,FALSE,FALSE,TRUE
1351,51,Female,Laptop,Clothing,462.8,M,5,Yes,12,Debit Card,75178,76,15,TRUE,FALSE,FALSE,FALSE,FALSE,TRUE,FALSE
1352,34,Female,T-Shirt,Sports,338.5,XL,2,No,2,PayPal,142761,50,19,FALSE,TRUE,FALSE,FALSE,TRUE,FALSE,FALSE
1353,54,Female,Watch,Sports,466.32,S,1,Yes,12,Credit Card,133211,38,15,TRUE,FALSE,FALSE,TRUE,FALSE,FALSE,FALSE
1354,42,Female,Curtains,Clothing,204.96,M,3,No,1,UPI,75549,48,5,TRUE,FALSE,FALSE,FALSE,FALSE,TRUE,FALSE
1355,55,Male,Football,Clothing,476.98,L,4,Yes,12,PayPal,47992,88,3,TRUE,FALSE,FALSE,FALSE,FALSE,TRUE,FALSE
1356,29,Male,Curtains,Electronics,354.36,M,2,No,3,PayPal,50274,17,12,FALSE,TRUE,FALSE,FALSE,FALSE,TRUE,FALSE
1357,40,Female,Football,Home Decor,30.58,L,3,Yes,3,Debit Card,114165,49,7,FALSE,TRUE,FALSE,TRUE,FALSE,FALSE,FALSE
1358,59,Female,T-Shirt,Clothing,454.37,M,2,No,10,Debit Card,23366,34,5,TRUE,FALSE,FALSE,TRUE,FALSE,FALSE,FALSE
1359,39,Female,T-Shirt,Clothing,247.39,XL,5,Yes,13,UPI,51499,5,3,FALSE,TRUE,FALSE,FALSE,FALSE,FALSE,TRUE
1360,38,Female,T-Shirt,Electronics,235.56,L,5,No,8,Cash,134368,65,6,FALSE,TRUE,FALSE,FALSE,TRUE,FALSE,FALSE
1361,44,Female,Football,Electronics,287.57,XL,4,No,6,PayPal,126713,17,15,FALSE,FALSE,TRUE,FALSE,FALSE,FALSE,TRUE
1362,48,Male,Shoes,Accessories,83.2,M,3,No,12,Debit Card,34154,57,4,TRUE,FALSE,FALSE,FALSE,FALSE,FALSE,TRUE
1363,23,Male,T-Shirt,Sports,239.89,L,5,Yes,2,Cash,137258,59,1,TRUE,FALSE,FALSE,FALSE,FALSE,FALSE,TRUE
1364,44,Male,Curtains,Home Decor,417.25,S,1,No,6,PayPal,136418,69,20,FALSE,FALSE,TRUE,FALSE,TRUE,FALSE,FALSE
1365,57,Female,Watch,Accessories,17.59,S,4,Yes,7,PayPal,66017,47,18,TRUE,FALSE,FALSE,FALSE,FALSE,FALSE,TRUE
1366,51,Female,Laptop,Clothing,143.73,M,2,Yes,11,Cash,116495,32,10,TRUE,FALSE,FALSE,TRUE,FALSE,FALSE,FALSE
1367,29,Female,Football,Electronics,11.2,L,3,Yes,6,Debit Card,136940,26,5,FALSE,FALSE,TRUE,FALSE,FALSE,TRUE,FALSE
1368,62,Female,Bag,Sports,213.7,S,3,No,7,UPI,36121,7,19,TRUE,FALSE,FALSE,TRUE,FALSE,FALSE,FALSE
1369,24,Male,Curtains,Accessories,366.87,XL,1,Yes,13,PayPal,55032,39,17,FALSE,FALSE,TRUE,FALSE,FALSE,TRUE,FALSE
1370,27,Male,Phone,Sports,401.4,XL,5,Yes,8,Credit Card,62390,28,6,TRUE,FALSE,FALSE,TRUE,FALSE,FALSE,FALSE
1371,62,Female,Watch,Electronics,473.14,M,3,No,0,Credit Card,64021,62,16,FALSE,TRUE,FALSE,FALSE,FALSE,FALSE,TRUE
1372,34,Male,Phone,Accessories,308.17,XL,1,No,9,Credit Card,74814,24,1,TRUE,FALSE,FALSE,FALSE,TRUE,FALSE,FALSE
1373,43,Male,Laptop,Accessories,134.77,XL,1,No,5,UPI,121421,100,10,FALSE,TRUE,FALSE,FALSE,TRUE,FALSE,FALSE
1374,38,Female,Shoes,Sports,462.83,XL,2,No,3,PayPal,114384,22,4,TRUE,FALSE,FALSE,FALSE,FALSE,TRUE,FALSE
1375,45,Female,T-Shirt,Electronics,389.9,S,1,Yes,0,Debit Card,117956,23,12,FALSE,FALSE,TRUE,FALSE,FALSE,FALSE,TRUE
1376,63,Female,Football,Clothing,291.47,L,4,Yes,1,Debit Card,42481,26,13,FALSE,FALSE,TRUE,FALSE,FALSE,TRUE,FALSE
1377,19,Female,Curtains,Accessories,350.86,M,3,Yes,9,UPI,120743,46,4,TRUE,FALSE,FALSE,FALSE,FALSE,TRUE,FALSE
1378,60,Female,Bag,Clothing,462.92,L,4,Yes,3,PayPal,128622,70,4,FALSE,FALSE,TRUE,FALSE,FALSE,FALSE,TRUE
1379,18,Female,T-Shirt,Electronics,359.07,L,1,Yes,0,Cash,74720,27,8,FALSE,TRUE,FALSE,TRUE,FALSE,FALSE,FALSE
1380,53,Male,Curtains,Accessories,190.5,L,1,No,14,Cash,109315,94,6,FALSE,FALSE,TRUE,FALSE,TRUE,FALSE,FALSE
1381,43,Male,Football,Accessories,359.38,S,4,Yes,5,PayPal,52641,46,7,FALSE,FALSE,TRUE,FALSE,TRUE,FALSE,FALSE
1382,46,Female,Phone,Clothing,29.74,XL,2,No,0,PayPal,76131,35,16,FALSE,FALSE,TRUE,FALSE,TRUE,FALSE,FALSE
1383,38,Male,T-Shirt,Home Decor,199.34,M,1,No,12,Debit Card,66184,29,1,TRUE,FALSE,FALSE,TRUE,FALSE,FALSE,FALSE
1384,28,Female,Laptop,Clothing,209.1,L,4,Yes,8,UPI,90757,53,12,FALSE,FALSE,TRUE,FALSE,TRUE,FALSE,FALSE
1385,57,Female,Shoes,Clothing,91.75,XL,4,Yes,9,UPI,55377,42,19,TRUE,FALSE,FALSE,FALSE,FALSE,FALSE,TRUE
1386,28,Female,Laptop,Home Decor,21.31,S,3,Yes,2,Debit Card,45569,82,6,FALSE,FALSE,TRUE,FALSE,FALSE,FALSE,TRUE
1387,53,Female,Shoes,Electronics,75.36,L,2,No,11,Credit Card,36316,81,2,TRUE,FALSE,FALSE,FALSE,FALSE,TRUE,FALSE
1388,56,Male,Watch,Electronics,330.76,XL,5,No,10,Cash,109591,8,6,FALSE,FALSE,TRUE,FALSE,FALSE,FALSE,TRUE
1389,57,Female,Curtains,Accessories,403.12,S,4,No,0,PayPal,91672,39,13,TRUE,FALSE,FALSE,FALSE,TRUE,FALSE,FALSE
1390,52,Male,T-Shirt,Sports,494.22,XL,3,Yes,5,Cash,39708,87,12,FALSE,TRUE,FALSE,FALSE,FALSE,TRUE,FALSE
1391,51,Female,T-Shirt,Sports,179.72,M,5,No,5,Cash,58362,19,19,FALSE,FALSE,TRUE,FALSE,FALSE,TRUE,FALSE
1392,64,Female,Watch,Accessories,303.7,XL,3,No,6,UPI,135869,58,10,TRUE,FALSE,FALSE,TRUE,FALSE,FALSE,FALSE
1393,41,Female,Shoes,Sports,469.2,XL,3,No,6,Debit Card,134411,47,17,FALSE,TRUE,FALSE,FALSE,FALSE,TRUE,FALSE
1394,39,Male,Phone,Clothing,91.85,M,2,No,9,Credit Card,115508,11,20,FALSE,FALSE,TRUE,FALSE,TRUE,FALSE,FALSE
1395,22,Female,Football,Clothing,361.65,M,1,Yes,10,Credit Card,107521,71,1,FALSE,FALSE,TRUE,FALSE,TRUE,FALSE,FALSE
1396,50,Female,Laptop,Home Decor,379.94,XL,2,No,3,Debit Card,144487,95,20,TRUE,FALSE,FALSE,FALSE,FALSE,FALSE,TRUE
1397,53,Female,Watch,Home Decor,53.6,M,5,Yes,4,Cash,25121,33,10,TRUE,FALSE,FALSE,FALSE,FALSE,FALSE,TRUE
1398,64,Male,Bag,Accessories,432.01,XL,2,Yes,2,Debit Card,124111,1,14,FALSE,FALSE,TRUE,TRUE,FALSE,FALSE,FALSE
1399,37,Male,Bag,Accessories,408.42,L,1,Yes,5,Debit Card,139874,94,9,FALSE,TRUE,FALSE,FALSE,FALSE,TRUE,FALSE
1400,36,Male,Curtains,Accessories,26.37,XL,2,Yes,12,PayPal,61282,56,6,TRUE,FALSE,FALSE,TRUE,FALSE,FALSE,FALSE
1401,52,Female,Watch,Clothing,54.63,S,2,No,13,PayPal,87037,49,1,FALSE,FALSE,TRUE,FALSE,FALSE,FALSE,TRUE
1402,60,Male,Laptop,Sports,34.07,M,2,Yes,14,Cash,41475,10,11,FALSE,FALSE,TRUE,FALSE,TRUE,FALSE,FALSE
1403,34,Female,Laptop,Accessories,174.02,L,4,Yes,6,UPI,143029,69,6,FALSE,TRUE,FALSE,FALSE,FALSE,FALSE,TRUE
1404,62,Male,Curtains,Accessories,259.55,M,4,No,8,Credit Card,57231,46,11,FALSE,FALSE,TRUE,TRUE,FALSE,FALSE,FALSE
1405,60,Male,Curtains,Clothing,270.85,M,2,No,8,PayPal,82123,60,20,FALSE,FALSE,TRUE,TRUE,FALSE,FALSE,FALSE
1406,51,Female,T-Shirt,Clothing,141.16,M,1,No,11,Cash,110560,54,20,FALSE,FALSE,TRUE,TRUE,FALSE,FALSE,FALSE
1407,26,Male,Laptop,Clothing,456.68,S,1,No,12,Debit Card,53392,31,13,FALSE,FALSE,TRUE,TRUE,FALSE,FALSE,FALSE
1408,43,Female,Football,Sports,190.45,S,1,Yes,4,PayPal,102168,41,9,FALSE,FALSE,TRUE,FALSE,TRUE,FALSE,FALSE
1409,19,Female,Bag,Accessories,32.32,XL,1,No,3,Debit Card,67372,92,12,FALSE,FALSE,TRUE,FALSE,TRUE,FALSE,FALSE
1410,26,Male,Football,Electronics,157.11,S,3,No,6,Debit Card,60308,72,9,TRUE,FALSE,FALSE,FALSE,FALSE,TRUE,FALSE
1411,26,Female,Shoes,Electronics,270.24,M,2,Yes,13,PayPal,64484,11,19,FALSE,FALSE,TRUE,FALSE,TRUE,FALSE,FALSE
1412,57,Female,Watch,Accessories,210.03,L,2,Yes,2,Cash,84641,77,11,FALSE,TRUE,FALSE,TRUE,FALSE,FALSE,FALSE
1413,34,Male,Curtains,Accessories,144.18,L,3,No,3,Credit Card,67478,78,13,FALSE,FALSE,TRUE,TRUE,FALSE,FALSE,FALSE
1414,18,Male,T-Shirt,Accessories,74.35,L,1,Yes,14,Cash,61568,2,20,FALSE,TRUE,FALSE,TRUE,FALSE,FALSE,FALSE
1415,42,Female,Football,Accessories,411.39,M,5,No,8,UPI,79585,41,3,FALSE,TRUE,FALSE,FALSE,FALSE,FALSE,TRUE
1416,60,Male,Phone,Sports,498.11,S,5,No,4,UPI,52625,25,20,FALSE,TRUE,FALSE,FALSE,TRUE,FALSE,FALSE
1417,57,Female,Bag,Electronics,171.48,L,3,Yes,9,Credit Card,84061,93,19,FALSE,FALSE,TRUE,TRUE,FALSE,FALSE,FALSE
1418,59,Female,T-Shirt,Home Decor,196.99,M,5,Yes,13,UPI,36853,33,8,FALSE,TRUE,FALSE,FALSE,FALSE,FALSE,TRUE
1419,42,Male,T-Shirt,Electronics,312.84,M,4,Yes,6,Debit Card,43823,53,9,TRUE,FALSE,FALSE,FALSE,TRUE,FALSE,FALSE
1420,56,Male,Football,Electronics,362.04,L,2,Yes,1,UPI,95137,19,16,FALSE,TRUE,FALSE,FALSE,FALSE,FALSE,TRUE
1421,52,Male,Phone,Clothing,202.09,L,5,No,8,PayPal,81343,41,8,TRUE,FALSE,FALSE,FALSE,FALSE,TRUE,FALSE
1422,20,Male,Shoes,Accessories,453.42,XL,4,No,4,Debit Card,136286,51,17,FALSE,FALSE,TRUE,TRUE,FALSE,FALSE,FALSE
1423,54,Female,Football,Accessories,284.4,XL,2,Yes,4,Cash,45688,90,9,FALSE,TRUE,FALSE,FALSE,FALSE,TRUE,FALSE
1424,61,Female,Phone,Accessories,230.69,M,4,No,3,Credit Card,35889,42,16,FALSE,TRUE,FALSE,FALSE,FALSE,FALSE,TRUE
1425,61,Male,T-Shirt,Clothing,326.87,XL,2,Yes,7,PayPal,129677,44,20,FALSE,FALSE,TRUE,TRUE,FALSE,FALSE,FALSE
1426,47,Male,Bag,Sports,476.87,XL,2,No,10,PayPal,116769,57,4,TRUE,FALSE,FALSE,TRUE,FALSE,FALSE,FALSE
1427,55,Female,Phone,Sports,399.33,L,5,No,3,Credit Card,62476,68,17,FALSE,TRUE,FALSE,TRUE,FALSE,FALSE,FALSE
1428,51,Female,T-Shirt,Home Decor,29.61,XL,3,No,1,UPI,55645,28,2,TRUE,FALSE,FALSE,FALSE,FALSE,FALSE,TRUE
1429,29,Female,Watch,Sports,172.83,M,5,No,4,Credit Card,38581,8,19,TRUE,FALSE,FALSE,FALSE,FALSE,FALSE,TRUE
1430,36,Female,Football,Sports,240.57,L,1,No,2,Credit Card,23769,6,2,FALSE,FALSE,TRUE,FALSE,FALSE,FALSE,TRUE
1431,54,Male,Curtains,Accessories,164.11,XL,4,No,3,UPI,44221,13,20,FALSE,TRUE,FALSE,TRUE,FALSE,FALSE,FALSE
1432,61,Female,Football,Electronics,353.09,XL,1,Yes,2,Cash,148426,23,2,TRUE,FALSE,FALSE,FALSE,FALSE,TRUE,FALSE
1433,34,Female,Watch,Sports,414.87,XL,2,Yes,6,Credit Card,22507,54,16,FALSE,FALSE,TRUE,FALSE,FALSE,TRUE,FALSE
1434,27,Male,Laptop,Sports,368.36,S,5,Yes,13,UPI,28256,49,17,FALSE,FALSE,TRUE,FALSE,TRUE,FALSE,FALSE
1435,64,Female,Laptop,Clothing,494.77,XL,1,No,5,PayPal,77945,79,14,TRUE,FALSE,FALSE,FALSE,TRUE,FALSE,FALSE
1436,29,Female,Laptop,Home Decor,143.55,XL,1,Yes,1,Credit Card,98889,91,17,FALSE,FALSE,TRUE,FALSE,FALSE,FALSE,TRUE
1437,33,Male,Football,Clothing,438.74,M,1,No,10,Credit Card,122972,86,10,FALSE,TRUE,FALSE,FALSE,FALSE,FALSE,TRUE
1438,41,Male,Shoes,Accessories,385.65,XL,2,No,14,Cash,81915,27,18,FALSE,TRUE,FALSE,FALSE,FALSE,TRUE,FALSE
1439,36,Male,Football,Electronics,187.47,S,2,No,13,Cash,116874,80,20,FALSE,FALSE,TRUE,FALSE,TRUE,FALSE,FALSE
1440,25,Female,Bag,Home Decor,369.72,L,2,Yes,7,PayPal,92503,3,4,TRUE,FALSE,FALSE,FALSE,FALSE,TRUE,FALSE
1441,48,Female,Watch,Clothing,61,XL,1,No,4,Cash,136776,80,11,FALSE,TRUE,FALSE,FALSE,FALSE,FALSE,TRUE
1442,38,Male,Bag,Sports,396.77,XL,4,No,5,PayPal,97001,5,11,FALSE,TRUE,FALSE,FALSE,FALSE,FALSE,TRUE
1443,34,Male,Watch,Sports,270.84,M,5,Yes,7,Credit Card,134218,84,8,FALSE,TRUE,FALSE,TRUE,FALSE,FALSE,FALSE
1444,40,Female,Curtains,Home Decor,153.22,XL,5,Yes,10,UPI,134103,32,3,FALSE,TRUE,FALSE,TRUE,FALSE,FALSE,FALSE
1445,54,Male,Phone,Sports,331.33,XL,2,Yes,10,Cash,112045,61,11,FALSE,TRUE,FALSE,FALSE,FALSE,TRUE,FALSE
1446,33,Male,Football,Clothing,324.39,XL,1,No,11,PayPal,31866,8,14,FALSE,TRUE,FALSE,FALSE,FALSE,TRUE,FALSE
1447,23,Male,Football,Clothing,112.65,XL,4,No,6,Cash,43663,5,6,FALSE,FALSE,TRUE,FALSE,FALSE,FALSE,TRUE
1448,25,Female,T-Shirt,Sports,24.89,L,3,Yes,14,Cash,97207,6,5,FALSE,FALSE,TRUE,FALSE,TRUE,FALSE,FALSE
1449,42,Female,Watch,Sports,222.48,M,2,No,10,Debit Card,140659,81,20,FALSE,FALSE,TRUE,TRUE,FALSE,FALSE,FALSE
1450,35,Female,T-Shirt,Accessories,289.06,L,3,No,2,Credit Card,128306,32,19,TRUE,FALSE,FALSE,TRUE,FALSE,FALSE,FALSE
1451,42,Female,T-Shirt,Electronics,439.54,S,5,No,1,Cash,123249,83,5,FALSE,FALSE,TRUE,FALSE,TRUE,FALSE,FALSE
1452,29,Female,Football,Home Decor,464.83,XL,5,Yes,2,UPI,42235,72,17,FALSE,FALSE,TRUE,FALSE,TRUE,FALSE,FALSE
1453,32,Female,Shoes,Clothing,269.11,S,4,No,14,Debit Card,99243,80,12,FALSE,TRUE,FALSE,FALSE,TRUE,FALSE,FALSE
1454,43,Male,Phone,Home Decor,379.36,L,4,Yes,7,PayPal,87507,22,18,FALSE,FALSE,TRUE,TRUE,FALSE,FALSE,FALSE
1455,58,Female,Phone,Accessories,225.26,S,3,Yes,3,PayPal,129505,90,16,TRUE,FALSE,FALSE,FALSE,FALSE,FALSE,TRUE
1456,62,Female,Bag,Clothing,375.58,XL,5,Yes,7,UPI,123065,62,13,FALSE,TRUE,FALSE,FALSE,TRUE,FALSE,FALSE
1457,43,Male,Watch,Accessories,110.35,S,4,No,14,UPI,101599,48,10,TRUE,FALSE,FALSE,FALSE,TRUE,FALSE,FALSE
1458,64,Female,Curtains,Accessories,191.82,L,4,No,3,Credit Card,31984,94,13,FALSE,FALSE,TRUE,TRUE,FALSE,FALSE,FALSE
1459,49,Female,Watch,Sports,320.77,XL,5,No,14,UPI,88355,27,4,FALSE,TRUE,FALSE,FALSE,FALSE,TRUE,FALSE
1460,27,Male,Shoes,Home Decor,18.9,M,5,Yes,6,PayPal,28347,9,9,TRUE,FALSE,FALSE,FALSE,FALSE,TRUE,FALSE
1461,33,Male,Shoes,Home Decor,364.01,L,1,Yes,12,Credit Card,142269,81,9,FALSE,TRUE,FALSE,TRUE,FALSE,FALSE,FALSE
1462,24,Male,Phone,Sports,419.41,XL,4,No,5,UPI,84933,67,18,TRUE,FALSE,FALSE,TRUE,FALSE,FALSE,FALSE
1463,34,Female,Laptop,Home Decor,205.58,M,3,No,9,UPI,30667,7,2,TRUE,FALSE,FALSE,FALSE,FALSE,FALSE,TRUE
1464,40,Male,T-Shirt,Sports,229.49,S,2,Yes,0,PayPal,122164,47,7,FALSE,TRUE,FALSE,FALSE,FALSE,TRUE,FALSE
1465,43,Female,T-Shirt,Clothing,427.13,S,2,No,12,Credit Card,110276,85,17,FALSE,FALSE,TRUE,FALSE,FALSE,FALSE,TRUE
1466,38,Female,Phone,Accessories,390.07,S,5,Yes,10,Debit Card,138410,94,11,FALSE,FALSE,TRUE,FALSE,FALSE,TRUE,FALSE
1467,39,Female,Watch,Accessories,151.19,XL,3,Yes,7,Debit Card,61605,57,16,FALSE,TRUE,FALSE,FALSE,FALSE,TRUE,FALSE
1468,24,Female,Shoes,Home Decor,168.75,S,1,Yes,5,Credit Card,90387,17,10,FALSE,TRUE,FALSE,TRUE,FALSE,FALSE,FALSE
1469,31,Male,Watch,Electronics,342.65,S,4,Yes,1,UPI,33453,80,19,TRUE,FALSE,FALSE,TRUE,FALSE,FALSE,FALSE
1470,32,Male,Curtains,Accessories,285.97,M,1,No,4,UPI,111984,56,19,FALSE,FALSE,TRUE,FALSE,FALSE,TRUE,FALSE
1471,24,Female,Laptop,Sports,89.49,M,3,Yes,11,Credit Card,29737,18,11,TRUE,FALSE,FALSE,FALSE,TRUE,FALSE,FALSE
1472,26,Male,Phone,Electronics,161.87,M,1,Yes,1,Debit Card,70313,48,17,TRUE,FALSE,FALSE,FALSE,TRUE,FALSE,FALSE
1473,25,Female,T-Shirt,Electronics,450.99,XL,5,No,9,Cash,135116,99,20,TRUE,FALSE,FALSE,FALSE,TRUE,FALSE,FALSE
1474,40,Female,Football,Accessories,347.21,L,2,Yes,6,PayPal,141540,14,17,FALSE,FALSE,TRUE,FALSE,FALSE,FALSE,TRUE
1475,46,Female,Watch,Accessories,493.13,S,5,Yes,14,Credit Card,146169,20,6,FALSE,FALSE,TRUE,FALSE,FALSE,FALSE,TRUE
1476,35,Male,Shoes,Accessories,385.84,S,4,Yes,10,Cash,74464,85,4,FALSE,TRUE,FALSE,FALSE,FALSE,FALSE,TRUE
1477,48,Female,Football,Sports,471.57,XL,5,Yes,9,PayPal,111408,35,7,FALSE,FALSE,TRUE,FALSE,TRUE,FALSE,FALSE
1478,47,Female,Curtains,Electronics,115.93,S,3,No,5,Cash,25014,30,19,FALSE,TRUE,FALSE,FALSE,FALSE,TRUE,FALSE
1479,56,Male,Phone,Home Decor,388.03,XL,3,No,6,Cash,92587,89,14,TRUE,FALSE,FALSE,FALSE,FALSE,TRUE,FALSE
1480,52,Male,Watch,Sports,19.91,XL,4,No,14,PayPal,149500,38,16,TRUE,FALSE,FALSE,FALSE,TRUE,FALSE,FALSE
1481,35,Male,T-Shirt,Clothing,338.67,XL,4,No,5,Cash,42119,33,9,TRUE,FALSE,FALSE,FALSE,FALSE,TRUE,FALSE
1482,59,Male,Watch,Accessories,239.95,L,2,Yes,9,Debit Card,114186,74,16,FALSE,TRUE,FALSE,FALSE,FALSE,TRUE,FALSE
1483,56,Female,Laptop,Electronics,179.91,XL,1,Yes,0,Credit Card,145472,56,4,TRUE,FALSE,FALSE,FALSE,FALSE,FALSE,TRUE
1484,34,Male,Bag,Sports,432.58,L,2,No,14,Debit Card,36024,11,13,TRUE,FALSE,FALSE,TRUE,FALSE,FALSE,FALSE
1485,31,Female,Football,Clothing,428.59,L,5,Yes,2,Debit Card,62641,51,12,TRUE,FALSE,FALSE,TRUE,FALSE,FALSE,FALSE
1486,48,Male,Laptop,Sports,20.93,S,1,No,14,PayPal,80340,16,19,TRUE,FALSE,FALSE,FALSE,TRUE,FALSE,FALSE
1487,41,Male,Curtains,Sports,308.66,M,4,Yes,9,PayPal,98013,80,9,FALSE,TRUE,FALSE,TRUE,FALSE,FALSE,FALSE
1488,52,Male,T-Shirt,Home Decor,190.24,L,3,No,1,PayPal,24825,61,9,FALSE,TRUE,FALSE,FALSE,FALSE,FALSE,TRUE
1489,61,Male,Football,Home Decor,213.67,L,5,No,0,Cash,136784,24,15,TRUE,FALSE,FALSE,TRUE,FALSE,FALSE,FALSE
1490,62,Male,Curtains,Sports,417.7,M,2,No,0,Cash,43218,52,2,TRUE,FALSE,FALSE,FALSE,FALSE,TRUE,FALSE
1491,51,Male,Laptop,Clothing,161.82,L,4,No,3,Credit Card,107943,94,15,FALSE,FALSE,TRUE,FALSE,TRUE,FALSE,FALSE
1492,20,Female,Laptop,Electronics,472.09,M,1,Yes,10,Cash,82621,16,16,FALSE,TRUE,FALSE,FALSE,FALSE,TRUE,FALSE
1493,54,Male,Bag,Electronics,98.02,S,1,Yes,0,Credit Card,51067,45,12,TRUE,FALSE,FALSE,FALSE,FALSE,TRUE,FALSE
1494,60,Male,Football,Accessories,334.73,XL,3,Yes,1,Debit Card,147032,76,1,FALSE,TRUE,FALSE,TRUE,FALSE,FALSE,FALSE
1495,57,Male,T-Shirt,Accessories,339.33,M,4,No,0,Credit Card,41970,14,16,TRUE,FALSE,FALSE,FALSE,FALSE,TRUE,FALSE
1496,43,Male,Laptop,Electronics,133.58,XL,4,No,12,Credit Card,97793,7,7,FALSE,FALSE,TRUE,FALSE,FALSE,TRUE,FALSE
1497,40,Female,Phone,Sports,169.13,M,5,Yes,11,PayPal,32214,100,8,FALSE,TRUE,FALSE,TRUE,FALSE,FALSE,FALSE
1498,61,Male,Bag,Sports,419.05,XL,5,Yes,11,Cash,83606,48,13,FALSE,TRUE,FALSE,FALSE,FALSE,TRUE,FALSE
1499,56,Male,Curtains,Home Decor,383.28,S,1,Yes,5,UPI,86351,97,15,TRUE,FALSE,FALSE,FALSE,FALSE,TRUE,FALSE
1500,32,Male,Football,Home Decor,171.26,L,2,Yes,10,UPI,36245,58,16,TRUE,FALSE,FALSE,TRUE,FALSE,FALSE,FALSE
1501,21,Male,Shoes,Accessories,271.64,S,1,No,3,PayPal,85981,10,8,TRUE,FALSE,FALSE,FALSE,FALSE,FALSE,TRUE
1502,46,Female,Shoes,Electronics,40.22,L,5,No,7,Debit Card,55131,66,16,FALSE,FALSE,TRUE,TRUE,FALSE,FALSE,FALSE
1503,39,Male,T-Shirt,Sports,112.29,XL,5,Yes,10,Debit Card,49828,71,17,FALSE,TRUE,FALSE,FALSE,FALSE,TRUE,FALSE
1504,42,Female,Phone,Electronics,248.05,XL,5,Yes,4,Debit Card,131742,54,6,TRUE,FALSE,FALSE,FALSE,FALSE,FALSE,TRUE
1505,30,Male,Laptop,Clothing,52.13,L,1,Yes,13,Credit Card,131484,70,9,FALSE,FALSE,TRUE,TRUE,FALSE,FALSE,FALSE
1506,35,Female,Shoes,Electronics,423.23,M,4,No,9,Cash,103483,67,3,FALSE,FALSE,TRUE,FALSE,FALSE,TRUE,FALSE
1507,50,Female,T-Shirt,Clothing,361.82,S,2,Yes,4,Debit Card,76727,45,4,FALSE,TRUE,FALSE,FALSE,FALSE,TRUE,FALSE
1508,33,Male,Curtains,Home Decor,472.38,M,2,No,10,UPI,99973,63,2,FALSE,FALSE,TRUE,FALSE,TRUE,FALSE,FALSE
1509,62,Male,Bag,Home Decor,349.8,XL,5,No,10,Credit Card,129492,16,11,FALSE,FALSE,TRUE,FALSE,TRUE,FALSE,FALSE
1510,59,Female,Phone,Accessories,470.8,S,3,Yes,7,Debit Card,120427,35,7,FALSE,FALSE,TRUE,FALSE,FALSE,TRUE,FALSE
1511,61,Female,Phone,Electronics,281.71,S,1,Yes,10,Debit Card,82080,51,16,FALSE,FALSE,TRUE,FALSE,FALSE,FALSE,TRUE
1512,19,Male,Watch,Electronics,304.11,M,4,Yes,9,Cash,88700,59,20,FALSE,FALSE,TRUE,FALSE,TRUE,FALSE,FALSE
1513,52,Female,T-Shirt,Clothing,488.72,L,5,No,5,Cash,142924,26,2,FALSE,TRUE,FALSE,TRUE,FALSE,FALSE,FALSE
1514,59,Female,T-Shirt,Home Decor,324.64,L,3,Yes,5,Credit Card,22651,74,11,FALSE,TRUE,FALSE,FALSE,TRUE,FALSE,FALSE
1515,51,Female,Watch,Clothing,25.09,S,5,Yes,2,UPI,114722,98,1,TRUE,FALSE,FALSE,FALSE,FALSE,TRUE,FALSE
1516,47,Male,Bag,Home Decor,364.66,L,3,No,12,PayPal,45215,34,5,TRUE,FALSE,FALSE,FALSE,FALSE,FALSE,TRUE
1517,30,Female,Laptop,Clothing,453.68,XL,2,No,5,UPI,57974,91,15,TRUE,FALSE,FALSE,FALSE,TRUE,FALSE,FALSE
1518,30,Female,T-Shirt,Home Decor,399.83,M,3,No,9,Cash,128547,36,7,FALSE,FALSE,TRUE,TRUE,FALSE,FALSE,FALSE
1519,35,Female,Watch,Clothing,296.08,M,2,Yes,12,Cash,36640,55,20,FALSE,TRUE,FALSE,FALSE,TRUE,FALSE,FALSE
1520,49,Male,Laptop,Home Decor,338.94,M,2,No,6,PayPal,64973,94,14,FALSE,FALSE,TRUE,FALSE,FALSE,TRUE,FALSE
1521,49,Male,Bag,Clothing,495.19,S,1,No,1,UPI,141594,38,20,FALSE,TRUE,FALSE,FALSE,TRUE,FALSE,FALSE
1522,52,Female,Laptop,Electronics,54.42,S,3,No,2,UPI,75140,83,8,FALSE,TRUE,FALSE,FALSE,FALSE,FALSE,TRUE
1523,56,Male,Football,Accessories,336.95,L,4,No,5,PayPal,42989,8,20,FALSE,TRUE,FALSE,TRUE,FALSE,FALSE,FALSE
1524,63,Female,Phone,Clothing,148.86,M,4,No,9,Cash,73567,11,18,TRUE,FALSE,FALSE,FALSE,FALSE,TRUE,FALSE
1525,46,Male,Curtains,Accessories,323.64,XL,3,Yes,8,Credit Card,77160,64,3,FALSE,TRUE,FALSE,FALSE,TRUE,FALSE,FALSE
1526,46,Male,Phone,Electronics,307.74,XL,1,No,12,UPI,58090,73,4,FALSE,TRUE,FALSE,FALSE,TRUE,FALSE,FALSE
1527,61,Female,Phone,Electronics,85.19,M,4,No,8,Debit Card,65052,41,20,FALSE,TRUE,FALSE,FALSE,TRUE,FALSE,FALSE
1528,33,Male,Football,Home Decor,111.31,S,5,No,7,UPI,57378,60,4,FALSE,TRUE,FALSE,FALSE,FALSE,FALSE,TRUE
1529,61,Male,Laptop,Accessories,314.6,S,4,Yes,7,UPI,145764,9,5,TRUE,FALSE,FALSE,FALSE,TRUE,FALSE,FALSE
1530,64,Male,Laptop,Sports,72.83,S,1,Yes,8,UPI,52062,52,14,FALSE,TRUE,FALSE,FALSE,FALSE,TRUE,FALSE
1531,27,Female,T-Shirt,Home Decor,139.94,XL,2,No,10,Cash,142753,32,2,TRUE,FALSE,FALSE,FALSE,TRUE,FALSE,FALSE
1532,47,Male,Football,Accessories,419.27,M,2,No,14,Debit Card,89013,31,15,TRUE,FALSE,FALSE,FALSE,FALSE,TRUE,FALSE
1533,42,Male,T-Shirt,Clothing,170.27,XL,2,No,10,UPI,52982,36,7,FALSE,TRUE,FALSE,TRUE,FALSE,FALSE,FALSE
1534,56,Female,Football,Clothing,249.15,M,1,No,8,Credit Card,65160,95,1,TRUE,FALSE,FALSE,FALSE,FALSE,TRUE,FALSE
1535,37,Male,T-Shirt,Electronics,471.16,XL,2,Yes,9,Debit Card,89672,100,7,FALSE,TRUE,FALSE,FALSE,FALSE,FALSE,TRUE
1536,22,Male,Shoes,Sports,121.3,XL,2,Yes,10,PayPal,46114,4,17,TRUE,FALSE,FALSE,FALSE,FALSE,FALSE,TRUE
1537,18,Male,Watch,Clothing,200.92,L,1,Yes,12,Credit Card,139841,73,19,FALSE,TRUE,FALSE,FALSE,TRUE,FALSE,FALSE
1538,47,Male,Phone,Accessories,307.16,XL,5,No,8,PayPal,92883,56,6,TRUE,FALSE,FALSE,FALSE,TRUE,FALSE,FALSE
1539,20,Male,Phone,Accessories,380.12,M,4,No,4,UPI,145048,8,1,TRUE,FALSE,FALSE,FALSE,TRUE,FALSE,FALSE
1540,62,Female,Bag,Clothing,451.81,XL,1,Yes,14,Cash,46475,2,15,FALSE,TRUE,FALSE,FALSE,FALSE,FALSE,TRUE
1541,31,Female,Curtains,Accessories,458.58,L,1,Yes,5,UPI,63762,84,15,FALSE,TRUE,FALSE,FALSE,TRUE,FALSE,FALSE
1542,47,Male,Watch,Accessories,390.55,L,3,No,14,UPI,109017,21,17,TRUE,FALSE,FALSE,FALSE,FALSE,TRUE,FALSE
1543,21,Male,Laptop,Electronics,121.88,M,2,Yes,4,PayPal,30657,30,1,TRUE,FALSE,FALSE,FALSE,FALSE,TRUE,FALSE
1544,35,Male,Curtains,Sports,22.16,L,5,Yes,12,UPI,80158,75,16,FALSE,FALSE,TRUE,FALSE,FALSE,TRUE,FALSE
1545,54,Female,Shoes,Electronics,198.05,L,3,Yes,0,Credit Card,84208,75,9,TRUE,FALSE,FALSE,FALSE,FALSE,FALSE,TRUE
1546,42,Female,Bag,Sports,79.36,S,5,Yes,3,Cash,81843,52,17,FALSE,FALSE,TRUE,FALSE,TRUE,FALSE,FALSE
1547,18,Male,Curtains,Accessories,358.09,M,2,Yes,14,PayPal,89591,55,14,FALSE,TRUE,FALSE,FALSE,FALSE,FALSE,TRUE
1548,63,Male,Bag,Sports,333.95,L,2,No,13,Debit Card,109406,20,19,FALSE,FALSE,TRUE,FALSE,FALSE,TRUE,FALSE
1549,32,Female,Phone,Accessories,31.55,L,2,No,10,UPI,93903,87,10,FALSE,FALSE,TRUE,FALSE,FALSE,TRUE,FALSE
1550,26,Male,Laptop,Accessories,419.93,L,4,No,12,PayPal,67545,5,15,FALSE,TRUE,FALSE,FALSE,FALSE,FALSE,TRUE
1551,32,Female,Shoes,Electronics,131.88,M,5,No,0,UPI,119344,43,12,TRUE,FALSE,FALSE,FALSE,FALSE,TRUE,FALSE
1552,41,Female,Phone,Electronics,221.79,S,5,Yes,11,UPI,56796,76,1,FALSE,FALSE,TRUE,FALSE,FALSE,TRUE,FALSE
1553,21,Male,Watch,Home Decor,337.29,XL,3,No,0,PayPal,114536,89,5,FALSE,FALSE,TRUE,FALSE,FALSE,FALSE,TRUE
1554,29,Female,T-Shirt,Clothing,220.42,S,1,Yes,2,Credit Card,107997,59,13,FALSE,FALSE,TRUE,TRUE,FALSE,FALSE,FALSE
1555,54,Male,Football,Home Decor,226.23,M,2,Yes,6,Debit Card,65109,85,4,TRUE,FALSE,FALSE,FALSE,FALSE,TRUE,FALSE
1556,54,Male,Shoes,Home Decor,42.16,M,2,No,14,UPI,75739,36,11,FALSE,FALSE,TRUE,FALSE,FALSE,FALSE,TRUE
1557,60,Male,Laptop,Sports,206.71,M,3,No,0,Credit Card,104347,99,8,FALSE,TRUE,FALSE,FALSE,FALSE,FALSE,TRUE
1558,23,Male,Bag,Accessories,384.78,XL,5,No,6,UPI,95197,66,6,TRUE,FALSE,FALSE,FALSE,FALSE,FALSE,TRUE
1559,56,Male,Curtains,Accessories,458.44,M,4,No,9,UPI,123848,80,5,FALSE,FALSE,TRUE,FALSE,TRUE,FALSE,FALSE
1560,63,Male,Watch,Accessories,212.61,S,5,Yes,13,Credit Card,134813,71,12,TRUE,FALSE,FALSE,FALSE,FALSE,TRUE,FALSE
1561,41,Female,Curtains,Clothing,217.56,L,4,Yes,9,UPI,99078,19,15,FALSE,TRUE,FALSE,FALSE,FALSE,FALSE,TRUE
1562,28,Female,Shoes,Sports,354.29,L,4,Yes,14,Debit Card,120855,27,13,FALSE,FALSE,TRUE,FALSE,FALSE,FALSE,TRUE
1563,30,Female,Watch,Sports,471.96,M,5,No,12,PayPal,119900,39,12,TRUE,FALSE,FALSE,FALSE,FALSE,FALSE,TRUE
1564,51,Female,Laptop,Accessories,140.86,M,2,No,0,Credit Card,107334,74,16,TRUE,FALSE,FALSE,FALSE,TRUE,FALSE,FALSE
1565,42,Male,Shoes,Home Decor,225.67,XL,4,Yes,8,Cash,116625,77,14,FALSE,TRUE,FALSE,FALSE,FALSE,FALSE,TRUE
1566,24,Female,Laptop,Clothing,400.03,L,3,Yes,4,UPI,31636,75,1,FALSE,TRUE,FALSE,FALSE,FALSE,TRUE,FALSE
1567,21,Female,Curtains,Home Decor,308.75,XL,3,No,12,PayPal,137914,39,9,FALSE,TRUE,FALSE,FALSE,FALSE,TRUE,FALSE
1568,25,Female,Phone,Electronics,64.19,XL,4,No,14,Debit Card,134513,82,7,FALSE,TRUE,FALSE,FALSE,FALSE,FALSE,TRUE
1569,37,Male,Watch,Sports,317.59,XL,2,Yes,5,Debit Card,61557,26,14,FALSE,TRUE,FALSE,FALSE,FALSE,FALSE,TRUE
1570,46,Female,T-Shirt,Sports,101.51,XL,4,Yes,14,Cash,145842,15,20,FALSE,FALSE,TRUE,FALSE,TRUE,FALSE,FALSE
1571,62,Male,Phone,Home Decor,260.01,S,3,Yes,11,Debit Card,94524,46,14,TRUE,FALSE,FALSE,FALSE,FALSE,TRUE,FALSE
1572,63,Female,T-Shirt,Clothing,269.26,M,3,No,8,PayPal,123603,19,5,FALSE,FALSE,TRUE,FALSE,TRUE,FALSE,FALSE
1573,27,Male,Curtains,Sports,439.34,M,5,Yes,10,Cash,33387,54,15,FALSE,FALSE,TRUE,FALSE,TRUE,FALSE,FALSE
1574,60,Male,Bag,Home Decor,236.62,XL,2,Yes,2,Credit Card,78839,65,3,TRUE,FALSE,FALSE,FALSE,FALSE,FALSE,TRUE
1575,51,Female,Watch,Clothing,146.93,XL,5,No,2,Cash,93523,86,9,FALSE,FALSE,TRUE,FALSE,FALSE,TRUE,FALSE
1576,43,Male,Phone,Home Decor,123.17,S,1,Yes,4,Credit Card,59340,46,8,FALSE,FALSE,TRUE,FALSE,FALSE,TRUE,FALSE
1577,58,Male,Phone,Clothing,438.38,XL,4,Yes,12,Debit Card,110847,87,4,TRUE,FALSE,FALSE,FALSE,TRUE,FALSE,FALSE
1578,20,Female,Shoes,Accessories,93.8,S,5,Yes,12,PayPal,58259,81,16,TRUE,FALSE,FALSE,FALSE,FALSE,FALSE,TRUE
1579,23,Female,Football,Clothing,218.68,S,2,No,6,UPI,135550,62,12,TRUE,FALSE,FALSE,FALSE,TRUE,FALSE,FALSE
1580,22,Female,Curtains,Electronics,101.71,XL,4,No,2,Cash,37621,31,5,FALSE,TRUE,FALSE,TRUE,FALSE,FALSE,FALSE
1581,22,Male,Laptop,Accessories,388.92,M,4,Yes,3,Debit Card,46179,10,11,TRUE,FALSE,FALSE,FALSE,FALSE,FALSE,TRUE
1582,64,Male,Curtains,Home Decor,242.44,S,4,No,13,PayPal,147542,31,1,TRUE,FALSE,FALSE,FALSE,TRUE,FALSE,FALSE
1583,40,Male,Laptop,Accessories,182.06,M,4,Yes,1,UPI,61239,98,3,TRUE,FALSE,FALSE,FALSE,FALSE,TRUE,FALSE
1584,26,Female,Watch,Accessories,186.94,M,4,Yes,8,Cash,74471,7,2,FALSE,FALSE,TRUE,TRUE,FALSE,FALSE,FALSE
1585,52,Male,Laptop,Home Decor,427.58,S,2,No,9,PayPal,115861,66,10,TRUE,FALSE,FALSE,FALSE,FALSE,TRUE,FALSE
1586,37,Male,Bag,Home Decor,281.35,L,1,Yes,8,Debit Card,64313,10,9,FALSE,FALSE,TRUE,FALSE,TRUE,FALSE,FALSE
1587,59,Male,T-Shirt,Electronics,361.76,S,3,No,12,Cash,78722,72,11,FALSE,TRUE,FALSE,FALSE,TRUE,FALSE,FALSE
1588,52,Male,Laptop,Home Decor,449.55,L,1,No,10,Cash,131214,98,6,FALSE,TRUE,FALSE,FALSE,FALSE,TRUE,FALSE
1589,35,Male,Laptop,Sports,451.85,S,3,Yes,1,Credit Card,133420,99,5,FALSE,TRUE,FALSE,FALSE,TRUE,FALSE,FALSE
1590,34,Male,Shoes,Sports,170.97,S,5,Yes,4,Credit Card,59135,71,1,FALSE,TRUE,FALSE,FALSE,FALSE,TRUE,FALSE
1591,41,Male,Phone,Electronics,476.7,M,4,No,0,Cash,100431,1,7,FALSE,FALSE,TRUE,TRUE,FALSE,FALSE,FALSE
1592,20,Female,Curtains,Clothing,22.19,M,5,No,7,PayPal,114351,9,2,FALSE,TRUE,FALSE,FALSE,TRUE,FALSE,FALSE
1593,49,Female,Curtains,Clothing,194.65,XL,5,Yes,5,Debit Card,79740,20,8,FALSE,FALSE,TRUE,TRUE,FALSE,FALSE,FALSE
1594,52,Female,Watch,Sports,448.94,M,3,No,13,UPI,33125,66,11,TRUE,FALSE,FALSE,FALSE,FALSE,FALSE,TRUE
1595,55,Male,Watch,Home Decor,144.57,M,2,Yes,9,Credit Card,23723,52,1,FALSE,FALSE,TRUE,TRUE,FALSE,FALSE,FALSE
1596,30,Male,Bag,Electronics,143.81,M,4,Yes,9,Debit Card,140490,98,12,FALSE,TRUE,FALSE,FALSE,TRUE,FALSE,FALSE
1597,64,Female,Laptop,Clothing,158.28,M,5,No,1,Cash,67668,68,14,TRUE,FALSE,FALSE,FALSE,TRUE,FALSE,FALSE
1598,42,Male,Football,Clothing,310.03,XL,1,Yes,1,Debit Card,130696,69,8,FALSE,TRUE,FALSE,TRUE,FALSE,FALSE,FALSE
1599,26,Female,Curtains,Accessories,224.78,M,4,No,9,Debit Card,22541,75,12,FALSE,FALSE,TRUE,FALSE,FALSE,FALSE,TRUE
1600,21,Male,Watch,Sports,366.1,L,2,Yes,4,Debit Card,81783,69,2,TRUE,FALSE,FALSE,FALSE,FALSE,TRUE,FALSE
1601,31,Male,Laptop,Home Decor,448.51,L,4,Yes,6,Cash,81739,33,16,FALSE,TRUE,FALSE,FALSE,FALSE,TRUE,FALSE
1602,54,Female,Watch,Electronics,340.36,XL,5,Yes,8,Credit Card,102825,18,20,FALSE,TRUE,FALSE,FALSE,TRUE,FALSE,FALSE
1603,51,Female,Bag,Clothing,110.19,M,1,Yes,8,UPI,43749,67,14,TRUE,FALSE,FALSE,FALSE,FALSE,FALSE,TRUE
1604,28,Female,T-Shirt,Accessories,467.01,L,5,Yes,11,PayPal,64961,88,3,FALSE,FALSE,TRUE,FALSE,TRUE,FALSE,FALSE
1605,58,Female,T-Shirt,Sports,139.6,S,2,Yes,14,Credit Card,136544,44,20,FALSE,FALSE,TRUE,TRUE,FALSE,FALSE,FALSE
1606,20,Female,Watch,Sports,83.45,L,3,No,14,UPI,44176,50,14,FALSE,TRUE,FALSE,FALSE,FALSE,TRUE,FALSE
1607,45,Male,T-Shirt,Electronics,54.08,M,1,No,10,Cash,79255,48,12,FALSE,TRUE,FALSE,FALSE,FALSE,TRUE,FALSE
1608,46,Male,Watch,Clothing,286.06,L,2,Yes,5,UPI,134983,88,9,FALSE,TRUE,FALSE,TRUE,FALSE,FALSE,FALSE
1609,26,Male,Laptop,Electronics,65.74,S,2,No,1,Cash,76213,53,17,TRUE,FALSE,FALSE,TRUE,FALSE,FALSE,FALSE
1610,20,Female,Shoes,Electronics,78,L,5,No,5,UPI,128072,21,5,FALSE,FALSE,TRUE,TRUE,FALSE,FALSE,FALSE
1611,42,Female,Football,Accessories,157.01,M,5,No,0,Credit Card,119622,3,2,TRUE,FALSE,FALSE,FALSE,FALSE,FALSE,TRUE
1612,51,Female,Laptop,Sports,148.01,S,5,No,10,Cash,58698,67,8,FALSE,TRUE,FALSE,FALSE,TRUE,FALSE,FALSE
1613,29,Female,Shoes,Home Decor,306.08,XL,3,No,10,Debit Card,133739,59,14,FALSE,FALSE,TRUE,FALSE,FALSE,TRUE,FALSE
1614,59,Female,Shoes,Sports,410.21,S,4,Yes,12,Cash,100831,35,14,FALSE,FALSE,TRUE,FALSE,TRUE,FALSE,FALSE
1615,26,Female,Curtains,Sports,383.06,L,4,Yes,1,Cash,100859,95,5,FALSE,FALSE,TRUE,FALSE,FALSE,FALSE,TRUE
1616,32,Male,Laptop,Accessories,138.62,XL,5,Yes,11,UPI,35928,2,17,TRUE,FALSE,FALSE,FALSE,TRUE,FALSE,FALSE
1617,57,Male,Laptop,Home Decor,130.2,S,5,Yes,2,Cash,77154,94,8,FALSE,TRUE,FALSE,FALSE,FALSE,FALSE,TRUE
1618,42,Male,Watch,Clothing,483.24,S,3,Yes,4,UPI,88446,77,6,TRUE,FALSE,FALSE,TRUE,FALSE,FALSE,FALSE
1619,22,Male,Shoes,Home Decor,14.04,S,4,No,9,Credit Card,138772,9,20,FALSE,FALSE,TRUE,FALSE,FALSE,FALSE,TRUE
1620,28,Male,Shoes,Clothing,441.06,M,3,No,0,Cash,130318,26,16,FALSE,TRUE,FALSE,FALSE,TRUE,FALSE,FALSE
1621,51,Female,Shoes,Home Decor,107.87,XL,2,Yes,11,Debit Card,132559,50,5,TRUE,FALSE,FALSE,TRUE,FALSE,FALSE,FALSE
1622,41,Female,Watch,Electronics,474.17,XL,4,Yes,9,Debit Card,71262,7,16,FALSE,TRUE,FALSE,FALSE,FALSE,TRUE,FALSE
1623,32,Female,Curtains,Home Decor,177.73,S,5,No,12,Credit Card,139220,49,10,FALSE,FALSE,TRUE,FALSE,FALSE,TRUE,FALSE
1624,55,Female,Laptop,Accessories,225.77,XL,1,Yes,13,Debit Card,31103,49,5,TRUE,FALSE,FALSE,TRUE,FALSE,FALSE,FALSE
1625,25,Female,Shoes,Clothing,356.49,L,2,Yes,12,UPI,65253,58,14,FALSE,TRUE,FALSE,FALSE,FALSE,TRUE,FALSE
1626,22,Female,T-Shirt,Sports,297.96,L,1,No,12,Cash,50596,84,16,TRUE,FALSE,FALSE,FALSE,FALSE,TRUE,FALSE
1627,43,Male,Laptop,Accessories,165.79,S,3,Yes,4,PayPal,63929,56,17,FALSE,TRUE,FALSE,TRUE,FALSE,FALSE,FALSE
1628,35,Female,Watch,Clothing,281.38,L,3,Yes,4,Cash,123215,80,2,TRUE,FALSE,FALSE,FALSE,FALSE,TRUE,FALSE
1629,23,Female,Curtains,Clothing,368.05,S,3,Yes,3,Cash,69326,30,15,FALSE,TRUE,FALSE,TRUE,FALSE,FALSE,FALSE
1630,54,Female,T-Shirt,Sports,30.74,L,5,Yes,2,PayPal,135818,7,5,FALSE,FALSE,TRUE,FALSE,FALSE,TRUE,FALSE
1631,30,Female,Watch,Electronics,15.49,S,3,Yes,6,Debit Card,44092,2,9,TRUE,FALSE,FALSE,TRUE,FALSE,FALSE,FALSE
1632,45,Male,Phone,Accessories,234.45,S,1,No,10,Debit Card,122975,27,19,FALSE,TRUE,FALSE,FALSE,TRUE,FALSE,FALSE
1633,22,Male,Laptop,Sports,74.6,XL,2,Yes,6,Cash,105632,16,17,FALSE,FALSE,TRUE,TRUE,FALSE,FALSE,FALSE
1634,30,Female,Phone,Sports,335.53,XL,5,Yes,0,Debit Card,44743,57,6,TRUE,FALSE,FALSE,TRUE,FALSE,FALSE,FALSE
1635,34,Male,Watch,Electronics,114.89,S,2,No,6,UPI,45430,43,1,TRUE,FALSE,FALSE,FALSE,FALSE,FALSE,TRUE
1636,57,Male,Watch,Accessories,222.1,XL,3,Yes,2,UPI,97515,67,16,FALSE,TRUE,FALSE,FALSE,FALSE,TRUE,FALSE
1637,62,Female,Watch,Sports,106.86,XL,4,Yes,12,PayPal,111270,91,9,FALSE,TRUE,FALSE,FALSE,FALSE,TRUE,FALSE
1638,49,Female,Shoes,Electronics,278.76,M,5,No,2,Cash,146828,68,19,TRUE,FALSE,FALSE,FALSE,FALSE,TRUE,FALSE
1639,46,Female,Curtains,Accessories,66.87,L,3,No,14,UPI,59859,19,19,FALSE,TRUE,FALSE,TRUE,FALSE,FALSE,FALSE
1640,20,Female,Shoes,Home Decor,21.32,XL,5,No,5,Credit Card,67277,97,3,FALSE,TRUE,FALSE,TRUE,FALSE,FALSE,FALSE
1641,57,Female,Curtains,Clothing,35.05,S,4,No,14,Debit Card,127918,19,19,FALSE,FALSE,TRUE,FALSE,FALSE,TRUE,FALSE
1642,51,Male,Football,Electronics,477.59,M,1,No,5,Cash,106995,96,19,FALSE,TRUE,FALSE,FALSE,FALSE,FALSE,TRUE
1643,57,Female,Shoes,Clothing,79.72,M,1,Yes,10,UPI,107794,83,1,TRUE,FALSE,FALSE,FALSE,FALSE,TRUE,FALSE
1644,44,Female,Phone,Home Decor,357.15,XL,1,No,12,PayPal,25044,12,3,TRUE,FALSE,FALSE,FALSE,TRUE,FALSE,FALSE
1645,30,Female,Curtains,Sports,43.28,S,4,No,14,UPI,68360,86,4,FALSE,FALSE,TRUE,FALSE,FALSE,TRUE,FALSE
1646,62,Male,Shoes,Sports,63,S,2,No,3,Credit Card,136764,48,16,FALSE,TRUE,FALSE,TRUE,FALSE,FALSE,FALSE
1647,50,Female,Laptop,Accessories,259.35,S,4,No,4,UPI,92115,44,8,FALSE,TRUE,FALSE,FALSE,TRUE,FALSE,FALSE
1648,23,Female,Watch,Electronics,237.79,S,4,Yes,2,Cash,106282,50,18,FALSE,FALSE,TRUE,FALSE,FALSE,TRUE,FALSE
1649,41,Female,Curtains,Electronics,476.27,S,3,No,2,PayPal,115872,21,19,FALSE,TRUE,FALSE,FALSE,FALSE,FALSE,TRUE
1650,36,Male,Curtains,Accessories,472.97,L,1,Yes,8,PayPal,47488,72,4,FALSE,TRUE,FALSE,TRUE,FALSE,FALSE,FALSE
1651,33,Female,Shoes,Clothing,392.01,S,5,Yes,4,Credit Card,111833,20,14,TRUE,FALSE,FALSE,FALSE,FALSE,TRUE,FALSE
1652,57,Female,Football,Sports,305.03,S,2,No,0,Cash,92804,98,10,FALSE,FALSE,TRUE,FALSE,TRUE,FALSE,FALSE
1653,45,Female,Shoes,Sports,232.93,L,5,Yes,8,Credit Card,27664,49,16,FALSE,TRUE,FALSE,FALSE,FALSE,FALSE,TRUE
1654,50,Male,Bag,Electronics,184.53,XL,3,Yes,9,Credit Card,112590,40,16,FALSE,TRUE,FALSE,TRUE,FALSE,FALSE,FALSE
1655,58,Female,Phone,Electronics,474.07,M,3,Yes,5,Credit Card,116283,100,15,TRUE,FALSE,FALSE,FALSE,TRUE,FALSE,FALSE
1656,30,Female,Phone,Accessories,305.43,L,2,No,8,UPI,118754,79,17,FALSE,FALSE,TRUE,TRUE,FALSE,FALSE,FALSE
1657,60,Female,Curtains,Home Decor,293.75,M,5,No,13,Debit Card,112661,27,17,FALSE,TRUE,FALSE,FALSE,FALSE,TRUE,FALSE
1658,62,Male,Curtains,Clothing,123.63,M,2,Yes,10,UPI,109488,39,3,FALSE,TRUE,FALSE,FALSE,FALSE,TRUE,FALSE
1659,42,Female,Shoes,Home Decor,32.88,L,2,No,6,Cash,52917,26,11,FALSE,TRUE,FALSE,FALSE,TRUE,FALSE,FALSE
1660,59,Female,Phone,Home Decor,473.14,S,1,No,10,Credit Card,26613,50,13,FALSE,FALSE,TRUE,TRUE,FALSE,FALSE,FALSE
1661,53,Female,Phone,Electronics,163.73,M,5,No,9,Credit Card,54611,82,9,FALSE,TRUE,FALSE,FALSE,FALSE,TRUE,FALSE
1662,44,Male,Football,Electronics,226.87,S,1,Yes,9,Debit Card,103623,74,7,FALSE,TRUE,FALSE,FALSE,TRUE,FALSE,FALSE
1663,55,Male,Laptop,Electronics,66.17,XL,1,No,6,PayPal,28331,6,3,TRUE,FALSE,FALSE,FALSE,FALSE,TRUE,FALSE
1664,24,Female,Football,Home Decor,420.09,L,1,No,4,Credit Card,37501,92,9,TRUE,FALSE,FALSE,TRUE,FALSE,FALSE,FALSE
1665,22,Male,Bag,Clothing,23.54,M,4,Yes,6,UPI,47366,10,18,TRUE,FALSE,FALSE,FALSE,FALSE,TRUE,FALSE
1666,60,Male,T-Shirt,Electronics,418.66,S,3,No,9,Credit Card,77838,27,6,TRUE,FALSE,FALSE,FALSE,FALSE,TRUE,FALSE
1667,62,Male,Watch,Sports,78.74,M,3,Yes,3,Cash,62508,34,15,FALSE,FALSE,TRUE,FALSE,FALSE,FALSE,TRUE
1668,48,Female,Football,Clothing,444.42,XL,4,No,10,Debit Card,79823,74,15,FALSE,FALSE,TRUE,TRUE,FALSE,FALSE,FALSE
1669,40,Female,Bag,Sports,367.59,XL,2,No,10,PayPal,73953,16,20,FALSE,FALSE,TRUE,FALSE,FALSE,FALSE,TRUE
1670,59,Male,Shoes,Clothing,90.69,M,5,No,5,Cash,96660,48,5,FALSE,FALSE,TRUE,FALSE,FALSE,TRUE,FALSE
1671,27,Male,Laptop,Electronics,287.25,L,5,No,1,UPI,90943,24,9,FALSE,FALSE,TRUE,FALSE,FALSE,TRUE,FALSE
1672,49,Male,Shoes,Accessories,163.2,XL,5,Yes,13,Cash,102545,94,11,TRUE,FALSE,FALSE,FALSE,TRUE,FALSE,FALSE
1673,60,Female,Watch,Electronics,97.33,S,1,No,9,Credit Card,83905,79,8,FALSE,TRUE,FALSE,TRUE,FALSE,FALSE,FALSE
1674,47,Female,Bag,Home Decor,431,XL,5,Yes,2,Debit Card,36374,66,11,FALSE,TRUE,FALSE,FALSE,TRUE,FALSE,FALSE
1675,56,Male,T-Shirt,Home Decor,207.73,S,5,Yes,1,Credit Card,128964,65,7,FALSE,FALSE,TRUE,TRUE,FALSE,FALSE,FALSE
1676,48,Male,Laptop,Clothing,205.29,M,5,No,12,Debit Card,63612,47,1,FALSE,FALSE,TRUE,TRUE,FALSE,FALSE,FALSE
1677,35,Male,Curtains,Home Decor,93.24,S,3,No,9,UPI,68079,61,1,FALSE,FALSE,TRUE,FALSE,FALSE,TRUE,FALSE
1678,53,Male,Phone,Electronics,197.7,M,4,No,1,Cash,114178,52,19,FALSE,TRUE,FALSE,FALSE,FALSE,FALSE,TRUE
1679,19,Female,Football,Sports,437.09,XL,2,No,6,Debit Card,54311,95,11,FALSE,TRUE,FALSE,FALSE,FALSE,FALSE,TRUE
1680,31,Male,Bag,Electronics,187.93,L,4,No,4,Cash,85361,94,3,FALSE,FALSE,TRUE,FALSE,FALSE,FALSE,TRUE
1681,30,Female,Shoes,Clothing,476.29,XL,5,No,12,Debit Card,149674,19,12,FALSE,TRUE,FALSE,FALSE,TRUE,FALSE,FALSE
1682,46,Male,T-Shirt,Home Decor,473.69,XL,2,No,12,Credit Card,70179,8,20,FALSE,FALSE,TRUE,TRUE,FALSE,FALSE,FALSE
1683,29,Male,Phone,Sports,81,XL,2,No,5,Debit Card,133335,62,7,FALSE,TRUE,FALSE,FALSE,TRUE,FALSE,FALSE
1684,56,Male,Football,Accessories,96.88,XL,4,No,2,Debit Card,53163,64,4,FALSE,TRUE,FALSE,FALSE,FALSE,FALSE,TRUE
1685,19,Male,Phone,Sports,432.71,L,4,Yes,14,PayPal,107786,50,4,FALSE,TRUE,FALSE,FALSE,TRUE,FALSE,FALSE
1686,49,Male,Football,Sports,202.45,XL,4,No,9,UPI,108716,50,9,FALSE,FALSE,TRUE,FALSE,TRUE,FALSE,FALSE
1687,30,Female,Bag,Electronics,12.14,S,4,No,4,Credit Card,136952,31,20,FALSE,FALSE,TRUE,FALSE,TRUE,FALSE,FALSE
1688,63,Male,Curtains,Accessories,144.2,L,1,Yes,4,Credit Card,44406,13,13,FALSE,FALSE,TRUE,FALSE,FALSE,FALSE,TRUE
1689,44,Male,Laptop,Clothing,302.84,L,3,No,10,Cash,74882,42,13,FALSE,TRUE,FALSE,FALSE,TRUE,FALSE,FALSE
1690,58,Male,Bag,Clothing,401.64,S,3,No,3,Debit Card,133696,52,19,FALSE,FALSE,TRUE,TRUE,FALSE,FALSE,FALSE
1691,34,Female,Phone,Sports,75.36,M,5,Yes,9,Debit Card,93379,52,8,TRUE,FALSE,FALSE,FALSE,FALSE,TRUE,FALSE
1692,57,Female,Phone,Sports,64.17,XL,1,No,3,Debit Card,97660,59,18,FALSE,FALSE,TRUE,FALSE,TRUE,FALSE,FALSE
1693,48,Female,Phone,Home Decor,461.83,L,2,Yes,11,Credit Card,55819,16,18,FALSE,FALSE,TRUE,FALSE,FALSE,FALSE,TRUE
1694,51,Female,Laptop,Accessories,378.06,XL,4,No,12,PayPal,67670,1,3,FALSE,TRUE,FALSE,FALSE,FALSE,FALSE,TRUE
1695,41,Male,T-Shirt,Sports,298.99,XL,5,No,7,Cash,24312,27,9,FALSE,FALSE,TRUE,FALSE,FALSE,TRUE,FALSE
1696,62,Male,Football,Home Decor,386.9,S,2,No,5,Debit Card,139710,92,15,FALSE,TRUE,FALSE,TRUE,FALSE,FALSE,FALSE
1697,52,Male,Bag,Accessories,220.14,S,3,Yes,10,PayPal,82909,65,17,FALSE,TRUE,FALSE,FALSE,FALSE,FALSE,TRUE
1698,23,Female,Bag,Clothing,381.64,S,2,Yes,1,UPI,34383,93,4,TRUE,FALSE,FALSE,TRUE,FALSE,FALSE,FALSE
1699,36,Male,Curtains,Home Decor,192.18,XL,4,Yes,1,Credit Card,50501,83,6,TRUE,FALSE,FALSE,TRUE,FALSE,FALSE,FALSE
1700,47,Male,Phone,Accessories,129.61,L,4,Yes,1,UPI,24693,1,12,TRUE,FALSE,FALSE,FALSE,FALSE,FALSE,TRUE
1701,24,Female,Watch,Home Decor,367.22,L,3,No,5,Credit Card,137013,89,3,TRUE,FALSE,FALSE,FALSE,FALSE,TRUE,FALSE
1702,27,Female,Bag,Sports,215.64,M,4,Yes,11,Cash,134999,41,7,FALSE,TRUE,FALSE,TRUE,FALSE,FALSE,FALSE
1703,58,Female,Laptop,Electronics,490.87,XL,1,No,0,UPI,68054,48,11,FALSE,TRUE,FALSE,FALSE,TRUE,FALSE,FALSE
1704,49,Male,T-Shirt,Clothing,181.25,M,5,No,2,Cash,120221,89,19,FALSE,TRUE,FALSE,FALSE,FALSE,FALSE,TRUE
1705,51,Male,Bag,Sports,461.65,M,3,No,0,Cash,32454,61,10,FALSE,TRUE,FALSE,TRUE,FALSE,FALSE,FALSE
1706,45,Female,Football,Sports,467.15,M,3,No,3,Cash,76002,51,9,FALSE,TRUE,FALSE,TRUE,FALSE,FALSE,FALSE
1707,32,Male,Laptop,Accessories,128.51,M,2,No,12,UPI,29979,98,8,FALSE,TRUE,FALSE,TRUE,FALSE,FALSE,FALSE
1708,47,Female,Curtains,Home Decor,401.13,M,3,Yes,0,UPI,117526,74,3,FALSE,TRUE,FALSE,TRUE,FALSE,FALSE,FALSE
1709,54,Female,Curtains,Clothing,222.21,XL,5,No,8,UPI,137511,1,10,FALSE,FALSE,TRUE,FALSE,FALSE,TRUE,FALSE
1710,46,Male,Football,Sports,459.59,S,1,No,10,Debit Card,63269,47,18,FALSE,TRUE,FALSE,FALSE,TRUE,FALSE,FALSE
1711,39,Female,Phone,Accessories,230.56,M,2,Yes,11,Cash,88746,84,6,FALSE,FALSE,TRUE,TRUE,FALSE,FALSE,FALSE
1712,21,Female,Curtains,Clothing,374.71,L,5,No,10,Debit Card,59297,64,8,FALSE,FALSE,TRUE,FALSE,TRUE,FALSE,FALSE
1713,37,Female,T-Shirt,Home Decor,238.81,XL,3,Yes,12,Credit Card,64880,96,9,FALSE,FALSE,TRUE,TRUE,FALSE,FALSE,FALSE
1714,49,Male,Laptop,Sports,121.62,M,4,No,5,UPI,122400,40,11,FALSE,FALSE,TRUE,FALSE,FALSE,FALSE,TRUE
1715,53,Female,Bag,Sports,107.68,L,4,Yes,13,PayPal,59893,50,7,TRUE,FALSE,FALSE,TRUE,FALSE,FALSE,FALSE
1716,21,Female,T-Shirt,Sports,218.46,M,5,No,7,Credit Card,37088,65,4,FALSE,FALSE,TRUE,FALSE,FALSE,TRUE,FALSE
1717,44,Female,Phone,Clothing,380.19,S,1,No,13,Cash,86604,43,19,FALSE,FALSE,TRUE,FALSE,FALSE,FALSE,TRUE
1718,34,Female,T-Shirt,Clothing,306.49,XL,4,Yes,1,Cash,126432,76,18,FALSE,TRUE,FALSE,FALSE,FALSE,FALSE,TRUE
1719,29,Female,T-Shirt,Clothing,347.43,S,5,No,13,Debit Card,75438,86,19,FALSE,TRUE,FALSE,FALSE,FALSE,TRUE,FALSE
1720,39,Female,Shoes,Clothing,148.34,L,2,No,14,UPI,30143,91,16,FALSE,FALSE,TRUE,FALSE,FALSE,FALSE,TRUE
1721,34,Female,T-Shirt,Accessories,245.9,M,3,Yes,5,UPI,22126,49,9,TRUE,FALSE,FALSE,FALSE,FALSE,TRUE,FALSE
1722,27,Male,Football,Electronics,31.75,S,1,Yes,3,Credit Card,118041,85,20,FALSE,FALSE,TRUE,FALSE,FALSE,FALSE,TRUE
1723,18,Male,Laptop,Accessories,410.59,S,1,No,6,Credit Card,21663,35,15,FALSE,FALSE,TRUE,TRUE,FALSE,FALSE,FALSE
1724,39,Female,Shoes,Sports,495.05,M,2,Yes,7,Credit Card,29078,66,7,FALSE,FALSE,TRUE,FALSE,FALSE,TRUE,FALSE
1725,43,Male,Laptop,Accessories,209.37,XL,1,No,13,PayPal,126491,41,2,TRUE,FALSE,FALSE,TRUE,FALSE,FALSE,FALSE
1726,35,Male,Laptop,Home Decor,15.37,L,5,Yes,5,PayPal,115914,14,15,TRUE,FALSE,FALSE,FALSE,FALSE,FALSE,TRUE
1727,31,Female,Phone,Clothing,93.2,XL,1,Yes,12,Cash,28100,32,15,FALSE,TRUE,FALSE,FALSE,FALSE,TRUE,FALSE
1728,64,Male,Phone,Home Decor,329.74,L,1,Yes,12,Cash,32152,89,9,FALSE,TRUE,FALSE,TRUE,FALSE,FALSE,FALSE
1729,46,Female,Shoes,Home Decor,309.92,L,1,No,0,Cash,35754,58,8,FALSE,FALSE,TRUE,TRUE,FALSE,FALSE,FALSE
1730,29,Female,Curtains,Sports,396.05,S,5,No,14,UPI,25832,100,19,FALSE,TRUE,FALSE,FALSE,FALSE,TRUE,FALSE
1731,53,Female,Watch,Clothing,134.4,M,3,No,7,Cash,112459,75,12,FALSE,TRUE,FALSE,TRUE,FALSE,FALSE,FALSE
1732,52,Female,Phone,Home Decor,384.18,XL,4,Yes,10,Debit Card,28325,14,4,FALSE,TRUE,FALSE,FALSE,TRUE,FALSE,FALSE
1733,29,Female,Watch,Sports,347.11,S,1,No,0,Credit Card,76926,27,18,FALSE,TRUE,FALSE,TRUE,FALSE,FALSE,FALSE
1734,24,Male,Phone,Clothing,168.18,S,2,No,8,UPI,105766,59,2,TRUE,FALSE,FALSE,FALSE,TRUE,FALSE,FALSE
1735,46,Female,Phone,Electronics,277.29,S,2,Yes,1,PayPal,62805,73,1,FALSE,TRUE,FALSE,FALSE,TRUE,FALSE,FALSE
1736,28,Male,Laptop,Sports,82.16,XL,5,Yes,10,Credit Card,37593,51,8,FALSE,FALSE,TRUE,FALSE,TRUE,FALSE,FALSE
1737,50,Female,Shoes,Accessories,231.76,S,3,No,9,Cash,101991,71,16,FALSE,TRUE,FALSE,FALSE,FALSE,FALSE,TRUE
1738,23,Female,Laptop,Clothing,441.79,M,1,No,5,PayPal,76277,18,14,FALSE,FALSE,TRUE,FALSE,FALSE,FALSE,TRUE
1739,64,Female,Bag,Home Decor,216.38,S,5,No,7,PayPal,80658,46,12,TRUE,FALSE,FALSE,FALSE,TRUE,FALSE,FALSE
1740,32,Male,Football,Home Decor,421.39,S,4,No,4,PayPal,44371,34,16,FALSE,TRUE,FALSE,TRUE,FALSE,FALSE,FALSE
1741,49,Female,Laptop,Accessories,299.22,L,3,No,13,Credit Card,59824,94,13,FALSE,TRUE,FALSE,FALSE,TRUE,FALSE,FALSE
1742,28,Female,Watch,Accessories,104.02,S,3,Yes,1,UPI,85216,54,20,TRUE,FALSE,FALSE,FALSE,FALSE,FALSE,TRUE
1743,40,Female,Watch,Home Decor,294.74,XL,5,No,4,Credit Card,88692,41,5,TRUE,FALSE,FALSE,FALSE,FALSE,FALSE,TRUE
1744,43,Female,Football,Clothing,257.93,XL,2,No,0,Debit Card,65789,60,11,FALSE,FALSE,TRUE,TRUE,FALSE,FALSE,FALSE
1745,51,Male,T-Shirt,Sports,205.33,M,3,No,7,Cash,50703,34,11,FALSE,TRUE,FALSE,FALSE,TRUE,FALSE,FALSE
1746,63,Female,T-Shirt,Accessories,68.62,XL,2,Yes,7,UPI,117502,68,19,FALSE,FALSE,TRUE,FALSE,FALSE,FALSE,TRUE
1747,51,Male,Football,Accessories,214.19,XL,3,Yes,13,UPI,61008,81,16,FALSE,FALSE,TRUE,FALSE,FALSE,TRUE,FALSE
1748,46,Female,Football,Accessories,45.65,S,3,No,1,Cash,93319,8,9,FALSE,FALSE,TRUE,FALSE,TRUE,FALSE,FALSE
1749,21,Male,Laptop,Electronics,58.4,M,3,No,5,Debit Card,123476,31,19,FALSE,TRUE,FALSE,TRUE,FALSE,FALSE,FALSE
1750,34,Male,Football,Clothing,213.8,XL,4,No,10,PayPal,103095,43,16,FALSE,FALSE,TRUE,FALSE,FALSE,TRUE,FALSE
1751,52,Female,Bag,Clothing,159.64,M,2,No,7,Cash,38043,55,8,FALSE,FALSE,TRUE,TRUE,FALSE,FALSE,FALSE
1752,30,Female,Shoes,Clothing,463.52,M,4,Yes,9,PayPal,114889,89,16,FALSE,FALSE,TRUE,FALSE,FALSE,TRUE,FALSE
1753,58,Male,T-Shirt,Clothing,194.1,L,2,No,12,Cash,134566,48,7,FALSE,FALSE,TRUE,FALSE,FALSE,TRUE,FALSE
1754,56,Female,T-Shirt,Clothing,381.35,L,4,No,7,Credit Card,67651,90,16,FALSE,FALSE,TRUE,FALSE,FALSE,FALSE,TRUE
1755,32,Female,Bag,Home Decor,269.82,S,4,No,11,Debit Card,111122,69,9,FALSE,TRUE,FALSE,FALSE,FALSE,FALSE,TRUE
1756,46,Female,Curtains,Accessories,355,XL,4,Yes,13,Debit Card,137796,38,1,FALSE,FALSE,TRUE,FALSE,TRUE,FALSE,FALSE
1757,46,Male,Bag,Home Decor,137.46,S,5,Yes,14,Cash,118947,25,2,FALSE,TRUE,FALSE,FALSE,FALSE,FALSE,TRUE
1758,28,Female,Bag,Electronics,471.53,S,4,Yes,13,Debit Card,55940,4,5,FALSE,TRUE,FALSE,TRUE,FALSE,FALSE,FALSE
1759,49,Female,Football,Sports,269.74,M,3,Yes,6,PayPal,103903,7,5,FALSE,FALSE,TRUE,FALSE,FALSE,TRUE,FALSE
1760,19,Female,Phone,Accessories,417.35,M,1,Yes,2,Debit Card,134680,55,14,FALSE,TRUE,FALSE,FALSE,FALSE,TRUE,FALSE
1761,64,Male,Phone,Electronics,188.87,M,4,No,12,Debit Card,82669,16,20,TRUE,FALSE,FALSE,TRUE,FALSE,FALSE,FALSE
1762,31,Female,Bag,Home Decor,59.1,S,1,Yes,13,Debit Card,108595,35,4,TRUE,FALSE,FALSE,FALSE,FALSE,FALSE,TRUE
1763,37,Male,Football,Sports,340.12,XL,1,No,14,UPI,42159,23,17,FALSE,TRUE,FALSE,TRUE,FALSE,FALSE,FALSE
1764,39,Female,Shoes,Electronics,13.8,S,3,No,11,Cash,39724,54,3,FALSE,FALSE,TRUE,FALSE,FALSE,TRUE,FALSE
1765,28,Male,Phone,Sports,242.89,S,1,No,13,Credit Card,106828,3,17,FALSE,TRUE,FALSE,FALSE,TRUE,FALSE,FALSE
1766,44,Female,Curtains,Electronics,104.47,S,1,Yes,10,Credit Card,54297,79,6,TRUE,FALSE,FALSE,FALSE,FALSE,TRUE,FALSE
1767,20,Female,Watch,Home Decor,317.41,L,1,Yes,3,UPI,141490,94,17,FALSE,TRUE,FALSE,FALSE,FALSE,TRUE,FALSE
1768,34,Male,Football,Sports,489.92,L,2,Yes,0,UPI,76148,41,2,FALSE,TRUE,FALSE,FALSE,FALSE,FALSE,TRUE
1769,61,Male,Bag,Electronics,237.56,XL,4,No,8,Credit Card,62199,30,12,FALSE,TRUE,FALSE,FALSE,FALSE,FALSE,TRUE
1770,45,Male,Shoes,Home Decor,410.57,L,4,No,13,PayPal,117647,5,16,FALSE,FALSE,TRUE,TRUE,FALSE,FALSE,FALSE
1771,46,Female,Shoes,Accessories,258.81,S,1,Yes,9,Credit Card,146221,13,19,FALSE,TRUE,FALSE,TRUE,FALSE,FALSE,FALSE
1772,38,Female,Laptop,Home Decor,252.96,L,3,Yes,9,Credit Card,32261,13,15,FALSE,FALSE,TRUE,FALSE,FALSE,TRUE,FALSE
1773,64,Female,Shoes,Home Decor,465.91,L,2,Yes,1,Cash,110500,51,8,FALSE,TRUE,FALSE,FALSE,TRUE,FALSE,FALSE
1774,33,Female,Phone,Accessories,446.08,S,3,No,9,Credit Card,106649,94,10,TRUE,FALSE,FALSE,TRUE,FALSE,FALSE,FALSE
1775,54,Male,Bag,Home Decor,395.04,XL,3,No,6,Credit Card,45827,35,1,FALSE,TRUE,FALSE,TRUE,FALSE,FALSE,FALSE
1776,37,Female,Watch,Accessories,155.17,L,1,Yes,7,Debit Card,92660,28,20,TRUE,FALSE,FALSE,FALSE,FALSE,FALSE,TRUE
1777,23,Female,Phone,Accessories,277.05,S,5,No,13,UPI,100315,47,7,FALSE,FALSE,TRUE,FALSE,FALSE,FALSE,TRUE
1778,36,Female,Football,Accessories,119.71,S,1,No,3,Credit Card,22006,84,17,TRUE,FALSE,FALSE,FALSE,FALSE,FALSE,TRUE
1779,22,Female,Watch,Electronics,227.52,S,5,Yes,10,Credit Card,118945,17,15,FALSE,TRUE,FALSE,TRUE,FALSE,FALSE,FALSE
1780,20,Female,Football,Sports,247.26,M,2,No,10,PayPal,95448,50,14,TRUE,FALSE,FALSE,FALSE,TRUE,FALSE,FALSE
1781,18,Female,Shoes,Electronics,417.5,S,5,No,14,Credit Card,20948,45,10,FALSE,TRUE,FALSE,FALSE,FALSE,FALSE,TRUE
1782,55,Female,Curtains,Accessories,449.05,L,1,No,9,Cash,126795,89,13,TRUE,FALSE,FALSE,FALSE,TRUE,FALSE,FALSE
1783,32,Male,T-Shirt,Sports,213.16,L,1,Yes,0,PayPal,62844,86,5,FALSE,TRUE,FALSE,FALSE,TRUE,FALSE,FALSE
1784,51,Female,Watch,Sports,18.68,S,3,No,4,Credit Card,128219,29,6,FALSE,FALSE,TRUE,FALSE,FALSE,FALSE,TRUE
1785,52,Female,Bag,Accessories,432.27,M,1,No,9,Cash,130262,96,4,FALSE,FALSE,TRUE,TRUE,FALSE,FALSE,FALSE
1786,42,Female,Laptop,Sports,95.4,M,1,Yes,9,UPI,142280,62,4,TRUE,FALSE,FALSE,FALSE,TRUE,FALSE,FALSE
1787,41,Female,T-Shirt,Sports,314.72,M,4,Yes,5,Credit Card,42997,15,13,FALSE,FALSE,TRUE,FALSE,FALSE,TRUE,FALSE
1788,29,Male,Shoes,Electronics,22.24,L,4,No,6,UPI,102603,86,7,FALSE,FALSE,TRUE,FALSE,FALSE,TRUE,FALSE
1789,35,Male,Shoes,Sports,205.76,M,3,No,0,Credit Card,61604,56,1,FALSE,TRUE,FALSE,TRUE,FALSE,FALSE,FALSE
1790,32,Male,Bag,Accessories,493.12,XL,5,No,12,PayPal,46295,62,1,FALSE,TRUE,FALSE,TRUE,FALSE,FALSE,FALSE
1791,61,Male,T-Shirt,Clothing,59.34,XL,5,Yes,3,PayPal,46124,74,7,FALSE,FALSE,TRUE,FALSE,TRUE,FALSE,FALSE
1792,33,Male,Laptop,Clothing,217.61,M,4,Yes,11,Cash,109405,98,13,TRUE,FALSE,FALSE,TRUE,FALSE,FALSE,FALSE
1793,44,Male,Watch,Clothing,160.5,XL,2,No,4,Debit Card,39819,4,10,FALSE,FALSE,TRUE,FALSE,FALSE,TRUE,FALSE
1794,25,Female,Watch,Accessories,453.49,S,4,Yes,4,Cash,122284,99,4,FALSE,TRUE,FALSE,FALSE,TRUE,FALSE,FALSE
1795,63,Male,T-Shirt,Clothing,435.98,M,2,Yes,6,Credit Card,139010,54,12,FALSE,TRUE,FALSE,FALSE,FALSE,TRUE,FALSE
1796,42,Male,Football,Electronics,126.47,M,5,Yes,3,UPI,63455,54,6,FALSE,FALSE,TRUE,FALSE,FALSE,TRUE,FALSE
1797,34,Female,Phone,Accessories,49.78,M,4,Yes,9,UPI,43818,87,12,FALSE,TRUE,FALSE,TRUE,FALSE,FALSE,FALSE
1798,46,Male,Curtains,Accessories,317.3,S,1,Yes,6,Credit Card,55124,35,10,FALSE,FALSE,TRUE,FALSE,TRUE,FALSE,FALSE
1799,25,Female,Football,Accessories,174.82,S,2,Yes,7,Debit Card,128606,46,8,TRUE,FALSE,FALSE,FALSE,FALSE,FALSE,TRUE
1800,32,Female,Watch,Sports,339.32,M,2,No,1,Debit Card,111298,27,17,FALSE,TRUE,FALSE,FALSE,FALSE,FALSE,TRUE
1801,44,Male,Phone,Sports,25.74,L,2,No,13,Debit Card,76657,50,16,TRUE,FALSE,FALSE,FALSE,TRUE,FALSE,FALSE
1802,63,Female,Curtains,Sports,75.37,L,5,No,0,Credit Card,54077,41,5,TRUE,FALSE,FALSE,FALSE,TRUE,FALSE,FALSE
1803,24,Male,Curtains,Home Decor,346.32,XL,3,Yes,12,PayPal,135668,60,11,FALSE,FALSE,TRUE,TRUE,FALSE,FALSE,FALSE
1804,20,Male,Curtains,Electronics,114.06,S,1,No,9,PayPal,134908,44,6,FALSE,FALSE,TRUE,FALSE,FALSE,TRUE,FALSE
1805,46,Female,Shoes,Accessories,430.22,XL,4,No,9,Credit Card,72644,35,11,FALSE,TRUE,FALSE,FALSE,FALSE,FALSE,TRUE
1806,61,Female,Bag,Accessories,38.71,XL,2,Yes,0,PayPal,112893,13,5,FALSE,FALSE,TRUE,TRUE,FALSE,FALSE,FALSE
1807,41,Male,Curtains,Sports,115.59,M,5,No,12,Debit Card,40905,99,5,FALSE,TRUE,FALSE,TRUE,FALSE,FALSE,FALSE
1808,20,Female,Laptop,Accessories,499.29,L,2,No,0,PayPal,92446,7,13,FALSE,FALSE,TRUE,FALSE,TRUE,FALSE,FALSE
1809,37,Female,T-Shirt,Accessories,222.21,XL,4,No,8,Credit Card,56966,99,5,TRUE,FALSE,FALSE,FALSE,FALSE,FALSE,TRUE
1810,63,Male,Watch,Clothing,354.45,M,1,No,3,PayPal,43260,64,11,FALSE,TRUE,FALSE,FALSE,FALSE,TRUE,FALSE
1811,32,Male,Laptop,Accessories,99.5,S,2,Yes,8,PayPal,111478,52,6,FALSE,FALSE,TRUE,FALSE,TRUE,FALSE,FALSE
1812,42,Female,T-Shirt,Home Decor,308.84,XL,5,No,6,PayPal,26569,3,10,FALSE,TRUE,FALSE,TRUE,FALSE,FALSE,FALSE
1813,47,Male,Football,Sports,365.79,L,5,Yes,14,PayPal,37271,41,8,FALSE,FALSE,TRUE,FALSE,FALSE,FALSE,TRUE
1814,31,Male,Bag,Electronics,164.09,S,3,Yes,6,Credit Card,115801,79,20,FALSE,FALSE,TRUE,FALSE,FALSE,TRUE,FALSE
1815,24,Male,Football,Electronics,416.16,M,5,No,12,Cash,45214,21,18,TRUE,FALSE,FALSE,TRUE,FALSE,FALSE,FALSE
1816,34,Male,T-Shirt,Clothing,305.67,S,3,Yes,1,PayPal,92240,46,1,FALSE,FALSE,TRUE,TRUE,FALSE,FALSE,FALSE
1817,61,Male,Laptop,Electronics,200.67,XL,1,Yes,1,Cash,76116,95,6,FALSE,FALSE,TRUE,FALSE,FALSE,FALSE,TRUE
1818,37,Male,T-Shirt,Electronics,283.24,S,4,Yes,11,Credit Card,115651,57,8,TRUE,FALSE,FALSE,FALSE,TRUE,FALSE,FALSE
1819,53,Male,Curtains,Sports,292.61,S,3,Yes,4,UPI,51709,92,2,FALSE,FALSE,TRUE,FALSE,FALSE,FALSE,TRUE
1820,26,Female,Shoes,Sports,91.11,S,2,No,14,Cash,39767,30,19,FALSE,FALSE,TRUE,FALSE,TRUE,FALSE,FALSE
1821,55,Male,Watch,Home Decor,207.34,L,2,No,9,Credit Card,92529,7,19,FALSE,FALSE,TRUE,FALSE,FALSE,FALSE,TRUE
1822,39,Female,Football,Clothing,178.28,XL,4,Yes,0,UPI,134875,33,5,FALSE,TRUE,FALSE,TRUE,FALSE,FALSE,FALSE
1823,19,Female,Watch,Electronics,206.44,M,5,Yes,6,PayPal,106218,77,14,TRUE,FALSE,FALSE,FALSE,TRUE,FALSE,FALSE
1824,41,Female,Shoes,Home Decor,382.94,L,2,Yes,14,Credit Card,112299,54,6,FALSE,FALSE,TRUE,FALSE,FALSE,FALSE,TRUE
1825,25,Male,Curtains,Clothing,246.44,XL,3,Yes,10,Debit Card,90386,21,3,FALSE,TRUE,FALSE,FALSE,FALSE,FALSE,TRUE
1826,28,Male,Curtains,Electronics,470.75,M,4,No,6,UPI,36193,24,3,FALSE,FALSE,TRUE,FALSE,FALSE,TRUE,FALSE
1827,30,Female,Football,Electronics,153.9,M,2,Yes,10,Debit Card,71447,18,16,FALSE,TRUE,FALSE,FALSE,TRUE,FALSE,FALSE
1828,34,Male,Football,Sports,213.69,M,5,No,7,PayPal,100747,44,18,FALSE,FALSE,TRUE,FALSE,TRUE,FALSE,FALSE
1829,25,Female,Curtains,Accessories,395.61,XL,5,Yes,6,PayPal,67873,39,3,FALSE,TRUE,FALSE,TRUE,FALSE,FALSE,FALSE
1830,38,Male,Phone,Clothing,277.55,M,2,Yes,7,Cash,96024,42,8,FALSE,TRUE,FALSE,FALSE,FALSE,FALSE,TRUE
1831,35,Male,Watch,Electronics,278.04,M,4,Yes,14,PayPal,120217,63,1,FALSE,TRUE,FALSE,FALSE,TRUE,FALSE,FALSE
1832,47,Female,Bag,Clothing,36.14,L,1,No,14,Cash,41718,4,12,FALSE,TRUE,FALSE,FALSE,FALSE,TRUE,FALSE
1833,35,Female,Shoes,Home Decor,205.31,M,2,No,2,UPI,113927,36,10,FALSE,FALSE,TRUE,TRUE,FALSE,FALSE,FALSE
1834,63,Female,Watch,Home Decor,142.66,S,5,No,2,Debit Card,100845,13,16,FALSE,TRUE,FALSE,FALSE,TRUE,FALSE,FALSE
1835,64,Male,Shoes,Accessories,499.67,L,1,Yes,7,UPI,47956,37,20,FALSE,TRUE,FALSE,TRUE,FALSE,FALSE,FALSE
1836,48,Female,Phone,Electronics,161.09,L,4,No,8,Debit Card,64272,59,9,TRUE,FALSE,FALSE,FALSE,FALSE,FALSE,TRUE
1837,55,Male,Bag,Sports,443.4,XL,5,Yes,9,Credit Card,33216,13,12,FALSE,FALSE,TRUE,TRUE,FALSE,FALSE,FALSE
1838,49,Male,Laptop,Electronics,341.35,M,4,Yes,3,UPI,78691,21,1,TRUE,FALSE,FALSE,FALSE,FALSE,FALSE,TRUE
1839,28,Male,Shoes,Clothing,177.05,S,2,No,7,Credit Card,99092,72,10,FALSE,TRUE,FALSE,FALSE,FALSE,FALSE,TRUE
1840,62,Female,Watch,Home Decor,276.33,S,4,Yes,0,Debit Card,55370,87,20,FALSE,TRUE,FALSE,FALSE,FALSE,TRUE,FALSE
1841,42,Female,T-Shirt,Clothing,421.86,M,5,No,1,Cash,50260,20,8,FALSE,FALSE,TRUE,FALSE,TRUE,FALSE,FALSE
1842,50,Female,Bag,Accessories,442.85,M,2,Yes,12,UPI,28938,40,3,FALSE,TRUE,FALSE,FALSE,FALSE,FALSE,TRUE
1843,55,Male,Curtains,Home Decor,88.59,XL,5,Yes,9,UPI,87083,27,19,FALSE,TRUE,FALSE,FALSE,TRUE,FALSE,FALSE
1844,58,Male,Curtains,Sports,176.39,S,5,Yes,9,Cash,65390,49,1,FALSE,TRUE,FALSE,FALSE,TRUE,FALSE,FALSE
1845,25,Female,Phone,Home Decor,174.26,L,1,Yes,9,Cash,125104,74,6,TRUE,FALSE,FALSE,FALSE,TRUE,FALSE,FALSE
1846,28,Male,Shoes,Electronics,30.6,XL,3,Yes,8,PayPal,54587,80,2,FALSE,FALSE,TRUE,FALSE,FALSE,FALSE,TRUE
1847,39,Male,Laptop,Electronics,303.14,XL,4,No,1,PayPal,43035,8,14,FALSE,FALSE,TRUE,TRUE,FALSE,FALSE,FALSE
1848,41,Female,Shoes,Home Decor,428.86,L,4,Yes,14,Debit Card,92544,95,2,FALSE,TRUE,FALSE,FALSE,TRUE,FALSE,FALSE
1849,58,Female,Curtains,Accessories,196.97,XL,1,Yes,1,UPI,77038,8,2,FALSE,TRUE,FALSE,FALSE,FALSE,TRUE,FALSE
1850,34,Female,Football,Electronics,372.62,M,4,No,7,Cash,79339,88,17,FALSE,FALSE,TRUE,FALSE,FALSE,TRUE,FALSE
1851,29,Male,T-Shirt,Electronics,317.57,L,1,No,4,Cash,132636,99,4,TRUE,FALSE,FALSE,TRUE,FALSE,FALSE,FALSE
1852,63,Male,Bag,Sports,194.07,L,4,Yes,4,Credit Card,80451,40,9,FALSE,FALSE,TRUE,TRUE,FALSE,FALSE,FALSE
1853,49,Male,Phone,Home Decor,79.12,S,4,No,10,PayPal,99435,63,16,TRUE,FALSE,FALSE,FALSE,TRUE,FALSE,FALSE
1854,32,Male,Football,Electronics,357.57,L,5,Yes,5,Credit Card,26233,67,9,FALSE,FALSE,TRUE,FALSE,FALSE,FALSE,TRUE
1855,33,Male,Watch,Accessories,428.74,XL,1,No,7,Cash,146338,57,8,FALSE,TRUE,FALSE,FALSE,FALSE,FALSE,TRUE
1856,39,Female,Laptop,Clothing,346.07,S,4,No,7,UPI,41212,37,16,FALSE,TRUE,FALSE,FALSE,FALSE,FALSE,TRUE
1857,45,Male,Football,Home Decor,18.76,XL,3,Yes,8,UPI,43444,57,9,FALSE,FALSE,TRUE,TRUE,FALSE,FALSE,FALSE
1858,37,Male,Watch,Sports,115.95,M,1,No,9,Credit Card,61035,43,4,FALSE,TRUE,FALSE,TRUE,FALSE,FALSE,FALSE
1859,50,Male,Football,Electronics,44.05,M,1,Yes,10,PayPal,143518,58,10,FALSE,TRUE,FALSE,FALSE,FALSE,FALSE,TRUE
1860,27,Female,Laptop,Accessories,289.49,S,1,Yes,2,Debit Card,73343,83,9,FALSE,FALSE,TRUE,FALSE,TRUE,FALSE,FALSE
1861,57,Female,Bag,Home Decor,380.67,S,5,Yes,8,UPI,101087,36,3,FALSE,FALSE,TRUE,FALSE,TRUE,FALSE,FALSE
1862,49,Female,Football,Accessories,64.18,XL,1,No,13,Debit Card,139322,65,19,FALSE,TRUE,FALSE,FALSE,TRUE,FALSE,FALSE
1863,50,Male,Phone,Accessories,420.79,M,5,Yes,10,PayPal,23956,13,2,TRUE,FALSE,FALSE,FALSE,FALSE,FALSE,TRUE
1864,19,Female,Curtains,Sports,282.2,S,3,No,2,Credit Card,43732,95,18,FALSE,TRUE,FALSE,FALSE,TRUE,FALSE,FALSE
1865,50,Female,Shoes,Home Decor,348.08,M,2,Yes,0,PayPal,45176,52,18,FALSE,TRUE,FALSE,FALSE,TRUE,FALSE,FALSE
1866,50,Female,Football,Electronics,485.99,M,5,No,11,Cash,43391,36,1,FALSE,FALSE,TRUE,FALSE,FALSE,FALSE,TRUE
1867,58,Male,Phone,Sports,51,M,4,No,10,PayPal,20513,42,15,TRUE,FALSE,FALSE,FALSE,TRUE,FALSE,FALSE
1868,30,Female,Shoes,Electronics,451.6,XL,1,No,4,Credit Card,96482,30,7,FALSE,FALSE,TRUE,FALSE,FALSE,TRUE,FALSE
1869,47,Male,Bag,Clothing,71.79,XL,2,No,6,Credit Card,25583,1,17,FALSE,FALSE,TRUE,FALSE,FALSE,TRUE,FALSE
1870,50,Male,Watch,Accessories,202.55,M,5,Yes,2,PayPal,91146,51,1,FALSE,FALSE,TRUE,FALSE,FALSE,FALSE,TRUE
1871,30,Female,Shoes,Clothing,427.2,M,4,Yes,8,Credit Card,36341,39,12,TRUE,FALSE,FALSE,FALSE,FALSE,TRUE,FALSE
1872,43,Male,Watch,Accessories,454.06,M,2,Yes,0,Cash,85924,97,8,TRUE,FALSE,FALSE,TRUE,FALSE,FALSE,FALSE
1873,39,Female,Football,Sports,258.12,L,3,Yes,5,Debit Card,33998,3,9,FALSE,TRUE,FALSE,FALSE,TRUE,FALSE,FALSE
1874,56,Male,Phone,Electronics,301.11,L,5,No,14,PayPal,127287,73,13,FALSE,FALSE,TRUE,FALSE,TRUE,FALSE,FALSE
1875,19,Female,Curtains,Electronics,356.99,XL,5,Yes,11,Credit Card,128772,97,15,TRUE,FALSE,FALSE,FALSE,TRUE,FALSE,FALSE
1876,55,Female,Football,Sports,418.05,M,3,No,11,Debit Card,72294,20,8,TRUE,FALSE,FALSE,FALSE,FALSE,TRUE,FALSE
1877,56,Female,Watch,Home Decor,69.54,L,5,No,5,Cash,101982,14,18,FALSE,TRUE,FALSE,FALSE,FALSE,FALSE,TRUE
1878,43,Male,Laptop,Clothing,406.93,S,1,Yes,13,PayPal,78112,70,8,TRUE,FALSE,FALSE,FALSE,FALSE,FALSE,TRUE
1879,63,Female,Shoes,Clothing,245.83,S,5,Yes,12,Credit Card,63344,64,12,FALSE,TRUE,FALSE,FALSE,TRUE,FALSE,FALSE
1880,32,Male,Football,Electronics,230.81,M,1,Yes,7,Debit Card,137346,24,6,FALSE,FALSE,TRUE,FALSE,FALSE,TRUE,FALSE
1881,51,Female,Watch,Electronics,217.71,L,5,Yes,14,Cash,143493,46,12,TRUE,FALSE,FALSE,FALSE,TRUE,FALSE,FALSE
1882,59,Male,Bag,Electronics,259.51,S,4,Yes,12,UPI,30652,52,8,TRUE,FALSE,FALSE,TRUE,FALSE,FALSE,FALSE
1883,61,Male,Shoes,Sports,473.07,XL,4,No,2,Credit Card,101992,38,6,FALSE,TRUE,FALSE,FALSE,FALSE,FALSE,TRUE
1884,57,Female,Bag,Home Decor,278.62,S,2,Yes,11,Cash,21180,46,1,FALSE,TRUE,FALSE,TRUE,FALSE,FALSE,FALSE
1885,28,Female,Watch,Clothing,477.06,XL,4,Yes,4,Debit Card,75644,65,5,FALSE,FALSE,TRUE,FALSE,FALSE,TRUE,FALSE
1886,20,Female,Phone,Accessories,98.34,S,3,Yes,10,PayPal,43802,81,15,FALSE,TRUE,FALSE,FALSE,FALSE,FALSE,TRUE
1887,23,Female,T-Shirt,Sports,364.83,S,2,No,9,Debit Card,30908,84,5,TRUE,FALSE,FALSE,FALSE,FALSE,TRUE,FALSE
1888,26,Female,Bag,Clothing,408,L,4,Yes,10,PayPal,129567,35,18,FALSE,TRUE,FALSE,TRUE,FALSE,FALSE,FALSE
1889,23,Male,Football,Home Decor,342.77,S,1,No,14,Cash,128178,75,6,FALSE,FALSE,TRUE,FALSE,FALSE,FALSE,TRUE
1890,26,Female,Curtains,Sports,307.39,S,5,No,4,Cash,98916,11,4,TRUE,FALSE,FALSE,TRUE,FALSE,FALSE,FALSE
1891,56,Female,Football,Clothing,286.76,XL,4,No,7,Debit Card,115412,82,19,FALSE,FALSE,TRUE,FALSE,FALSE,FALSE,TRUE
1892,48,Male,Shoes,Sports,431.86,XL,1,Yes,6,Debit Card,122949,5,16,FALSE,FALSE,TRUE,TRUE,FALSE,FALSE,FALSE
1893,49,Female,Phone,Clothing,412.61,S,2,No,2,PayPal,92963,24,6,FALSE,TRUE,FALSE,FALSE,FALSE,TRUE,FALSE
1894,58,Female,Watch,Clothing,69.92,M,5,No,14,Credit Card,21916,98,15,FALSE,FALSE,TRUE,FALSE,FALSE,FALSE,TRUE
1895,29,Male,Laptop,Home Decor,425.81,S,4,No,6,Debit Card,55037,75,15,TRUE,FALSE,FALSE,FALSE,FALSE,FALSE,TRUE
1896,25,Female,Curtains,Accessories,212.89,S,2,Yes,9,Credit Card,37883,43,10,TRUE,FALSE,FALSE,TRUE,FALSE,FALSE,FALSE
1897,25,Female,Phone,Home Decor,134.31,L,4,No,7,Credit Card,70583,47,9,TRUE,FALSE,FALSE,TRUE,FALSE,FALSE,FALSE
1898,45,Female,Bag,Clothing,436.19,S,2,Yes,4,Credit Card,20529,19,17,TRUE,FALSE,FALSE,TRUE,FALSE,FALSE,FALSE
1899,37,Male,Bag,Sports,221.69,S,4,No,10,Cash,65741,42,7,TRUE,FALSE,FALSE,FALSE,FALSE,FALSE,TRUE
1900,64,Female,Football,Home Decor,406.1,XL,1,No,4,Cash,48914,37,9,FALSE,FALSE,TRUE,TRUE,FALSE,FALSE,FALSE
1901,24,Male,Laptop,Accessories,139.07,XL,3,Yes,13,Credit Card,107494,11,2,FALSE,TRUE,FALSE,FALSE,FALSE,FALSE,TRUE
1902,28,Female,Phone,Clothing,11.93,XL,1,No,13,Credit Card,144468,15,9,FALSE,FALSE,TRUE,TRUE,FALSE,FALSE,FALSE
1903,37,Male,T-Shirt,Home Decor,252.78,XL,5,No,10,Cash,84247,55,16,FALSE,FALSE,TRUE,FALSE,FALSE,TRUE,FALSE
1904,33,Female,Curtains,Home Decor,59.11,S,4,No,0,PayPal,128199,26,8,FALSE,FALSE,TRUE,FALSE,TRUE,FALSE,FALSE
1905,21,Male,Shoes,Home Decor,379.64,M,3,Yes,12,UPI,109217,38,7,FALSE,TRUE,FALSE,FALSE,TRUE,FALSE,FALSE
1906,23,Male,Phone,Home Decor,145.28,L,3,Yes,7,Debit Card,34887,87,13,TRUE,FALSE,FALSE,FALSE,FALSE,FALSE,TRUE
1907,39,Male,Phone,Sports,227.39,L,5,Yes,12,Credit Card,27817,22,6,TRUE,FALSE,FALSE,FALSE,FALSE,FALSE,TRUE
1908,43,Male,T-Shirt,Accessories,52.65,M,5,No,5,Cash,134748,31,14,FALSE,TRUE,FALSE,FALSE,FALSE,TRUE,FALSE
1909,20,Male,Football,Accessories,150.46,M,3,No,5,Credit Card,110994,43,15,FALSE,TRUE,FALSE,TRUE,FALSE,FALSE,FALSE
1910,58,Male,Watch,Clothing,392.93,L,5,No,14,Credit Card,121949,15,1,FALSE,TRUE,FALSE,FALSE,FALSE,FALSE,TRUE
1911,59,Female,Watch,Electronics,84.28,S,5,Yes,4,Credit Card,109151,70,2,TRUE,FALSE,FALSE,TRUE,FALSE,FALSE,FALSE
1912,31,Female,Curtains,Sports,327.11,L,4,Yes,4,Credit Card,78660,49,2,FALSE,FALSE,TRUE,TRUE,FALSE,FALSE,FALSE
1913,28,Male,Curtains,Clothing,459.54,M,1,Yes,13,PayPal,111722,18,5,TRUE,FALSE,FALSE,FALSE,FALSE,FALSE,TRUE
1914,35,Male,Shoes,Clothing,343.12,S,2,No,2,Debit Card,121493,100,15,FALSE,FALSE,TRUE,FALSE,TRUE,FALSE,FALSE
1915,29,Male,Phone,Home Decor,407.4,L,3,Yes,11,Debit Card,118028,50,15,FALSE,TRUE,FALSE,FALSE,FALSE,TRUE,FALSE
1916,40,Male,Laptop,Electronics,63.4,S,2,Yes,14,Cash,125909,98,13,FALSE,TRUE,FALSE,TRUE,FALSE,FALSE,FALSE
1917,29,Female,Phone,Electronics,132.86,S,3,No,2,PayPal,129571,43,19,TRUE,FALSE,FALSE,FALSE,TRUE,FALSE,FALSE
1918,30,Male,Watch,Sports,448.32,M,3,Yes,1,PayPal,90907,95,6,TRUE,FALSE,FALSE,FALSE,FALSE,FALSE,TRUE
1919,42,Female,Shoes,Electronics,360.4,XL,1,No,8,Debit Card,82973,44,8,TRUE,FALSE,FALSE,FALSE,TRUE,FALSE,FALSE
1920,62,Female,Phone,Clothing,323.38,L,3,No,7,Cash,96158,14,12,FALSE,FALSE,TRUE,TRUE,FALSE,FALSE,FALSE
1921,36,Male,T-Shirt,Electronics,335.25,M,3,Yes,10,PayPal,56651,34,20,TRUE,FALSE,FALSE,FALSE,FALSE,FALSE,TRUE
1922,63,Male,Watch,Electronics,212.96,L,1,Yes,2,Cash,124408,51,17,FALSE,FALSE,TRUE,FALSE,FALSE,FALSE,TRUE
1923,53,Female,Phone,Accessories,31.83,XL,5,No,4,Debit Card,99634,27,1,FALSE,TRUE,FALSE,FALSE,FALSE,FALSE,TRUE
1924,62,Female,Phone,Clothing,394.38,XL,2,Yes,14,Credit Card,112343,3,5,TRUE,FALSE,FALSE,FALSE,FALSE,TRUE,FALSE
1925,25,Male,Watch,Electronics,342.57,XL,3,No,9,PayPal,72903,9,11,FALSE,TRUE,FALSE,FALSE,TRUE,FALSE,FALSE
1926,46,Male,Laptop,Electronics,241.67,XL,1,Yes,14,Cash,64601,46,7,TRUE,FALSE,FALSE,FALSE,FALSE,FALSE,TRUE
1927,49,Male,Watch,Home Decor,450.88,L,3,Yes,4,Credit Card,32967,58,7,FALSE,FALSE,TRUE,TRUE,FALSE,FALSE,FALSE
1928,61,Female,T-Shirt,Electronics,174.72,S,1,No,7,Debit Card,26346,12,18,FALSE,FALSE,TRUE,FALSE,FALSE,FALSE,TRUE
1929,35,Female,T-Shirt,Electronics,154.22,S,2,No,5,UPI,149088,42,12,FALSE,TRUE,FALSE,FALSE,FALSE,FALSE,TRUE
1930,23,Male,Phone,Accessories,437.67,XL,4,Yes,6,PayPal,133311,10,7,TRUE,FALSE,FALSE,FALSE,TRUE,FALSE,FALSE
1931,35,Female,Curtains,Clothing,400.52,XL,5,Yes,4,PayPal,55849,61,8,FALSE,FALSE,TRUE,TRUE,FALSE,FALSE,FALSE
1932,36,Female,Laptop,Sports,262.34,S,4,No,11,Cash,110740,45,12,TRUE,FALSE,FALSE,FALSE,TRUE,FALSE,FALSE
1933,39,Male,Phone,Clothing,74.06,M,1,Yes,0,Debit Card,147040,24,19,FALSE,TRUE,FALSE,FALSE,TRUE,FALSE,FALSE
1934,54,Male,Watch,Home Decor,115.39,XL,3,Yes,7,Debit Card,71206,67,4,TRUE,FALSE,FALSE,FALSE,FALSE,FALSE,TRUE
1935,49,Female,Phone,Clothing,331.55,S,5,Yes,3,PayPal,121032,97,4,FALSE,FALSE,TRUE,FALSE,FALSE,FALSE,TRUE
1936,58,Female,Shoes,Electronics,198.67,M,2,No,4,PayPal,129065,24,14,FALSE,TRUE,FALSE,FALSE,FALSE,FALSE,TRUE
1937,20,Male,Shoes,Home Decor,419.87,S,5,Yes,0,Cash,124444,76,3,FALSE,FALSE,TRUE,FALSE,FALSE,TRUE,FALSE
1938,45,Male,Curtains,Clothing,475.48,M,3,Yes,2,Cash,76083,88,7,TRUE,FALSE,FALSE,TRUE,FALSE,FALSE,FALSE
1939,27,Male,Laptop,Home Decor,404.76,L,4,Yes,14,UPI,89251,81,11,FALSE,TRUE,FALSE,FALSE,FALSE,FALSE,TRUE
1940,52,Male,Football,Sports,195,M,1,No,1,Credit Card,128772,45,7,TRUE,FALSE,FALSE,FALSE,TRUE,FALSE,FALSE
1941,46,Male,Bag,Clothing,396.46,XL,4,No,11,Cash,97915,69,17,TRUE,FALSE,FALSE,FALSE,FALSE,TRUE,FALSE
1942,32,Female,Shoes,Electronics,182.21,M,5,Yes,1,Credit Card,21909,8,16,FALSE,TRUE,FALSE,FALSE,FALSE,TRUE,FALSE
1943,50,Female,Football,Home Decor,91.88,M,3,No,12,PayPal,130882,79,15,TRUE,FALSE,FALSE,FALSE,FALSE,TRUE,FALSE
1944,24,Female,T-Shirt,Accessories,26.36,XL,1,No,0,UPI,112934,60,10,FALSE,FALSE,TRUE,FALSE,FALSE,TRUE,FALSE
1945,29,Female,Shoes,Home Decor,199,L,3,Yes,5,UPI,95290,48,18,FALSE,FALSE,TRUE,TRUE,FALSE,FALSE,FALSE
1946,47,Male,Shoes,Accessories,452.74,M,3,Yes,14,UPI,61109,36,12,FALSE,TRUE,FALSE,TRUE,FALSE,FALSE,FALSE
1947,38,Male,Laptop,Electronics,127.1,L,5,No,14,Debit Card,108383,33,14,FALSE,TRUE,FALSE,FALSE,FALSE,FALSE,TRUE
1948,48,Male,Curtains,Sports,111.19,S,4,Yes,7,PayPal,108572,44,7,FALSE,TRUE,FALSE,FALSE,FALSE,TRUE,FALSE
1949,41,Female,Football,Accessories,485.21,S,3,Yes,2,Debit Card,72014,17,2,FALSE,FALSE,TRUE,FALSE,FALSE,FALSE,TRUE
1950,37,Female,Watch,Sports,22.25,XL,3,Yes,0,Debit Card,99827,81,6,FALSE,TRUE,FALSE,FALSE,TRUE,FALSE,FALSE
1951,54,Female,Shoes,Home Decor,395.03,L,3,Yes,13,UPI,89709,62,13,FALSE,TRUE,FALSE,FALSE,FALSE,TRUE,FALSE
1952,21,Male,Shoes,Electronics,167.47,XL,1,No,9,Debit Card,116024,20,10,FALSE,TRUE,FALSE,FALSE,FALSE,FALSE,TRUE
1953,45,Female,Laptop,Accessories,28.37,XL,3,No,1,PayPal,39469,20,1,FALSE,FALSE,TRUE,FALSE,FALSE,TRUE,FALSE
1954,61,Male,Laptop,Home Decor,459.72,M,3,Yes,2,PayPal,121967,92,20,FALSE,FALSE,TRUE,TRUE,FALSE,FALSE,FALSE
1955,37,Male,Curtains,Clothing,78.42,S,5,Yes,5,Debit Card,118937,70,11,FALSE,FALSE,TRUE,FALSE,TRUE,FALSE,FALSE
1956,41,Male,Football,Home Decor,280.37,XL,3,No,13,PayPal,68172,37,2,FALSE,FALSE,TRUE,FALSE,FALSE,FALSE,TRUE
1957,49,Male,T-Shirt,Sports,144.29,M,3,Yes,2,Credit Card,123795,81,13,TRUE,FALSE,FALSE,FALSE,FALSE,FALSE,TRUE
1958,58,Male,Watch,Electronics,41.94,M,5,Yes,8,Debit Card,144882,87,7,TRUE,FALSE,FALSE,FALSE,FALSE,TRUE,FALSE
1959,53,Male,Curtains,Electronics,34.46,L,1,Yes,11,UPI,32269,46,4,TRUE,FALSE,FALSE,TRUE,FALSE,FALSE,FALSE
1960,51,Female,Bag,Home Decor,66.62,S,4,No,0,UPI,63730,55,6,TRUE,FALSE,FALSE,FALSE,FALSE,TRUE,FALSE
1961,53,Male,T-Shirt,Clothing,44.97,L,5,Yes,6,PayPal,32958,62,13,FALSE,FALSE,TRUE,FALSE,FALSE,FALSE,TRUE
1962,19,Male,Phone,Sports,382.67,L,1,Yes,9,PayPal,88020,90,16,FALSE,FALSE,TRUE,FALSE,FALSE,FALSE,TRUE
1963,32,Female,Shoes,Home Decor,247.93,XL,4,Yes,7,UPI,114816,39,15,FALSE,TRUE,FALSE,FALSE,TRUE,FALSE,FALSE
1964,51,Male,Football,Home Decor,178.02,L,3,Yes,8,Credit Card,33607,74,2,TRUE,FALSE,FALSE,FALSE,TRUE,FALSE,FALSE
1965,53,Female,Curtains,Electronics,215,XL,5,Yes,7,UPI,83738,43,7,FALSE,FALSE,TRUE,FALSE,FALSE,TRUE,FALSE
1966,23,Female,Shoes,Sports,465.18,L,3,No,4,Debit Card,27286,72,20,FALSE,FALSE,TRUE,FALSE,FALSE,TRUE,FALSE
1967,56,Female,Football,Clothing,456.27,M,5,Yes,0,UPI,113314,31,2,FALSE,TRUE,FALSE,FALSE,FALSE,FALSE,TRUE
1968,59,Male,Football,Electronics,360.68,S,4,No,14,Cash,54051,27,3,FALSE,FALSE,TRUE,FALSE,TRUE,FALSE,FALSE
1969,29,Male,Football,Home Decor,443.49,S,1,No,0,Credit Card,24020,35,17,TRUE,FALSE,FALSE,FALSE,FALSE,TRUE,FALSE
1970,20,Female,Shoes,Electronics,166.63,S,5,Yes,13,Credit Card,63046,67,14,FALSE,TRUE,FALSE,FALSE,FALSE,FALSE,TRUE
1971,62,Male,Curtains,Electronics,196.74,M,1,Yes,14,UPI,88933,30,8,FALSE,TRUE,FALSE,FALSE,FALSE,TRUE,FALSE
1972,35,Male,Watch,Accessories,310.72,M,3,Yes,7,Cash,133891,5,14,FALSE,TRUE,FALSE,FALSE,TRUE,FALSE,FALSE
1973,57,Female,Laptop,Electronics,315.58,L,3,Yes,6,Debit Card,97978,14,19,TRUE,FALSE,FALSE,FALSE,FALSE,TRUE,FALSE
1974,38,Female,Shoes,Electronics,246.03,L,4,Yes,4,UPI,129176,90,8,FALSE,FALSE,TRUE,FALSE,TRUE,FALSE,FALSE
1975,32,Male,Bag,Sports,206.32,L,4,Yes,9,Debit Card,27304,33,17,FALSE,FALSE,TRUE,TRUE,FALSE,FALSE,FALSE
1976,50,Female,Football,Electronics,493.23,L,2,Yes,2,Cash,46692,62,9,FALSE,TRUE,FALSE,FALSE,FALSE,FALSE,TRUE
1977,52,Female,Curtains,Clothing,412.35,S,2,Yes,8,UPI,34498,58,12,TRUE,FALSE,FALSE,FALSE,TRUE,FALSE,FALSE
1978,43,Female,Watch,Home Decor,223.14,L,4,Yes,3,UPI,101143,4,5,FALSE,TRUE,FALSE,FALSE,FALSE,FALSE,TRUE
1979,25,Male,Phone,Sports,366.37,M,3,Yes,13,Debit Card,136689,62,19,FALSE,TRUE,FALSE,TRUE,FALSE,FALSE,FALSE
1980,53,Male,Bag,Electronics,142.09,M,1,No,5,UPI,127154,46,14,TRUE,FALSE,FALSE,FALSE,TRUE,FALSE,FALSE
1981,47,Male,T-Shirt,Clothing,59.08,M,4,Yes,10,Cash,77898,31,4,FALSE,FALSE,TRUE,TRUE,FALSE,FALSE,FALSE
1982,40,Female,Bag,Home Decor,182.69,XL,1,Yes,3,UPI,41227,62,9,FALSE,FALSE,TRUE,FALSE,FALSE,FALSE,TRUE
1983,59,Male,Football,Sports,207.46,XL,2,Yes,8,PayPal,24992,89,7,FALSE,FALSE,TRUE,TRUE,FALSE,FALSE,FALSE
1984,61,Female,Phone,Clothing,18.1,XL,1,No,3,Cash,43458,26,10,TRUE,FALSE,FALSE,FALSE,FALSE,FALSE,TRUE
1985,31,Male,Laptop,Electronics,409.25,L,4,No,13,Credit Card,52035,74,15,FALSE,TRUE,FALSE,FALSE,FALSE,FALSE,TRUE
1986,31,Male,Watch,Accessories,186,S,3,No,7,Debit Card,131522,77,10,FALSE,TRUE,FALSE,TRUE,FALSE,FALSE,FALSE
1987,19,Female,Watch,Accessories,294.4,S,4,Yes,10,Cash,38994,49,19,FALSE,FALSE,TRUE,FALSE,FALSE,FALSE,TRUE
1988,54,Male,Football,Sports,46.24,L,5,No,11,Credit Card,88215,10,9,FALSE,TRUE,FALSE,FALSE,FALSE,TRUE,FALSE
1989,22,Female,Bag,Clothing,95.75,L,5,Yes,11,Credit Card,25884,97,5,FALSE,TRUE,FALSE,FALSE,FALSE,TRUE,FALSE
1990,55,Male,Bag,Home Decor,445.95,XL,5,Yes,2,Cash,83489,69,8,FALSE,TRUE,FALSE,FALSE,FALSE,FALSE,TRUE
1991,62,Male,Watch,Clothing,308.26,M,3,No,7,Credit Card,103290,73,9,FALSE,TRUE,FALSE,TRUE,FALSE,FALSE,FALSE
1992,58,Female,Phone,Accessories,475.64,M,4,Yes,14,Credit Card,44490,20,1,FALSE,FALSE,TRUE,FALSE,FALSE,TRUE,FALSE
1993,64,Female,Football,Sports,499.39,XL,5,No,10,PayPal,57617,71,10,TRUE,FALSE,FALSE,FALSE,FALSE,FALSE,TRUE
1994,31,Female,Shoes,Electronics,192.21,XL,4,No,2,UPI,102510,79,13,FALSE,FALSE,TRUE,FALSE,FALSE,FALSE,TRUE
1995,56,Male,Curtains,Clothing,156.41,S,2,No,13,PayPal,99157,79,14,TRUE,FALSE,FALSE,FALSE,TRUE,FALSE,FALSE
1996,42,Male,Phone,Accessories,430.59,XL,5,Yes,10,UPI,21850,60,19,TRUE,FALSE,FALSE,FALSE,FALSE,TRUE,FALSE
1997,37,Male,Curtains,Home Decor,499.32,M,5,Yes,4,Credit Card,136953,14,14,TRUE,FALSE,FALSE,FALSE,FALSE,FALSE,TRUE
1998,19,Female,Shoes,Sports,318.52,M,3,Yes,0,UPI,109736,99,17,FALSE,FALSE,TRUE,TRUE,FALSE,FALSE,FALSE
1999,56,Female,Shoes,Electronics,399.62,L,4,Yes,5,PayPal,70610,20,2,FALSE,FALSE,TRUE,FALSE,FALSE,FALSE,TRUE
2000,23,Female,Curtains,Clothing,393.06,S,3,No,14,Debit Card,79510,40,1,FALSE,FALSE,TRUE,FALSE,FALSE,TRUE,FALSE
2001,34,Male,Phone,Home Decor,184.12,L,3,Yes,10,Debit Card,139589,20,7,FALSE,FALSE,TRUE,FALSE,FALSE,TRUE,FALSE
2002,42,Male,Curtains,Electronics,291.39,S,4,No,1,UPI,107374,2,13,FALSE,TRUE,FALSE,FALSE,FALSE,TRUE,FALSE
2003,45,Female,Curtains,Accessories,418.2,L,2,Yes,11,Debit Card,50514,96,19,TRUE,FALSE,FALSE,FALSE,TRUE,FALSE,FALSE
2004,19,Male,T-Shirt,Accessories,347.18,S,4,No,2,Cash,134349,39,1,FALSE,TRUE,FALSE,TRUE,FALSE,FALSE,FALSE
2005,52,Female,Phone,Home Decor,20.37,XL,2,No,10,Debit Card,145129,54,17,FALSE,TRUE,FALSE,FALSE,TRUE,FALSE,FALSE
2006,54,Male,Bag,Accessories,174.99,M,3,Yes,0,UPI,144134,51,19,FALSE,FALSE,TRUE,FALSE,FALSE,TRUE,FALSE
2007,22,Male,Bag,Sports,80.79,XL,2,No,10,Credit Card,68180,87,2,FALSE,TRUE,FALSE,FALSE,FALSE,FALSE,TRUE
2008,18,Female,T-Shirt,Home Decor,124.16,S,2,Yes,5,PayPal,110926,44,10,TRUE,FALSE,FALSE,FALSE,FALSE,FALSE,TRUE
2009,57,Male,Football,Accessories,453.69,S,2,Yes,4,Debit Card,76824,32,7,FALSE,FALSE,TRUE,FALSE,FALSE,TRUE,FALSE
2010,29,Male,Watch,Clothing,28.08,L,5,No,9,UPI,102870,30,5,FALSE,TRUE,FALSE,FALSE,FALSE,TRUE,FALSE
2011,53,Female,Bag,Accessories,117.7,S,5,Yes,1,PayPal,53435,88,18,TRUE,FALSE,FALSE,FALSE,FALSE,TRUE,FALSE
2012,62,Female,Curtains,Sports,161.69,XL,3,No,14,Cash,118417,90,1,TRUE,FALSE,FALSE,FALSE,FALSE,TRUE,FALSE
2013,40,Male,Football,Electronics,312.27,S,4,Yes,10,Credit Card,43749,44,20,FALSE,FALSE,TRUE,FALSE,FALSE,TRUE,FALSE
2014,64,Female,Bag,Electronics,271.71,S,2,No,7,PayPal,69973,81,1,TRUE,FALSE,FALSE,FALSE,FALSE,FALSE,TRUE
2015,48,Male,Phone,Accessories,116.95,L,5,No,8,PayPal,109654,84,4,FALSE,FALSE,TRUE,FALSE,FALSE,FALSE,TRUE
2016,28,Female,Curtains,Electronics,90.48,S,4,Yes,13,UPI,52838,19,6,FALSE,FALSE,TRUE,TRUE,FALSE,FALSE,FALSE
2017,27,Male,Watch,Accessories,126.03,L,2,Yes,13,Cash,34774,38,6,FALSE,FALSE,TRUE,TRUE,FALSE,FALSE,FALSE
2018,20,Male,Football,Sports,256.24,M,4,No,2,Debit Card,133876,26,6,FALSE,FALSE,TRUE,TRUE,FALSE,FALSE,FALSE
2019,31,Female,Bag,Electronics,142.88,L,1,Yes,11,Cash,103925,25,14,TRUE,FALSE,FALSE,FALSE,TRUE,FALSE,FALSE
2020,33,Male,Bag,Clothing,474.33,S,2,No,5,Credit Card,58262,59,13,FALSE,TRUE,FALSE,TRUE,FALSE,FALSE,FALSE
2021,27,Male,Laptop,Accessories,237.29,M,4,Yes,5,Debit Card,83713,97,12,FALSE,TRUE,FALSE,TRUE,FALSE,FALSE,FALSE
2022,46,Female,Bag,Electronics,38.81,S,2,No,13,Cash,96376,48,13,FALSE,TRUE,FALSE,FALSE,TRUE,FALSE,FALSE
2023,27,Female,Shoes,Sports,367.34,L,2,Yes,9,Credit Card,73573,36,4,FALSE,TRUE,FALSE,FALSE,FALSE,FALSE,TRUE
2024,29,Male,Curtains,Sports,171.13,XL,1,No,5,PayPal,106757,100,17,TRUE,FALSE,FALSE,FALSE,TRUE,FALSE,FALSE
2025,47,Female,Watch,Clothing,330.21,M,4,Yes,7,PayPal,25796,66,10,FALSE,TRUE,FALSE,TRUE,FALSE,FALSE,FALSE
2026,58,Female,Shoes,Sports,147,XL,3,Yes,11,PayPal,132935,35,8,FALSE,FALSE,TRUE,FALSE,FALSE,TRUE,FALSE
2027,18,Male,T-Shirt,Sports,289.66,XL,5,No,4,PayPal,125754,1,10,TRUE,FALSE,FALSE,FALSE,TRUE,FALSE,FALSE
2028,22,Male,Football,Electronics,388.35,M,2,No,9,Debit Card,53368,66,2,TRUE,FALSE,FALSE,TRUE,FALSE,FALSE,FALSE
2029,37,Female,Bag,Accessories,464.72,XL,2,No,9,PayPal,96320,42,17,TRUE,FALSE,FALSE,FALSE,FALSE,FALSE,TRUE
2030,25,Female,T-Shirt,Home Decor,137.95,XL,2,No,12,Debit Card,148243,55,9,FALSE,FALSE,TRUE,FALSE,FALSE,FALSE,TRUE
2031,60,Female,Watch,Sports,174.08,XL,2,No,7,Debit Card,74523,20,3,FALSE,FALSE,TRUE,FALSE,TRUE,FALSE,FALSE
2032,29,Male,Curtains,Sports,237.49,XL,5,No,11,Cash,53179,50,14,TRUE,FALSE,FALSE,FALSE,FALSE,FALSE,TRUE
2033,18,Male,Shoes,Home Decor,464.32,M,3,Yes,2,PayPal,35996,27,4,FALSE,FALSE,TRUE,FALSE,FALSE,FALSE,TRUE
2034,37,Male,Shoes,Sports,451.68,S,1,Yes,6,UPI,34031,32,2,TRUE,FALSE,FALSE,FALSE,FALSE,FALSE,TRUE
2035,45,Male,Football,Electronics,54.04,XL,3,No,0,PayPal,38338,33,6,TRUE,FALSE,FALSE,FALSE,FALSE,FALSE,TRUE
2036,60,Male,Curtains,Electronics,74.65,M,5,Yes,3,UPI,62956,93,17,FALSE,FALSE,TRUE,FALSE,TRUE,FALSE,FALSE
2037,54,Male,Bag,Home Decor,252.8,M,4,No,4,PayPal,144769,12,16,TRUE,FALSE,FALSE,FALSE,FALSE,TRUE,FALSE
2038,64,Male,Laptop,Sports,62.24,M,1,Yes,6,Debit Card,115311,37,10,FALSE,FALSE,TRUE,TRUE,FALSE,FALSE,FALSE
2039,54,Female,Laptop,Sports,179.33,M,1,No,13,PayPal,138574,61,6,FALSE,TRUE,FALSE,FALSE,FALSE,FALSE,TRUE
2040,29,Female,Football,Accessories,82.71,L,4,No,5,PayPal,119953,31,6,TRUE,FALSE,FALSE,FALSE,FALSE,TRUE,FALSE
2041,54,Male,Curtains,Sports,321.66,S,2,Yes,12,PayPal,33784,3,7,FALSE,TRUE,FALSE,FALSE,FALSE,TRUE,FALSE
2042,61,Male,Football,Electronics,475.25,S,5,No,5,PayPal,148377,76,1,FALSE,FALSE,TRUE,TRUE,FALSE,FALSE,FALSE
2043,45,Male,Curtains,Clothing,498.4,XL,4,Yes,12,Cash,111764,99,7,TRUE,FALSE,FALSE,FALSE,TRUE,FALSE,FALSE
2044,64,Female,Watch,Clothing,193.87,M,3,Yes,14,Cash,127969,20,1,TRUE,FALSE,FALSE,FALSE,TRUE,FALSE,FALSE
2045,32,Male,Watch,Clothing,303.52,L,3,Yes,1,Debit Card,81913,60,19,TRUE,FALSE,FALSE,FALSE,FALSE,TRUE,FALSE
2046,23,Female,T-Shirt,Clothing,429.57,M,4,Yes,10,Debit Card,148434,54,7,TRUE,FALSE,FALSE,TRUE,FALSE,FALSE,FALSE
2047,61,Female,Bag,Sports,67.56,XL,5,Yes,1,UPI,24647,12,7,FALSE,TRUE,FALSE,FALSE,TRUE,FALSE,FALSE
2048,37,Female,Football,Sports,347.89,S,1,Yes,1,Debit Card,127073,24,1,TRUE,FALSE,FALSE,TRUE,FALSE,FALSE,FALSE
2049,31,Female,Bag,Accessories,210.33,XL,1,Yes,9,Cash,109656,13,8,FALSE,FALSE,TRUE,FALSE,FALSE,TRUE,FALSE
2050,19,Female,Curtains,Sports,111.01,XL,2,Yes,12,Debit Card,75472,78,9,FALSE,FALSE,TRUE,FALSE,FALSE,TRUE,FALSE
2051,26,Male,Laptop,Clothing,207.35,XL,5,Yes,11,UPI,37975,32,17,TRUE,FALSE,FALSE,FALSE,FALSE,FALSE,TRUE
2052,54,Male,Bag,Home Decor,47.22,XL,3,Yes,7,UPI,33657,63,17,FALSE,FALSE,TRUE,TRUE,FALSE,FALSE,FALSE
2053,37,Female,Curtains,Home Decor,350.75,XL,3,No,6,Cash,99716,53,17,TRUE,FALSE,FALSE,FALSE,FALSE,FALSE,TRUE
2054,43,Male,Watch,Electronics,133.84,XL,2,Yes,0,Debit Card,144030,23,9,TRUE,FALSE,FALSE,FALSE,FALSE,TRUE,FALSE
2055,46,Female,Curtains,Electronics,162.59,XL,3,Yes,8,UPI,84064,50,16,TRUE,FALSE,FALSE,FALSE,FALSE,TRUE,FALSE
2056,18,Female,Football,Sports,69.33,S,2,No,10,Debit Card,60804,6,8,TRUE,FALSE,FALSE,FALSE,FALSE,FALSE,TRUE
2057,52,Male,T-Shirt,Home Decor,433.68,S,2,No,10,Debit Card,98391,50,14,FALSE,FALSE,TRUE,FALSE,FALSE,FALSE,TRUE
2058,23,Male,T-Shirt,Clothing,251.79,M,4,No,7,Cash,143097,20,10,TRUE,FALSE,FALSE,FALSE,FALSE,TRUE,FALSE
2059,54,Male,T-Shirt,Clothing,290.35,M,1,No,12,Cash,133492,28,1,TRUE,FALSE,FALSE,FALSE,FALSE,FALSE,TRUE
2060,22,Male,T-Shirt,Clothing,289.02,L,5,Yes,8,Debit Card,133582,43,2,TRUE,FALSE,FALSE,FALSE,FALSE,TRUE,FALSE
2061,50,Male,Watch,Sports,211.14,L,5,Yes,3,PayPal,70220,22,11,TRUE,FALSE,FALSE,FALSE,FALSE,FALSE,TRUE
2062,31,Female,Phone,Sports,104.34,S,1,Yes,4,PayPal,123599,15,11,FALSE,FALSE,TRUE,FALSE,TRUE,FALSE,FALSE
2063,29,Male,Bag,Accessories,375.12,S,5,No,10,Credit Card,93848,84,9,FALSE,FALSE,TRUE,FALSE,TRUE,FALSE,FALSE
2064,59,Male,Football,Clothing,72.26,L,3,No,4,Credit Card,34113,23,2,TRUE,FALSE,FALSE,TRUE,FALSE,FALSE,FALSE
2065,37,Male,Shoes,Clothing,60.9,S,3,Yes,10,Credit Card,113490,52,19,TRUE,FALSE,FALSE,TRUE,FALSE,FALSE,FALSE
2066,41,Female,Football,Sports,357.97,L,5,No,8,Cash,48146,31,13,FALSE,TRUE,FALSE,FALSE,TRUE,FALSE,FALSE
2067,60,Male,Phone,Sports,112.33,M,4,Yes,14,Debit Card,37255,50,16,TRUE,FALSE,FALSE,FALSE,TRUE,FALSE,FALSE
2068,51,Female,T-Shirt,Accessories,160.32,S,5,No,7,UPI,113061,8,2,FALSE,TRUE,FALSE,TRUE,FALSE,FALSE,FALSE
2069,42,Male,Phone,Accessories,242.86,S,2,No,12,Debit Card,111536,7,8,FALSE,TRUE,FALSE,FALSE,FALSE,FALSE,TRUE
2070,46,Male,Laptop,Electronics,230.18,L,2,Yes,9,Debit Card,56740,82,13,FALSE,TRUE,FALSE,FALSE,FALSE,FALSE,TRUE
2071,56,Female,Laptop,Home Decor,357.2,XL,1,Yes,5,Credit Card,88388,87,17,FALSE,FALSE,TRUE,FALSE,FALSE,FALSE,TRUE
2072,48,Male,Bag,Clothing,315.48,XL,3,Yes,14,Debit Card,123303,92,7,TRUE,FALSE,FALSE,FALSE,FALSE,FALSE,TRUE
2073,64,Male,Watch,Clothing,325.75,M,4,No,10,Credit Card,75055,52,19,TRUE,FALSE,FALSE,FALSE,FALSE,TRUE,FALSE
2074,60,Female,Football,Accessories,359.89,S,5,No,9,Debit Card,120556,91,12,FALSE,FALSE,TRUE,FALSE,FALSE,FALSE,TRUE
2075,40,Male,Football,Accessories,153.38,S,2,Yes,10,UPI,37005,29,14,FALSE,TRUE,FALSE,FALSE,TRUE,FALSE,FALSE
2076,61,Female,Shoes,Electronics,167.94,L,3,Yes,14,PayPal,86843,22,8,FALSE,FALSE,TRUE,TRUE,FALSE,FALSE,FALSE
2077,55,Female,Watch,Home Decor,224.62,XL,3,Yes,9,PayPal,142239,20,11,FALSE,FALSE,TRUE,FALSE,FALSE,FALSE,TRUE
2078,37,Female,Shoes,Electronics,160.66,XL,4,No,0,Cash,75969,75,14,FALSE,FALSE,TRUE,FALSE,FALSE,FALSE,TRUE
2079,40,Female,Laptop,Home Decor,492.62,M,4,No,14,UPI,39800,15,12,TRUE,FALSE,FALSE,FALSE,TRUE,FALSE,FALSE
2080,62,Female,T-Shirt,Clothing,408.89,XL,4,Yes,6,Debit Card,88932,55,6,TRUE,FALSE,FALSE,FALSE,FALSE,FALSE,TRUE
2081,33,Male,Phone,Electronics,90.68,XL,4,Yes,8,UPI,50632,100,1,FALSE,TRUE,FALSE,FALSE,FALSE,FALSE,TRUE
2082,59,Male,Shoes,Accessories,12.74,XL,2,Yes,11,Debit Card,113260,40,6,FALSE,FALSE,TRUE,FALSE,FALSE,FALSE,TRUE
2083,25,Male,Curtains,Electronics,30.96,L,4,No,3,UPI,83743,35,14,FALSE,FALSE,TRUE,FALSE,TRUE,FALSE,FALSE
2084,38,Female,Shoes,Electronics,129.59,XL,3,No,3,UPI,94043,32,10,FALSE,TRUE,FALSE,TRUE,FALSE,FALSE,FALSE
2085,18,Female,T-Shirt,Clothing,66,M,3,Yes,4,PayPal,68598,82,2,FALSE,TRUE,FALSE,FALSE,FALSE,TRUE,FALSE
2086,25,Female,T-Shirt,Accessories,271.34,XL,5,No,14,UPI,64924,40,1,FALSE,TRUE,FALSE,FALSE,FALSE,FALSE,TRUE
2087,46,Female,Football,Accessories,430.42,M,3,Yes,7,Cash,47847,3,6,FALSE,FALSE,TRUE,FALSE,FALSE,FALSE,TRUE
2088,49,Male,Phone,Sports,371.01,L,3,Yes,10,Debit Card,142146,81,15,FALSE,TRUE,FALSE,TRUE,FALSE,FALSE,FALSE
2089,55,Male,T-Shirt,Sports,115.65,L,2,Yes,4,Credit Card,86729,28,14,FALSE,TRUE,FALSE,FALSE,TRUE,FALSE,FALSE
2090,22,Female,Watch,Sports,205.66,M,3,No,3,UPI,48316,24,6,FALSE,TRUE,FALSE,FALSE,FALSE,TRUE,FALSE
2091,64,Female,Shoes,Clothing,258.87,L,1,Yes,7,Credit Card,37900,29,4,TRUE,FALSE,FALSE,FALSE,FALSE,FALSE,TRUE
2092,39,Male,Shoes,Electronics,407,S,3,Yes,10,PayPal,45116,31,18,FALSE,TRUE,FALSE,FALSE,FALSE,FALSE,TRUE
2093,64,Female,Laptop,Accessories,421.17,S,5,No,4,Credit Card,81087,67,15,FALSE,FALSE,TRUE,FALSE,FALSE,TRUE,FALSE
2094,51,Female,T-Shirt,Accessories,455.76,S,5,Yes,7,Cash,60889,78,7,FALSE,FALSE,TRUE,FALSE,FALSE,TRUE,FALSE
2095,18,Female,Curtains,Electronics,259.53,S,4,Yes,0,Cash,57312,36,14,FALSE,FALSE,TRUE,FALSE,TRUE,FALSE,FALSE
2096,43,Male,Football,Accessories,350.19,S,2,Yes,2,PayPal,68807,26,2,FALSE,TRUE,FALSE,FALSE,FALSE,FALSE,TRUE
2097,60,Male,Phone,Electronics,64.78,L,5,Yes,6,Cash,39830,100,15,TRUE,FALSE,FALSE,TRUE,FALSE,FALSE,FALSE
2098,27,Female,Curtains,Clothing,286.99,M,1,No,11,Debit Card,132747,18,10,FALSE,FALSE,TRUE,FALSE,TRUE,FALSE,FALSE
2099,47,Male,Football,Clothing,131.86,L,1,No,0,Cash,83519,61,14,FALSE,FALSE,TRUE,TRUE,FALSE,FALSE,FALSE
2100,35,Female,Shoes,Clothing,221.54,XL,4,Yes,10,UPI,123534,39,12,TRUE,FALSE,FALSE,TRUE,FALSE,FALSE,FALSE
2101,34,Female,Curtains,Electronics,320.68,S,2,No,4,Cash,125805,12,4,TRUE,FALSE,FALSE,FALSE,FALSE,FALSE,TRUE
2102,43,Male,Football,Electronics,135.92,S,2,No,5,Debit Card,37494,33,7,FALSE,TRUE,FALSE,TRUE,FALSE,FALSE,FALSE
2103,25,Female,Shoes,Home Decor,35.57,L,3,No,13,PayPal,148797,45,12,FALSE,TRUE,FALSE,FALSE,FALSE,FALSE,TRUE
2104,64,Female,Shoes,Accessories,15.01,XL,1,No,11,Cash,125660,45,17,FALSE,TRUE,FALSE,FALSE,FALSE,TRUE,FALSE
2105,57,Male,Shoes,Accessories,20.86,L,1,No,12,Debit Card,54327,3,4,TRUE,FALSE,FALSE,FALSE,FALSE,FALSE,TRUE
2106,29,Female,Shoes,Home Decor,14.09,M,1,No,0,UPI,62619,35,8,FALSE,FALSE,TRUE,FALSE,FALSE,TRUE,FALSE
2107,44,Female,Watch,Home Decor,64.07,S,1,No,6,Credit Card,136248,66,6,FALSE,FALSE,TRUE,FALSE,FALSE,FALSE,TRUE
2108,25,Female,Shoes,Clothing,127.35,L,5,No,8,Credit Card,70330,81,3,TRUE,FALSE,FALSE,FALSE,FALSE,TRUE,FALSE
2109,42,Male,Laptop,Home Decor,118.4,M,2,Yes,8,PayPal,26050,56,2,TRUE,FALSE,FALSE,FALSE,FALSE,FALSE,TRUE
2110,63,Female,Curtains,Electronics,493.53,S,3,Yes,2,PayPal,36242,12,2,FALSE,TRUE,FALSE,TRUE,FALSE,FALSE,FALSE
2111,21,Male,Football,Sports,159.94,S,5,Yes,3,Credit Card,123636,27,5,FALSE,TRUE,FALSE,FALSE,FALSE,TRUE,FALSE
2112,50,Female,Laptop,Electronics,72.44,S,2,Yes,14,Credit Card,137402,32,9,FALSE,FALSE,TRUE,FALSE,FALSE,FALSE,TRUE
2113,18,Female,Watch,Home Decor,277.33,XL,4,Yes,13,PayPal,148481,3,12,FALSE,FALSE,TRUE,TRUE,FALSE,FALSE,FALSE
2114,36,Female,Bag,Accessories,430.4,L,1,Yes,0,Credit Card,26018,7,10,TRUE,FALSE,FALSE,FALSE,FALSE,TRUE,FALSE
2115,48,Female,Bag,Electronics,342.25,S,3,Yes,12,Cash,109723,94,16,FALSE,FALSE,TRUE,FALSE,TRUE,FALSE,FALSE
2116,33,Male,Laptop,Accessories,155.08,S,2,Yes,3,Debit Card,37646,81,5,FALSE,FALSE,TRUE,TRUE,FALSE,FALSE,FALSE
2117,31,Male,T-Shirt,Electronics,285.19,M,4,No,13,PayPal,140018,44,4,FALSE,FALSE,TRUE,FALSE,FALSE,FALSE,TRUE
2118,22,Female,T-Shirt,Accessories,360.28,L,1,Yes,4,Debit Card,80509,81,5,TRUE,FALSE,FALSE,FALSE,FALSE,FALSE,TRUE
2119,58,Female,T-Shirt,Electronics,366.77,M,4,Yes,6,UPI,39743,33,9,TRUE,FALSE,FALSE,FALSE,FALSE,FALSE,TRUE
2120,43,Female,Phone,Accessories,336.6,L,4,No,4,UPI,80278,51,18,TRUE,FALSE,FALSE,FALSE,FALSE,TRUE,FALSE
2121,45,Female,T-Shirt,Sports,436.7,S,5,No,7,Cash,48090,57,2,TRUE,FALSE,FALSE,FALSE,FALSE,FALSE,TRUE
2122,19,Female,Football,Clothing,436.35,XL,4,Yes,6,UPI,44332,71,19,FALSE,FALSE,TRUE,FALSE,FALSE,FALSE,TRUE
2123,23,Female,Laptop,Electronics,293.68,M,5,Yes,0,PayPal,49032,7,4,TRUE,FALSE,FALSE,TRUE,FALSE,FALSE,FALSE
2124,26,Female,Football,Sports,220.63,XL,5,Yes,11,Cash,54446,65,19,TRUE,FALSE,FALSE,FALSE,TRUE,FALSE,FALSE
2125,50,Female,Curtains,Clothing,324.37,XL,4,No,1,Cash,130810,41,16,TRUE,FALSE,FALSE,TRUE,FALSE,FALSE,FALSE
2126,58,Male,T-Shirt,Electronics,410.92,XL,2,Yes,6,PayPal,85390,9,12,TRUE,FALSE,FALSE,TRUE,FALSE,FALSE,FALSE
2127,42,Male,Watch,Sports,12.77,L,4,No,2,Credit Card,116131,59,12,FALSE,TRUE,FALSE,FALSE,TRUE,FALSE,FALSE
2128,30,Male,Phone,Sports,496.08,L,4,Yes,1,Debit Card,50290,72,10,TRUE,FALSE,FALSE,TRUE,FALSE,FALSE,FALSE
2129,26,Female,Curtains,Sports,99.62,XL,2,No,10,PayPal,101355,11,6,FALSE,TRUE,FALSE,TRUE,FALSE,FALSE,FALSE
2130,30,Female,Watch,Home Decor,240.42,S,1,No,11,Credit Card,51056,32,18,FALSE,FALSE,TRUE,TRUE,FALSE,FALSE,FALSE
2131,48,Female,Phone,Accessories,437.29,S,3,No,13,Credit Card,129652,5,8,TRUE,FALSE,FALSE,FALSE,FALSE,TRUE,FALSE
2132,58,Male,Bag,Clothing,120.27,XL,1,Yes,8,UPI,46459,48,4,TRUE,FALSE,FALSE,FALSE,TRUE,FALSE,FALSE
2133,28,Female,Curtains,Accessories,243.63,M,4,Yes,11,Cash,129228,45,12,FALSE,FALSE,TRUE,TRUE,FALSE,FALSE,FALSE
2134,21,Male,Bag,Accessories,74.97,M,1,No,9,Cash,87471,9,8,FALSE,TRUE,FALSE,FALSE,FALSE,FALSE,TRUE
2135,51,Female,Laptop,Accessories,203.59,L,3,No,12,UPI,93255,26,1,FALSE,FALSE,TRUE,FALSE,TRUE,FALSE,FALSE
2136,55,Male,Football,Sports,96.8,M,1,No,7,UPI,136633,80,6,TRUE,FALSE,FALSE,FALSE,FALSE,TRUE,FALSE
2137,63,Male,Shoes,Accessories,188.18,S,3,Yes,7,Cash,41043,84,18,TRUE,FALSE,FALSE,FALSE,FALSE,FALSE,TRUE
2138,21,Male,Football,Home Decor,193,XL,1,No,2,PayPal,148513,43,9,TRUE,FALSE,FALSE,FALSE,FALSE,TRUE,FALSE
2139,55,Female,T-Shirt,Electronics,496.65,M,5,Yes,10,PayPal,33585,82,20,FALSE,FALSE,TRUE,FALSE,TRUE,FALSE,FALSE
2140,36,Male,Bag,Sports,497.46,XL,4,Yes,9,PayPal,122701,81,7,FALSE,FALSE,TRUE,FALSE,FALSE,FALSE,TRUE
2141,23,Female,Watch,Clothing,66.25,M,3,No,8,PayPal,88707,72,11,FALSE,TRUE,FALSE,FALSE,FALSE,FALSE,TRUE
2142,51,Female,Shoes,Electronics,365.72,L,4,No,7,UPI,32874,69,1,FALSE,FALSE,TRUE,FALSE,FALSE,TRUE,FALSE
2143,35,Female,Phone,Electronics,35.36,S,5,Yes,11,Debit Card,23213,81,17,FALSE,TRUE,FALSE,FALSE,TRUE,FALSE,FALSE
2144,30,Female,Bag,Electronics,24.79,L,1,Yes,1,Debit Card,146251,51,15,FALSE,TRUE,FALSE,FALSE,FALSE,FALSE,TRUE
2145,58,Female,Laptop,Accessories,61.61,XL,4,Yes,6,Cash,62594,49,10,FALSE,TRUE,FALSE,FALSE,FALSE,TRUE,FALSE
2146,40,Male,Laptop,Accessories,483.09,S,1,No,7,Debit Card,98892,74,1,FALSE,TRUE,FALSE,FALSE,FALSE,FALSE,TRUE
2147,36,Female,Bag,Sports,471.02,S,1,Yes,11,PayPal,92855,90,19,TRUE,FALSE,FALSE,FALSE,TRUE,FALSE,FALSE
2148,62,Female,Bag,Accessories,105.02,L,4,Yes,6,UPI,89117,83,1,FALSE,FALSE,TRUE,FALSE,TRUE,FALSE,FALSE
2149,28,Female,Bag,Accessories,89.22,M,3,No,8,PayPal,117227,91,4,FALSE,TRUE,FALSE,FALSE,FALSE,FALSE,TRUE
2150,18,Female,Phone,Accessories,127.86,L,3,Yes,12,Credit Card,44510,1,20,TRUE,FALSE,FALSE,FALSE,FALSE,TRUE,FALSE
2151,41,Female,T-Shirt,Sports,262.62,XL,4,No,6,UPI,126422,36,4,FALSE,TRUE,FALSE,TRUE,FALSE,FALSE,FALSE
2152,24,Male,Phone,Sports,289.16,M,3,No,11,Credit Card,131484,61,5,FALSE,TRUE,FALSE,FALSE,FALSE,FALSE,TRUE
2153,42,Male,Curtains,Home Decor,118.58,L,2,No,6,Credit Card,134577,30,1,FALSE,TRUE,FALSE,FALSE,FALSE,FALSE,TRUE
2154,38,Female,Watch,Home Decor,380.75,L,1,No,0,Cash,125192,31,13,FALSE,TRUE,FALSE,FALSE,FALSE,FALSE,TRUE
2155,32,Male,Bag,Home Decor,161.68,M,4,No,1,Credit Card,105954,31,16,FALSE,FALSE,TRUE,FALSE,TRUE,FALSE,FALSE
2156,18,Male,Watch,Home Decor,461.84,M,5,No,13,Debit Card,88425,11,7,TRUE,FALSE,FALSE,TRUE,FALSE,FALSE,FALSE
2157,29,Female,T-Shirt,Electronics,331.79,M,4,No,4,Debit Card,146360,80,5,FALSE,TRUE,FALSE,FALSE,TRUE,FALSE,FALSE
2158,24,Male,Shoes,Electronics,223.81,L,4,No,12,Credit Card,85310,2,16,TRUE,FALSE,FALSE,FALSE,FALSE,FALSE,TRUE
2159,32,Female,Phone,Home Decor,397.06,M,1,No,12,Cash,118318,54,3,FALSE,TRUE,FALSE,FALSE,FALSE,FALSE,TRUE
2160,38,Male,T-Shirt,Home Decor,410.78,M,5,Yes,10,Credit Card,57163,79,10,FALSE,TRUE,FALSE,FALSE,FALSE,FALSE,TRUE
2161,36,Male,Watch,Clothing,152.34,M,1,No,13,UPI,97919,99,18,FALSE,FALSE,TRUE,FALSE,FALSE,TRUE,FALSE
2162,46,Male,Shoes,Electronics,176.46,S,3,Yes,0,UPI,108746,67,8,FALSE,TRUE,FALSE,FALSE,FALSE,FALSE,TRUE
2163,42,Female,Phone,Clothing,468.62,XL,4,Yes,11,UPI,38546,7,7,TRUE,FALSE,FALSE,TRUE,FALSE,FALSE,FALSE
2164,50,Male,Laptop,Clothing,90.72,M,1,No,9,UPI,28749,67,7,FALSE,TRUE,FALSE,TRUE,FALSE,FALSE,FALSE
2165,49,Male,Phone,Accessories,30.65,XL,2,No,14,Credit Card,134416,93,3,FALSE,FALSE,TRUE,FALSE,TRUE,FALSE,FALSE
2166,52,Female,Football,Sports,232.49,M,4,No,6,PayPal,106251,40,17,TRUE,FALSE,FALSE,FALSE,TRUE,FALSE,FALSE
2167,61,Female,Phone,Electronics,402.59,M,3,Yes,4,PayPal,107529,53,19,TRUE,FALSE,FALSE,FALSE,FALSE,FALSE,TRUE
2168,55,Male,Football,Home Decor,388.12,S,1,No,12,UPI,78770,47,2,FALSE,TRUE,FALSE,TRUE,FALSE,FALSE,FALSE
2169,43,Female,Shoes,Home Decor,460.57,S,1,Yes,4,Cash,36784,30,13,FALSE,TRUE,FALSE,FALSE,FALSE,TRUE,FALSE
2170,28,Male,Phone,Sports,271.27,M,2,Yes,7,Cash,71929,40,16,FALSE,TRUE,FALSE,FALSE,TRUE,FALSE,FALSE
2171,52,Male,Shoes,Electronics,59.03,M,3,Yes,8,Credit Card,89407,7,18,FALSE,TRUE,FALSE,FALSE,TRUE,FALSE,FALSE
2172,25,Female,Shoes,Home Decor,298.46,M,2,No,9,PayPal,47753,21,7,TRUE,FALSE,FALSE,FALSE,TRUE,FALSE,FALSE
2173,63,Female,Watch,Home Decor,391.41,XL,4,No,0,Credit Card,136318,22,14,FALSE,FALSE,TRUE,FALSE,FALSE,TRUE,FALSE
2174,31,Female,T-Shirt,Accessories,55.73,M,5,Yes,9,Debit Card,58054,25,6,TRUE,FALSE,FALSE,TRUE,FALSE,FALSE,FALSE
2175,27,Male,Shoes,Clothing,94.6,XL,1,Yes,3,UPI,24034,79,7,FALSE,TRUE,FALSE,FALSE,TRUE,FALSE,FALSE
2176,19,Female,Shoes,Home Decor,16.02,S,2,Yes,14,Debit Card,82006,98,7,FALSE,FALSE,TRUE,TRUE,FALSE,FALSE,FALSE
2177,63,Male,Watch,Electronics,300.89,XL,1,Yes,10,Debit Card,63709,88,4,FALSE,FALSE,TRUE,FALSE,TRUE,FALSE,FALSE
2178,26,Female,Watch,Sports,444.5,M,1,No,1,Cash,97353,18,7,FALSE,FALSE,TRUE,TRUE,FALSE,FALSE,FALSE
2179,20,Male,Phone,Accessories,338.63,S,2,No,13,PayPal,81183,55,4,FALSE,TRUE,FALSE,TRUE,FALSE,FALSE,FALSE
2180,38,Female,Watch,Electronics,491.2,L,1,Yes,8,UPI,95238,81,18,TRUE,FALSE,FALSE,FALSE,FALSE,TRUE,FALSE
2181,43,Male,Phone,Accessories,40.89,S,3,Yes,8,Credit Card,25892,72,3,TRUE,FALSE,FALSE,FALSE,FALSE,FALSE,TRUE
2182,25,Female,Laptop,Clothing,452.47,L,3,Yes,0,UPI,105470,56,11,FALSE,FALSE,TRUE,FALSE,TRUE,FALSE,FALSE
2183,19,Male,Watch,Home Decor,408.89,XL,5,No,2,Credit Card,91183,68,14,FALSE,FALSE,TRUE,FALSE,FALSE,FALSE,TRUE
2184,23,Female,T-Shirt,Electronics,163.98,S,3,No,9,Credit Card,140374,82,6,TRUE,FALSE,FALSE,FALSE,FALSE,TRUE,FALSE
2185,45,Female,Shoes,Sports,487.03,S,2,Yes,7,PayPal,81164,95,20,FALSE,FALSE,TRUE,FALSE,TRUE,FALSE,FALSE
2186,46,Male,T-Shirt,Clothing,151.09,S,3,No,1,Debit Card,121229,11,2,FALSE,TRUE,FALSE,FALSE,FALSE,TRUE,FALSE
2187,43,Female,Football,Clothing,445.76,XL,5,No,1,Credit Card,21830,79,10,TRUE,FALSE,FALSE,FALSE,FALSE,FALSE,TRUE
2188,42,Male,Bag,Accessories,441.57,M,4,Yes,1,PayPal,131901,100,6,FALSE,FALSE,TRUE,FALSE,FALSE,TRUE,FALSE
2189,29,Male,Watch,Clothing,381.25,XL,4,No,12,Debit Card,146137,90,14,FALSE,FALSE,TRUE,TRUE,FALSE,FALSE,FALSE
2190,22,Female,Shoes,Electronics,286.1,S,2,No,4,Debit Card,127295,51,2,FALSE,FALSE,TRUE,TRUE,FALSE,FALSE,FALSE
2191,51,Male,T-Shirt,Accessories,68.8,M,5,No,13,UPI,67737,14,3,FALSE,FALSE,TRUE,FALSE,FALSE,TRUE,FALSE
2192,54,Female,Watch,Clothing,270.67,S,3,No,8,UPI,119782,65,9,TRUE,FALSE,FALSE,TRUE,FALSE,FALSE,FALSE
2193,32,Female,Watch,Sports,184.83,S,5,No,6,UPI,54059,28,2,TRUE,FALSE,FALSE,FALSE,TRUE,FALSE,FALSE
2194,61,Male,Bag,Electronics,398.19,L,1,No,12,Cash,100036,92,8,FALSE,FALSE,TRUE,FALSE,FALSE,TRUE,FALSE
2195,53,Female,Laptop,Sports,381.48,S,5,Yes,6,Debit Card,105483,80,9,FALSE,FALSE,TRUE,FALSE,TRUE,FALSE,FALSE
2196,32,Male,Laptop,Sports,456.2,XL,3,Yes,14,Cash,80996,92,2,FALSE,TRUE,FALSE,TRUE,FALSE,FALSE,FALSE
2197,60,Male,Shoes,Accessories,17.27,XL,2,Yes,1,UPI,110816,13,5,FALSE,FALSE,TRUE,TRUE,FALSE,FALSE,FALSE
2198,40,Female,Football,Home Decor,406.46,XL,1,No,1,PayPal,42576,53,18,FALSE,TRUE,FALSE,TRUE,FALSE,FALSE,FALSE
2199,23,Female,Laptop,Accessories,469.85,M,5,No,4,UPI,26490,37,14,FALSE,TRUE,FALSE,FALSE,TRUE,FALSE,FALSE
2200,63,Male,Bag,Electronics,396.76,L,4,No,11,Credit Card,94250,93,11,FALSE,FALSE,TRUE,FALSE,TRUE,FALSE,FALSE
2201,61,Male,Laptop,Electronics,73.8,L,3,Yes,13,PayPal,21332,100,5,TRUE,FALSE,FALSE,FALSE,FALSE,FALSE,TRUE
2202,60,Female,Football,Accessories,49.83,S,2,Yes,6,PayPal,38771,98,12,TRUE,FALSE,FALSE,TRUE,FALSE,FALSE,FALSE
2203,62,Female,T-Shirt,Home Decor,20.21,S,3,No,6,Debit Card,100995,82,7,FALSE,FALSE,TRUE,FALSE,FALSE,TRUE,FALSE
2204,38,Female,Laptop,Accessories,318.09,L,5,No,8,Cash,148553,24,13,FALSE,FALSE,TRUE,FALSE,FALSE,FALSE,TRUE
2205,40,Female,Bag,Electronics,318.54,M,2,No,2,Credit Card,60592,35,13,FALSE,FALSE,TRUE,FALSE,FALSE,FALSE,TRUE
2206,60,Male,Phone,Home Decor,493.59,XL,4,No,13,PayPal,94691,71,8,FALSE,FALSE,TRUE,FALSE,TRUE,FALSE,FALSE
2207,33,Female,Bag,Electronics,205.04,S,1,No,0,Cash,113293,13,1,FALSE,FALSE,TRUE,FALSE,FALSE,FALSE,TRUE
2208,64,Male,Curtains,Home Decor,172.63,L,5,Yes,8,Cash,95432,81,4,TRUE,FALSE,FALSE,TRUE,FALSE,FALSE,FALSE
2209,32,Male,Curtains,Home Decor,315.97,M,2,Yes,0,Credit Card,48303,68,15,TRUE,FALSE,FALSE,TRUE,FALSE,FALSE,FALSE
2210,42,Female,Laptop,Accessories,414.55,XL,1,No,7,Credit Card,44163,4,18,TRUE,FALSE,FALSE,FALSE,FALSE,FALSE,TRUE
2211,53,Male,T-Shirt,Accessories,469.02,S,2,Yes,13,UPI,72553,68,19,TRUE,FALSE,FALSE,FALSE,FALSE,TRUE,FALSE
2212,28,Female,Watch,Accessories,403.53,XL,5,No,14,UPI,84072,48,17,FALSE,TRUE,FALSE,FALSE,TRUE,FALSE,FALSE
2213,32,Male,T-Shirt,Home Decor,219.07,XL,2,Yes,13,PayPal,146595,76,8,FALSE,TRUE,FALSE,FALSE,FALSE,FALSE,TRUE
2214,21,Female,Bag,Home Decor,321.11,L,4,No,4,PayPal,85741,46,9,TRUE,FALSE,FALSE,TRUE,FALSE,FALSE,FALSE
2215,38,Male,Shoes,Electronics,429.59,L,2,No,7,PayPal,149077,66,13,FALSE,FALSE,TRUE,TRUE,FALSE,FALSE,FALSE
2216,30,Male,Phone,Sports,250.4,XL,5,No,6,UPI,130620,92,10,FALSE,TRUE,FALSE,TRUE,FALSE,FALSE,FALSE
2217,39,Female,T-Shirt,Accessories,116.18,XL,2,No,8,PayPal,87418,51,4,FALSE,TRUE,FALSE,FALSE,FALSE,FALSE,TRUE
2218,36,Female,Football,Electronics,93.16,S,1,Yes,1,PayPal,38912,5,3,FALSE,FALSE,TRUE,FALSE,TRUE,FALSE,FALSE
2219,51,Male,Bag,Electronics,10.08,M,1,No,8,UPI,113447,100,6,FALSE,TRUE,FALSE,FALSE,FALSE,TRUE,FALSE
2220,31,Male,Phone,Clothing,361.94,M,3,No,9,UPI,25559,71,4,FALSE,FALSE,TRUE,TRUE,FALSE,FALSE,FALSE
2221,21,Female,Curtains,Accessories,64.44,XL,3,No,4,PayPal,49401,58,1,FALSE,TRUE,FALSE,FALSE,FALSE,TRUE,FALSE
2222,63,Male,Bag,Electronics,129.48,L,4,No,4,PayPal,122659,58,10,TRUE,FALSE,FALSE,FALSE,FALSE,FALSE,TRUE
2223,44,Female,Phone,Clothing,155.96,M,1,Yes,0,Cash,120368,46,14,TRUE,FALSE,FALSE,FALSE,FALSE,FALSE,TRUE
2224,46,Male,Football,Accessories,284.59,XL,3,Yes,5,Debit Card,95397,62,15,FALSE,TRUE,FALSE,FALSE,FALSE,TRUE,FALSE
2225,64,Female,Laptop,Home Decor,205,L,2,Yes,9,UPI,146732,48,2,TRUE,FALSE,FALSE,FALSE,TRUE,FALSE,FALSE
2226,45,Male,Football,Clothing,340.59,S,4,No,9,Debit Card,41327,20,13,TRUE,FALSE,FALSE,FALSE,FALSE,FALSE,TRUE
2227,52,Female,Football,Home Decor,37.26,M,5,Yes,9,UPI,118531,72,9,TRUE,FALSE,FALSE,FALSE,FALSE,TRUE,FALSE
2228,25,Female,Laptop,Sports,70.73,S,3,No,9,Cash,95043,88,15,FALSE,FALSE,TRUE,TRUE,FALSE,FALSE,FALSE
2229,33,Male,Laptop,Sports,254.61,L,3,Yes,2,Debit Card,132715,57,12,TRUE,FALSE,FALSE,FALSE,FALSE,FALSE,TRUE
2230,59,Female,Laptop,Sports,175.11,XL,1,Yes,12,Cash,92333,43,18,FALSE,TRUE,FALSE,FALSE,FALSE,FALSE,TRUE
2231,53,Male,Laptop,Sports,154.95,S,4,No,9,Credit Card,36866,44,6,TRUE,FALSE,FALSE,FALSE,FALSE,TRUE,FALSE
2232,47,Female,Laptop,Electronics,42.84,XL,1,Yes,2,Debit Card,95420,77,20,FALSE,TRUE,FALSE,TRUE,FALSE,FALSE,FALSE
2233,35,Female,Football,Sports,448.9,M,1,No,2,Debit Card,124223,22,18,FALSE,FALSE,TRUE,FALSE,TRUE,FALSE,FALSE
2234,19,Female,Shoes,Electronics,348.99,S,4,Yes,12,Debit Card,114140,63,17,FALSE,FALSE,TRUE,FALSE,TRUE,FALSE,FALSE
2235,30,Male,Shoes,Electronics,69.59,M,2,No,3,Credit Card,60117,32,20,TRUE,FALSE,FALSE,FALSE,FALSE,TRUE,FALSE
2236,21,Female,Bag,Accessories,41.87,M,3,No,8,Credit Card,92000,74,5,FALSE,TRUE,FALSE,TRUE,FALSE,FALSE,FALSE
2237,43,Male,T-Shirt,Electronics,487.69,M,1,No,12,Cash,125371,44,1,FALSE,TRUE,FALSE,FALSE,FALSE,TRUE,FALSE
2238,42,Female,Shoes,Electronics,343.77,M,3,No,7,Credit Card,84953,81,13,TRUE,FALSE,FALSE,TRUE,FALSE,FALSE,FALSE
2239,47,Male,Curtains,Sports,214.55,M,4,Yes,11,UPI,118889,12,8,FALSE,FALSE,TRUE,TRUE,FALSE,FALSE,FALSE
2240,28,Male,Shoes,Electronics,353.85,L,2,No,5,PayPal,36887,46,20,FALSE,TRUE,FALSE,FALSE,TRUE,FALSE,FALSE
2241,24,Male,Football,Home Decor,380.6,S,5,Yes,7,Debit Card,39755,4,13,FALSE,FALSE,TRUE,FALSE,FALSE,FALSE,TRUE
2242,48,Female,Laptop,Sports,392.18,XL,2,No,7,Cash,103262,74,16,FALSE,FALSE,TRUE,FALSE,FALSE,TRUE,FALSE
2243,61,Male,Bag,Clothing,244.16,XL,4,No,0,Cash,58507,3,20,FALSE,TRUE,FALSE,FALSE,FALSE,TRUE,FALSE
2244,27,Female,Laptop,Sports,220.64,L,2,No,8,Cash,112612,69,15,FALSE,FALSE,TRUE,TRUE,FALSE,FALSE,FALSE
2245,56,Male,Watch,Electronics,15.4,XL,5,No,0,Cash,54119,75,10,FALSE,TRUE,FALSE,FALSE,FALSE,TRUE,FALSE
2246,30,Male,Watch,Home Decor,464.01,XL,1,Yes,10,Debit Card,134104,61,16,TRUE,FALSE,FALSE,TRUE,FALSE,FALSE,FALSE
2247,48,Male,Watch,Sports,305.62,XL,2,Yes,1,Cash,45936,44,6,FALSE,TRUE,FALSE,FALSE,TRUE,FALSE,FALSE
2248,24,Male,Football,Home Decor,109.55,S,4,No,8,Debit Card,75895,92,4,FALSE,FALSE,TRUE,FALSE,FALSE,FALSE,TRUE
2249,59,Female,Curtains,Clothing,460.61,XL,2,Yes,6,Cash,80429,57,3,FALSE,TRUE,FALSE,FALSE,FALSE,TRUE,FALSE
2250,59,Male,Shoes,Clothing,458.32,S,5,Yes,9,Cash,36695,25,14,FALSE,TRUE,FALSE,FALSE,FALSE,FALSE,TRUE
2251,53,Male,Football,Accessories,494.7,XL,4,No,0,PayPal,83381,8,1,FALSE,FALSE,TRUE,FALSE,TRUE,FALSE,FALSE
2252,37,Female,T-Shirt,Accessories,438.29,XL,2,Yes,2,UPI,137645,25,20,TRUE,FALSE,FALSE,FALSE,TRUE,FALSE,FALSE
2253,21,Male,Bag,Sports,498.91,S,4,No,13,Credit Card,103765,68,5,FALSE,TRUE,FALSE,TRUE,FALSE,FALSE,FALSE
2254,24,Male,Laptop,Accessories,129.9,L,5,No,0,Credit Card,28260,30,9,FALSE,FALSE,TRUE,FALSE,FALSE,FALSE,TRUE
2255,18,Male,Watch,Home Decor,422.7,XL,1,Yes,4,Credit Card,27711,71,17,TRUE,FALSE,FALSE,FALSE,TRUE,FALSE,FALSE
2256,61,Male,Phone,Accessories,413.28,M,5,Yes,14,UPI,128331,84,11,FALSE,TRUE,FALSE,FALSE,TRUE,FALSE,FALSE
2257,62,Female,T-Shirt,Home Decor,123.16,M,1,No,3,Debit Card,27882,8,11,TRUE,FALSE,FALSE,TRUE,FALSE,FALSE,FALSE
2258,59,Female,Watch,Accessories,58.23,L,3,No,7,Credit Card,134849,9,11,TRUE,FALSE,FALSE,FALSE,FALSE,FALSE,TRUE
2259,64,Male,Curtains,Accessories,489.92,M,5,No,8,Credit Card,79411,52,13,TRUE,FALSE,FALSE,FALSE,FALSE,FALSE,TRUE
2260,30,Female,T-Shirt,Accessories,155.05,S,1,Yes,14,Credit Card,119842,99,10,FALSE,TRUE,FALSE,FALSE,FALSE,TRUE,FALSE
2261,39,Female,Football,Electronics,436.74,XL,3,No,11,Debit Card,39206,97,8,FALSE,FALSE,TRUE,FALSE,TRUE,FALSE,FALSE
2262,38,Male,Shoes,Electronics,12.02,XL,3,No,3,UPI,56456,23,4,TRUE,FALSE,FALSE,FALSE,FALSE,TRUE,FALSE
2263,39,Female,Laptop,Accessories,20.3,XL,3,No,14,UPI,36061,47,17,FALSE,FALSE,TRUE,FALSE,FALSE,TRUE,FALSE
2264,45,Male,Bag,Home Decor,238.28,XL,4,No,2,Debit Card,67954,59,13,TRUE,FALSE,FALSE,FALSE,TRUE,FALSE,FALSE
2265,26,Female,Curtains,Sports,126.97,M,5,No,13,PayPal,139926,22,4,TRUE,FALSE,FALSE,FALSE,TRUE,FALSE,FALSE
2266,43,Female,Curtains,Clothing,348.02,M,5,Yes,3,Cash,119567,69,7,FALSE,FALSE,TRUE,FALSE,TRUE,FALSE,FALSE
2267,26,Female,Phone,Electronics,287.13,M,5,Yes,2,Debit Card,106865,87,17,FALSE,FALSE,TRUE,FALSE,TRUE,FALSE,FALSE
2268,32,Male,T-Shirt,Accessories,47.97,S,5,Yes,5,Cash,78576,53,2,FALSE,TRUE,FALSE,FALSE,FALSE,TRUE,FALSE
2269,27,Female,Phone,Clothing,89.69,M,4,Yes,0,UPI,77128,63,12,FALSE,FALSE,TRUE,FALSE,FALSE,TRUE,FALSE
2270,41,Male,Shoes,Electronics,200.14,M,5,Yes,1,Cash,149810,64,8,TRUE,FALSE,FALSE,FALSE,FALSE,TRUE,FALSE
2271,59,Male,Watch,Sports,100.95,XL,1,No,7,Credit Card,145090,71,18,FALSE,FALSE,TRUE,FALSE,TRUE,FALSE,FALSE
2272,25,Female,Shoes,Home Decor,398.19,M,3,Yes,2,Cash,38397,43,15,FALSE,FALSE,TRUE,FALSE,FALSE,FALSE,TRUE
2273,41,Male,Watch,Accessories,213.87,L,4,No,3,Cash,89425,93,11,FALSE,TRUE,FALSE,FALSE,FALSE,TRUE,FALSE
2274,33,Female,Phone,Sports,55.78,L,4,Yes,11,UPI,126993,78,6,FALSE,TRUE,FALSE,FALSE,TRUE,FALSE,FALSE
2275,43,Male,Laptop,Electronics,247.33,XL,5,Yes,0,PayPal,63191,94,10,FALSE,FALSE,TRUE,FALSE,TRUE,FALSE,FALSE
2276,44,Male,Shoes,Accessories,54.51,M,3,No,14,Cash,104872,36,7,TRUE,FALSE,FALSE,TRUE,FALSE,FALSE,FALSE
2277,54,Female,Phone,Clothing,73.18,L,1,Yes,2,UPI,78522,62,6,FALSE,FALSE,TRUE,FALSE,FALSE,TRUE,FALSE
2278,21,Female,T-Shirt,Home Decor,127.41,L,3,Yes,0,Credit Card,71882,49,17,FALSE,FALSE,TRUE,TRUE,FALSE,FALSE,FALSE
2279,41,Female,Phone,Electronics,431.17,S,2,No,10,Cash,57252,91,9,FALSE,TRUE,FALSE,FALSE,FALSE,TRUE,FALSE
2280,36,Female,Phone,Home Decor,463.06,XL,3,Yes,9,Cash,102374,99,2,TRUE,FALSE,FALSE,TRUE,FALSE,FALSE,FALSE
2281,53,Male,Football,Accessories,414.87,L,1,Yes,4,Credit Card,83578,61,2,TRUE,FALSE,FALSE,TRUE,FALSE,FALSE,FALSE
2282,56,Male,Shoes,Sports,173.7,L,1,Yes,0,Debit Card,33430,72,14,FALSE,TRUE,FALSE,FALSE,FALSE,FALSE,TRUE
2283,27,Male,Bag,Home Decor,143.5,XL,1,No,11,PayPal,20079,51,20,FALSE,FALSE,TRUE,TRUE,FALSE,FALSE,FALSE
2284,42,Female,Laptop,Clothing,279.09,M,4,Yes,8,Credit Card,51517,33,6,FALSE,FALSE,TRUE,FALSE,FALSE,TRUE,FALSE
2285,35,Male,Laptop,Electronics,363.71,XL,4,Yes,6,Credit Card,60165,37,19,TRUE,FALSE,FALSE,FALSE,FALSE,TRUE,FALSE
2286,36,Female,Football,Clothing,496.75,S,2,No,10,Credit Card,121751,38,5,FALSE,FALSE,TRUE,FALSE,FALSE,FALSE,TRUE
2287,53,Male,Watch,Home Decor,74.47,S,3,Yes,7,Debit Card,33387,64,1,TRUE,FALSE,FALSE,FALSE,FALSE,FALSE,TRUE
2288,27,Female,Curtains,Sports,34.15,S,5,No,8,Credit Card,122757,63,4,TRUE,FALSE,FALSE,FALSE,FALSE,FALSE,TRUE
2289,50,Male,Watch,Sports,350.23,L,2,No,9,Debit Card,123282,10,5,TRUE,FALSE,FALSE,TRUE,FALSE,FALSE,FALSE
2290,22,Male,Laptop,Clothing,417.79,M,5,No,7,PayPal,69776,57,4,FALSE,TRUE,FALSE,FALSE,FALSE,TRUE,FALSE
2291,64,Female,Phone,Accessories,424.71,S,5,No,2,Debit Card,56015,17,14,FALSE,TRUE,FALSE,FALSE,FALSE,FALSE,TRUE
2292,52,Male,Football,Accessories,342.45,XL,2,Yes,6,PayPal,92496,86,4,FALSE,FALSE,TRUE,FALSE,FALSE,FALSE,TRUE
2293,61,Female,T-Shirt,Sports,477.47,S,3,Yes,6,PayPal,59257,69,16,FALSE,FALSE,TRUE,FALSE,TRUE,FALSE,FALSE
2294,51,Male,Shoes,Clothing,260.39,L,5,No,13,PayPal,77448,56,12,TRUE,FALSE,FALSE,FALSE,FALSE,FALSE,TRUE
2295,50,Male,Shoes,Clothing,457.77,S,4,Yes,6,UPI,35804,67,16,FALSE,FALSE,TRUE,FALSE,FALSE,FALSE,TRUE
2296,38,Female,Bag,Clothing,484.23,M,4,Yes,11,PayPal,132292,55,1,FALSE,TRUE,FALSE,TRUE,FALSE,FALSE,FALSE
2297,34,Female,Shoes,Home Decor,425.11,S,2,Yes,7,Debit Card,33579,30,1,FALSE,FALSE,TRUE,FALSE,FALSE,TRUE,FALSE
2298,39,Male,Phone,Accessories,161.78,M,5,No,3,UPI,125811,29,16,TRUE,FALSE,FALSE,FALSE,FALSE,TRUE,FALSE
2299,54,Male,T-Shirt,Accessories,106.15,M,2,Yes,10,Credit Card,121973,4,9,FALSE,FALSE,TRUE,FALSE,FALSE,TRUE,FALSE
2300,32,Male,Football,Home Decor,278.58,XL,4,No,5,Credit Card,63187,75,12,TRUE,FALSE,FALSE,TRUE,FALSE,FALSE,FALSE
2301,52,Male,Football,Electronics,231.98,M,2,No,1,Cash,67126,1,5,FALSE,FALSE,TRUE,FALSE,FALSE,TRUE,FALSE
2302,45,Male,Shoes,Home Decor,440.1,L,5,Yes,6,PayPal,137169,18,4,FALSE,TRUE,FALSE,FALSE,TRUE,FALSE,FALSE
2303,24,Male,T-Shirt,Clothing,59.02,L,5,Yes,8,Cash,108190,75,2,TRUE,FALSE,FALSE,FALSE,FALSE,TRUE,FALSE
2304,49,Female,T-Shirt,Home Decor,136.29,M,4,No,4,PayPal,95835,71,1,TRUE,FALSE,FALSE,TRUE,FALSE,FALSE,FALSE
2305,28,Female,T-Shirt,Clothing,378.38,M,1,No,3,PayPal,71189,34,6,TRUE,FALSE,FALSE,FALSE,FALSE,TRUE,FALSE
2306,27,Female,Laptop,Sports,56.54,S,1,No,1,Debit Card,67063,93,3,FALSE,FALSE,TRUE,FALSE,FALSE,FALSE,TRUE
2307,26,Male,Laptop,Clothing,167.17,S,3,Yes,6,Debit Card,123731,35,16,FALSE,FALSE,TRUE,FALSE,TRUE,FALSE,FALSE
2308,31,Male,Shoes,Accessories,199.71,XL,4,No,1,Credit Card,91076,18,12,FALSE,FALSE,TRUE,FALSE,FALSE,TRUE,FALSE
2309,30,Male,T-Shirt,Home Decor,315.07,S,3,Yes,1,UPI,137202,44,3,FALSE,FALSE,TRUE,FALSE,TRUE,FALSE,FALSE
2310,42,Female,Curtains,Clothing,87.48,L,4,Yes,8,Credit Card,59447,31,9,FALSE,TRUE,FALSE,FALSE,FALSE,FALSE,TRUE
2311,19,Female,T-Shirt,Electronics,431.7,S,5,Yes,1,PayPal,53404,97,5,FALSE,TRUE,FALSE,FALSE,FALSE,FALSE,TRUE
2312,52,Male,Football,Sports,229.3,XL,4,Yes,9,UPI,35381,78,3,FALSE,FALSE,TRUE,FALSE,TRUE,FALSE,FALSE
2313,24,Male,Football,Electronics,459.34,XL,2,No,2,Cash,138629,42,19,FALSE,FALSE,TRUE,FALSE,TRUE,FALSE,FALSE
2314,38,Female,Shoes,Electronics,239.26,M,3,No,2,PayPal,33320,99,8,FALSE,TRUE,FALSE,TRUE,FALSE,FALSE,FALSE
2315,35,Female,Curtains,Electronics,144.77,XL,4,No,1,Debit Card,114540,62,2,FALSE,FALSE,TRUE,FALSE,FALSE,FALSE,TRUE
2316,20,Female,T-Shirt,Sports,79.5,M,3,No,9,Credit Card,20985,44,13,TRUE,FALSE,FALSE,FALSE,FALSE,TRUE,FALSE
2317,59,Male,Watch,Sports,11.84,L,4,No,2,Credit Card,91393,16,2,TRUE,FALSE,FALSE,FALSE,FALSE,TRUE,FALSE
2318,56,Male,Curtains,Sports,270.76,L,1,No,8,Cash,124265,51,16,TRUE,FALSE,FALSE,TRUE,FALSE,FALSE,FALSE
2319,58,Male,Bag,Sports,62.51,S,3,No,10,Credit Card,60384,97,3,TRUE,FALSE,FALSE,FALSE,FALSE,FALSE,TRUE
2320,28,Female,Shoes,Electronics,201.95,XL,5,Yes,14,Credit Card,35821,27,12,FALSE,FALSE,TRUE,FALSE,FALSE,TRUE,FALSE
2321,56,Female,Football,Accessories,298.74,L,5,No,10,UPI,118142,77,15,TRUE,FALSE,FALSE,FALSE,FALSE,FALSE,TRUE
2322,41,Male,Watch,Accessories,145.09,M,4,Yes,10,PayPal,120568,34,16,TRUE,FALSE,FALSE,TRUE,FALSE,FALSE,FALSE
2323,63,Male,Football,Sports,95.86,XL,5,Yes,2,UPI,62885,14,16,TRUE,FALSE,FALSE,FALSE,TRUE,FALSE,FALSE
2324,36,Female,Laptop,Home Decor,389.61,XL,5,No,4,UPI,32360,51,20,FALSE,FALSE,TRUE,FALSE,FALSE,FALSE,TRUE
2325,21,Male,Shoes,Clothing,473.93,M,3,No,11,Credit Card,104125,9,4,FALSE,FALSE,TRUE,FALSE,FALSE,FALSE,TRUE
2326,43,Female,Shoes,Home Decor,59.22,XL,4,No,14,PayPal,74085,44,19,FALSE,FALSE,TRUE,FALSE,FALSE,TRUE,FALSE
2327,55,Female,T-Shirt,Home Decor,86.24,XL,3,No,6,Credit Card,24440,86,12,FALSE,FALSE,TRUE,FALSE,TRUE,FALSE,FALSE
2328,59,Male,T-Shirt,Home Decor,480.41,L,4,Yes,0,Credit Card,23268,30,19,FALSE,TRUE,FALSE,FALSE,TRUE,FALSE,FALSE
2329,49,Female,Laptop,Accessories,28.51,M,5,Yes,13,UPI,87869,25,14,FALSE,FALSE,TRUE,FALSE,FALSE,TRUE,FALSE
2330,56,Male,Watch,Clothing,489.04,L,4,Yes,0,Debit Card,97004,86,19,FALSE,FALSE,TRUE,FALSE,FALSE,TRUE,FALSE
2331,62,Female,Bag,Home Decor,12.28,M,4,Yes,14,Debit Card,89783,47,9,FALSE,TRUE,FALSE,FALSE,FALSE,TRUE,FALSE
2332,63,Female,Phone,Sports,438.1,S,2,No,9,UPI,70884,14,1,TRUE,FALSE,FALSE,TRUE,FALSE,FALSE,FALSE
2333,53,Male,Curtains,Accessories,160.59,XL,4,Yes,12,UPI,29525,54,13,FALSE,TRUE,FALSE,FALSE,FALSE,FALSE,TRUE
2334,57,Female,Phone,Sports,469.91,XL,2,Yes,1,Credit Card,81026,6,15,TRUE,FALSE,FALSE,FALSE,FALSE,FALSE,TRUE
2335,54,Male,Phone,Sports,165.3,L,3,No,0,PayPal,66299,85,14,TRUE,FALSE,FALSE,FALSE,FALSE,FALSE,TRUE
2336,50,Male,Shoes,Home Decor,330.61,XL,2,No,0,Credit Card,46979,91,2,FALSE,TRUE,FALSE,TRUE,FALSE,FALSE,FALSE
2337,53,Female,Curtains,Sports,49.22,XL,3,No,13,Credit Card,106881,5,16,FALSE,TRUE,FALSE,FALSE,FALSE,FALSE,TRUE
2338,20,Male,Shoes,Clothing,128.74,L,4,Yes,13,Cash,125325,46,12,TRUE,FALSE,FALSE,FALSE,FALSE,FALSE,TRUE
2339,26,Male,Bag,Sports,389.1,L,3,No,9,Credit Card,128202,59,19,FALSE,TRUE,FALSE,FALSE,TRUE,FALSE,FALSE
2340,25,Male,Curtains,Home Decor,269.06,M,5,No,3,PayPal,57492,16,2,FALSE,FALSE,TRUE,FALSE,FALSE,TRUE,FALSE
2341,50,Male,Football,Sports,464.7,S,4,Yes,9,Credit Card,107715,42,11,TRUE,FALSE,FALSE,TRUE,FALSE,FALSE,FALSE
2342,23,Male,Shoes,Accessories,220.09,L,2,No,11,UPI,131184,51,20,FALSE,TRUE,FALSE,FALSE,TRUE,FALSE,FALSE
2343,58,Male,Shoes,Accessories,436.21,M,1,Yes,11,PayPal,47388,6,6,FALSE,TRUE,FALSE,TRUE,FALSE,FALSE,FALSE
2344,56,Female,Shoes,Accessories,229.99,L,4,No,2,UPI,71456,97,4,TRUE,FALSE,FALSE,TRUE,FALSE,FALSE,FALSE
2345,21,Male,Watch,Electronics,489.83,M,5,No,0,Cash,127595,19,3,TRUE,FALSE,FALSE,FALSE,FALSE,TRUE,FALSE
2346,30,Female,Laptop,Accessories,480.32,S,3,No,2,Cash,121946,40,1,FALSE,FALSE,TRUE,FALSE,FALSE,TRUE,FALSE
2347,19,Female,Shoes,Accessories,171.28,M,2,No,0,PayPal,122384,69,7,FALSE,TRUE,FALSE,TRUE,FALSE,FALSE,FALSE
2348,22,Male,Bag,Electronics,444.1,M,2,Yes,2,Debit Card,73141,55,11,FALSE,TRUE,FALSE,FALSE,FALSE,TRUE,FALSE
2349,61,Female,T-Shirt,Accessories,425.33,XL,5,Yes,3,Debit Card,143583,54,15,TRUE,FALSE,FALSE,FALSE,TRUE,FALSE,FALSE
2350,44,Female,T-Shirt,Home Decor,113.23,L,5,Yes,10,PayPal,63826,49,11,FALSE,TRUE,FALSE,TRUE,FALSE,FALSE,FALSE
2351,49,Male,Curtains,Accessories,315.9,M,4,No,12,PayPal,136645,84,12,TRUE,FALSE,FALSE,TRUE,FALSE,FALSE,FALSE
2352,38,Male,Football,Accessories,45.61,L,1,Yes,10,UPI,142443,77,10,FALSE,TRUE,FALSE,TRUE,FALSE,FALSE,FALSE
2353,25,Male,Laptop,Electronics,419.99,M,1,Yes,13,Cash,32924,70,7,FALSE,TRUE,FALSE,FALSE,FALSE,FALSE,TRUE
2354,55,Female,Watch,Home Decor,95.53,XL,3,No,13,PayPal,66671,13,13,TRUE,FALSE,FALSE,FALSE,FALSE,FALSE,TRUE
2355,25,Female,Curtains,Sports,44.7,XL,2,Yes,7,Credit Card,138528,97,13,FALSE,FALSE,TRUE,FALSE,FALSE,TRUE,FALSE
2356,20,Male,T-Shirt,Clothing,206.11,S,4,Yes,2,UPI,40570,94,7,FALSE,TRUE,FALSE,FALSE,TRUE,FALSE,FALSE
2357,61,Male,Laptop,Home Decor,292.69,M,2,Yes,2,Cash,23002,78,12,FALSE,FALSE,TRUE,FALSE,TRUE,FALSE,FALSE
2358,20,Female,Laptop,Sports,428.91,XL,4,No,12,UPI,25909,46,5,TRUE,FALSE,FALSE,FALSE,TRUE,FALSE,FALSE
2359,39,Female,Football,Home Decor,487.38,L,5,Yes,8,Cash,70069,37,2,FALSE,FALSE,TRUE,TRUE,FALSE,FALSE,FALSE
2360,23,Female,Bag,Sports,225.35,M,3,No,10,Credit Card,92864,30,6,FALSE,FALSE,TRUE,FALSE,FALSE,TRUE,FALSE
2361,19,Female,Laptop,Sports,39.62,M,5,No,8,Cash,100876,96,18,FALSE,FALSE,TRUE,TRUE,FALSE,FALSE,FALSE
2362,40,Male,Shoes,Home Decor,377.07,S,2,Yes,5,UPI,60597,28,20,TRUE,FALSE,FALSE,FALSE,FALSE,FALSE,TRUE
2363,61,Female,Laptop,Electronics,286.93,L,3,Yes,9,Cash,87202,91,7,FALSE,FALSE,TRUE,TRUE,FALSE,FALSE,FALSE
2364,19,Female,Football,Home Decor,229.47,S,4,Yes,3,UPI,37052,4,20,FALSE,TRUE,FALSE,FALSE,TRUE,FALSE,FALSE
2365,55,Female,Curtains,Home Decor,161.54,M,4,No,9,PayPal,78382,6,1,FALSE,TRUE,FALSE,FALSE,FALSE,TRUE,FALSE
2366,34,Female,Football,Sports,256.18,S,3,Yes,4,Credit Card,107395,85,9,FALSE,FALSE,TRUE,TRUE,FALSE,FALSE,FALSE
2367,52,Male,Watch,Clothing,175.95,M,5,No,12,UPI,77620,46,15,FALSE,FALSE,TRUE,FALSE,FALSE,FALSE,TRUE
2368,51,Male,Football,Sports,380.94,M,3,Yes,8,Debit Card,98628,81,11,TRUE,FALSE,FALSE,FALSE,FALSE,FALSE,TRUE
2369,40,Female,T-Shirt,Accessories,276.51,S,5,No,0,Debit Card,118580,64,8,FALSE,TRUE,FALSE,TRUE,FALSE,FALSE,FALSE
2370,47,Female,Shoes,Home Decor,439.66,S,3,Yes,6,Cash,118875,63,5,FALSE,FALSE,TRUE,FALSE,FALSE,TRUE,FALSE
2371,25,Male,Bag,Home Decor,276.34,M,5,No,14,PayPal,110340,73,2,FALSE,FALSE,TRUE,TRUE,FALSE,FALSE,FALSE
2372,39,Male,T-Shirt,Electronics,126.75,S,1,No,10,PayPal,145548,89,6,TRUE,FALSE,FALSE,FALSE,TRUE,FALSE,FALSE
2373,61,Female,Curtains,Sports,427.04,S,3,No,6,Debit Card,100258,88,13,FALSE,FALSE,TRUE,TRUE,FALSE,FALSE,FALSE
2374,53,Female,Phone,Electronics,283.04,M,5,Yes,9,Cash,134128,3,8,TRUE,FALSE,FALSE,TRUE,FALSE,FALSE,FALSE
2375,22,Male,Curtains,Home Decor,111.35,L,2,No,0,PayPal,38703,39,12,FALSE,TRUE,FALSE,FALSE,TRUE,FALSE,FALSE
2376,30,Male,Shoes,Sports,315.52,S,2,No,13,PayPal,140921,70,13,FALSE,FALSE,TRUE,FALSE,TRUE,FALSE,FALSE
2377,46,Male,Laptop,Sports,185.28,S,3,No,0,Cash,50651,71,20,FALSE,FALSE,TRUE,FALSE,TRUE,FALSE,FALSE
2378,48,Male,Football,Accessories,423.76,XL,3,Yes,14,UPI,53126,90,14,FALSE,FALSE,TRUE,FALSE,FALSE,TRUE,FALSE
2379,64,Male,Phone,Accessories,232.12,L,4,No,13,Debit Card,88418,87,11,FALSE,TRUE,FALSE,TRUE,FALSE,FALSE,FALSE
2380,33,Male,Shoes,Clothing,365.96,S,5,No,8,PayPal,144630,98,19,FALSE,TRUE,FALSE,FALSE,TRUE,FALSE,FALSE
2381,59,Female,T-Shirt,Accessories,56.81,M,3,Yes,6,UPI,95370,85,13,TRUE,FALSE,FALSE,FALSE,FALSE,TRUE,FALSE
2382,47,Male,Football,Sports,204.05,XL,2,No,3,UPI,67293,27,11,FALSE,FALSE,TRUE,FALSE,FALSE,FALSE,TRUE
2383,33,Male,Curtains,Accessories,491.79,XL,2,Yes,8,UPI,82909,6,7,TRUE,FALSE,FALSE,FALSE,FALSE,TRUE,FALSE
2384,29,Male,T-Shirt,Clothing,406.15,XL,2,Yes,11,UPI,96510,30,15,FALSE,FALSE,TRUE,TRUE,FALSE,FALSE,FALSE
2385,34,Male,Shoes,Home Decor,88.37,S,5,Yes,4,Credit Card,142195,60,11,FALSE,FALSE,TRUE,TRUE,FALSE,FALSE,FALSE
2386,33,Female,Shoes,Accessories,146.1,M,1,Yes,2,Credit Card,118693,13,20,TRUE,FALSE,FALSE,FALSE,TRUE,FALSE,FALSE
2387,29,Female,Curtains,Sports,171.61,XL,3,No,1,Cash,30802,22,12,FALSE,TRUE,FALSE,FALSE,FALSE,TRUE,FALSE
2388,25,Male,Phone,Home Decor,328.68,L,1,Yes,8,Debit Card,53183,7,20,FALSE,TRUE,FALSE,FALSE,FALSE,TRUE,FALSE
2389,37,Female,Curtains,Sports,380.93,XL,5,No,3,Cash,53822,77,16,FALSE,FALSE,TRUE,TRUE,FALSE,FALSE,FALSE
2390,20,Female,Laptop,Home Decor,377.27,XL,3,Yes,6,Credit Card,58294,48,12,FALSE,TRUE,FALSE,FALSE,FALSE,FALSE,TRUE
2391,33,Female,T-Shirt,Sports,259.84,L,4,No,0,Cash,94683,71,14,FALSE,TRUE,FALSE,FALSE,FALSE,FALSE,TRUE
2392,47,Female,Phone,Accessories,407.3,XL,3,No,8,Cash,147010,25,17,FALSE,TRUE,FALSE,FALSE,TRUE,FALSE,FALSE
2393,62,Female,Football,Accessories,224.17,XL,3,No,11,UPI,38967,82,10,TRUE,FALSE,FALSE,FALSE,FALSE,FALSE,TRUE
2394,40,Female,Watch,Clothing,70.7,L,3,No,8,PayPal,140356,16,11,FALSE,TRUE,FALSE,TRUE,FALSE,FALSE,FALSE
2395,45,Male,Laptop,Home Decor,286.58,S,3,No,9,Credit Card,93287,95,3,FALSE,TRUE,FALSE,TRUE,FALSE,FALSE,FALSE
2396,57,Male,Phone,Clothing,476.63,L,3,Yes,5,Credit Card,22247,6,3,TRUE,FALSE,FALSE,FALSE,TRUE,FALSE,FALSE
2397,22,Male,Watch,Electronics,398.57,S,5,No,5,Cash,108287,74,9,FALSE,TRUE,FALSE,FALSE,FALSE,FALSE,TRUE
2398,37,Male,Watch,Accessories,293.56,S,3,No,13,PayPal,91141,67,4,TRUE,FALSE,FALSE,FALSE,FALSE,FALSE,TRUE
2399,57,Male,T-Shirt,Home Decor,326.93,S,5,No,14,Cash,125276,83,13,TRUE,FALSE,FALSE,FALSE,FALSE,FALSE,TRUE
2400,61,Female,Shoes,Clothing,465.98,L,3,Yes,5,Debit Card,63096,33,6,TRUE,FALSE,FALSE,FALSE,FALSE,FALSE,TRUE
2401,18,Male,Football,Clothing,219.89,L,3,Yes,4,Credit Card,102218,19,9,FALSE,FALSE,TRUE,FALSE,TRUE,FALSE,FALSE
2402,47,Male,Curtains,Electronics,172.38,S,5,Yes,10,UPI,123626,88,18,TRUE,FALSE,FALSE,FALSE,FALSE,FALSE,TRUE
2403,38,Female,T-Shirt,Clothing,488.85,L,3,Yes,0,UPI,119311,45,2,TRUE,FALSE,FALSE,TRUE,FALSE,FALSE,FALSE
2404,37,Female,Laptop,Sports,433.09,S,2,Yes,3,UPI,100219,14,17,TRUE,FALSE,FALSE,TRUE,FALSE,FALSE,FALSE
2405,23,Male,Bag,Accessories,168.29,L,3,Yes,9,Credit Card,83898,95,1,TRUE,FALSE,FALSE,FALSE,TRUE,FALSE,FALSE
2406,39,Female,Watch,Clothing,237.25,M,4,No,0,Credit Card,94440,86,10,FALSE,TRUE,FALSE,FALSE,TRUE,FALSE,FALSE
2407,35,Female,Laptop,Clothing,213.39,L,5,Yes,4,UPI,127861,14,3,FALSE,FALSE,TRUE,FALSE,TRUE,FALSE,FALSE
2408,25,Female,Watch,Electronics,83.06,L,3,No,12,Credit Card,110772,81,18,FALSE,TRUE,FALSE,FALSE,TRUE,FALSE,FALSE
2409,56,Female,Shoes,Sports,479.33,L,3,No,3,UPI,36989,10,15,FALSE,TRUE,FALSE,TRUE,FALSE,FALSE,FALSE
2410,49,Male,Bag,Clothing,208.11,S,5,No,7,Debit Card,141136,83,5,TRUE,FALSE,FALSE,FALSE,FALSE,TRUE,FALSE
2411,50,Female,Shoes,Accessories,438.91,S,1,No,0,Debit Card,91587,51,19,FALSE,TRUE,FALSE,FALSE,FALSE,FALSE,TRUE
2412,33,Male,Football,Accessories,102.78,M,2,No,7,Debit Card,67162,72,4,FALSE,FALSE,TRUE,FALSE,FALSE,TRUE,FALSE
2413,29,Male,Curtains,Clothing,278.46,M,2,No,13,Cash,73294,58,13,FALSE,TRUE,FALSE,TRUE,FALSE,FALSE,FALSE
2414,55,Female,Football,Sports,21.74,XL,3,Yes,7,Cash,69006,24,7,FALSE,TRUE,FALSE,FALSE,FALSE,TRUE,FALSE
2415,51,Female,Shoes,Accessories,384.47,M,5,No,0,PayPal,140024,92,13,TRUE,FALSE,FALSE,FALSE,TRUE,FALSE,FALSE
2416,31,Female,Shoes,Accessories,294.65,S,4,Yes,8,PayPal,75131,99,7,FALSE,TRUE,FALSE,TRUE,FALSE,FALSE,FALSE
2417,53,Male,Laptop,Sports,316.54,M,3,No,12,PayPal,94611,65,7,TRUE,FALSE,FALSE,FALSE,TRUE,FALSE,FALSE
2418,50,Female,Shoes,Sports,35.34,M,2,No,8,Debit Card,40878,45,14,TRUE,FALSE,FALSE,TRUE,FALSE,FALSE,FALSE
2419,40,Female,Bag,Clothing,113.41,L,3,No,5,Debit Card,129432,59,15,TRUE,FALSE,FALSE,FALSE,TRUE,FALSE,FALSE
2420,62,Female,Bag,Home Decor,46.42,M,5,No,0,Debit Card,70765,3,9,TRUE,FALSE,FALSE,TRUE,FALSE,FALSE,FALSE
2421,19,Female,Phone,Electronics,151.57,XL,4,Yes,6,Credit Card,119360,48,18,FALSE,TRUE,FALSE,FALSE,FALSE,FALSE,TRUE
2422,58,Female,Watch,Home Decor,317.45,L,1,Yes,6,Credit Card,77771,61,14,TRUE,FALSE,FALSE,TRUE,FALSE,FALSE,FALSE
2423,38,Male,T-Shirt,Home Decor,287.43,S,4,Yes,8,Debit Card,55305,44,4,FALSE,TRUE,FALSE,FALSE,TRUE,FALSE,FALSE
2424,19,Female,Shoes,Accessories,309.95,XL,3,Yes,0,UPI,94514,49,4,FALSE,TRUE,FALSE,FALSE,TRUE,FALSE,FALSE
2425,44,Female,Football,Sports,279.13,S,2,No,13,PayPal,45730,7,7,TRUE,FALSE,FALSE,FALSE,FALSE,FALSE,TRUE
2426,26,Female,Curtains,Accessories,143.78,XL,5,No,14,Cash,59449,66,18,TRUE,FALSE,FALSE,TRUE,FALSE,FALSE,FALSE
2427,18,Male,Watch,Electronics,129.81,L,3,Yes,7,PayPal,73886,14,5,FALSE,FALSE,TRUE,FALSE,FALSE,TRUE,FALSE
2428,28,Female,Watch,Clothing,77.16,XL,1,No,13,UPI,135664,89,16,TRUE,FALSE,FALSE,FALSE,TRUE,FALSE,FALSE
2429,20,Male,Curtains,Electronics,426.04,XL,5,No,11,Credit Card,148218,58,11,FALSE,TRUE,FALSE,FALSE,FALSE,TRUE,FALSE
2430,40,Male,Curtains,Accessories,312.07,M,5,Yes,12,Debit Card,32756,66,2,TRUE,FALSE,FALSE,TRUE,FALSE,FALSE,FALSE
2431,43,Female,Watch,Accessories,101.39,S,5,Yes,10,Credit Card,29803,92,8,FALSE,TRUE,FALSE,TRUE,FALSE,FALSE,FALSE
2432,21,Female,Phone,Accessories,96.83,L,3,No,7,Credit Card,56823,52,13,FALSE,TRUE,FALSE,FALSE,TRUE,FALSE,FALSE
2433,35,Female,Football,Accessories,437.79,XL,1,Yes,6,UPI,20981,36,10,FALSE,FALSE,TRUE,FALSE,FALSE,TRUE,FALSE
2434,23,Male,Phone,Home Decor,373.94,S,3,No,11,Credit Card,38710,47,14,FALSE,TRUE,FALSE,FALSE,FALSE,FALSE,TRUE
2435,52,Male,Shoes,Clothing,333.11,S,5,No,5,Credit Card,73213,97,14,FALSE,TRUE,FALSE,TRUE,FALSE,FALSE,FALSE
2436,39,Male,T-Shirt,Home Decor,209.36,M,5,No,0,PayPal,107941,43,18,FALSE,FALSE,TRUE,FALSE,FALSE,FALSE,TRUE
2437,60,Male,Curtains,Accessories,138.37,S,2,No,10,PayPal,23367,96,11,TRUE,FALSE,FALSE,TRUE,FALSE,FALSE,FALSE
2438,32,Male,Bag,Sports,489.93,L,4,No,9,UPI,91516,37,16,FALSE,FALSE,TRUE,TRUE,FALSE,FALSE,FALSE
2439,39,Male,Football,Home Decor,400.65,M,3,No,10,Debit Card,106179,64,5,TRUE,FALSE,FALSE,FALSE,TRUE,FALSE,FALSE
2440,54,Female,Curtains,Accessories,157.87,XL,1,No,7,PayPal,88910,53,6,FALSE,FALSE,TRUE,FALSE,FALSE,TRUE,FALSE
2441,59,Female,Phone,Accessories,425.31,L,5,Yes,11,Credit Card,124176,52,8,FALSE,FALSE,TRUE,FALSE,TRUE,FALSE,FALSE
2442,29,Male,Laptop,Clothing,381.88,L,3,Yes,4,Cash,54942,60,19,FALSE,FALSE,TRUE,FALSE,FALSE,TRUE,FALSE
2443,64,Female,Shoes,Electronics,155.57,L,4,Yes,3,PayPal,143265,23,12,FALSE,TRUE,FALSE,FALSE,FALSE,TRUE,FALSE
2444,59,Female,T-Shirt,Home Decor,219.01,M,3,Yes,4,Cash,105388,93,13,FALSE,TRUE,FALSE,FALSE,FALSE,FALSE,TRUE
2445,55,Male,Shoes,Home Decor,101.12,S,4,Yes,4,Debit Card,31042,18,1,FALSE,FALSE,TRUE,FALSE,FALSE,FALSE,TRUE
2446,35,Male,Laptop,Home Decor,64.42,L,3,No,13,Credit Card,97094,69,18,FALSE,FALSE,TRUE,TRUE,FALSE,FALSE,FALSE
2447,62,Female,T-Shirt,Accessories,364.15,S,2,No,12,PayPal,26444,71,5,FALSE,TRUE,FALSE,TRUE,FALSE,FALSE,FALSE
2448,52,Male,Laptop,Clothing,141.08,S,3,Yes,9,Debit Card,144843,78,10,TRUE,FALSE,FALSE,FALSE,FALSE,FALSE,TRUE
2449,47,Male,Shoes,Accessories,411.83,L,2,No,2,UPI,33477,94,14,FALSE,TRUE,FALSE,FALSE,FALSE,FALSE,TRUE
2450,41,Female,Phone,Accessories,497.85,S,4,Yes,3,Debit Card,111065,73,8,FALSE,TRUE,FALSE,FALSE,FALSE,FALSE,TRUE
2451,59,Male,Watch,Sports,47.54,M,5,No,3,UPI,125668,76,4,FALSE,FALSE,TRUE,TRUE,FALSE,FALSE,FALSE
2452,47,Female,Shoes,Clothing,241.79,M,5,No,7,UPI,130865,56,4,FALSE,FALSE,TRUE,FALSE,FALSE,FALSE,TRUE
2453,31,Female,Shoes,Home Decor,403.01,XL,3,No,4,PayPal,132694,71,9,FALSE,FALSE,TRUE,FALSE,FALSE,TRUE,FALSE
2454,23,Female,Shoes,Electronics,396.59,S,1,Yes,5,Cash,123519,27,14,TRUE,FALSE,FALSE,FALSE,FALSE,FALSE,TRUE
2455,20,Female,Football,Home Decor,382.4,S,3,No,9,UPI,25892,89,9,FALSE,FALSE,TRUE,FALSE,TRUE,FALSE,FALSE
2456,33,Female,Laptop,Accessories,181.01,XL,2,Yes,1,Credit Card,99286,93,15,FALSE,TRUE,FALSE,FALSE,FALSE,FALSE,TRUE
2457,24,Male,Bag,Clothing,232.39,M,2,No,8,PayPal,44770,18,13,FALSE,TRUE,FALSE,FALSE,FALSE,FALSE,TRUE
2458,31,Male,Laptop,Clothing,301.53,XL,4,Yes,7,UPI,42604,17,15,FALSE,FALSE,TRUE,FALSE,FALSE,TRUE,FALSE
2459,26,Male,Curtains,Clothing,487.23,XL,3,Yes,7,PayPal,82502,3,3,FALSE,TRUE,FALSE,TRUE,FALSE,FALSE,FALSE
2460,32,Male,Laptop,Sports,170.5,XL,4,Yes,9,Credit Card,56115,86,4,FALSE,TRUE,FALSE,FALSE,FALSE,TRUE,FALSE
2461,38,Female,Curtains,Home Decor,462.34,S,1,No,4,PayPal,30666,71,3,FALSE,TRUE,FALSE,FALSE,TRUE,FALSE,FALSE
2462,52,Female,Football,Sports,141.98,S,5,No,4,PayPal,97431,32,12,FALSE,FALSE,TRUE,TRUE,FALSE,FALSE,FALSE
2463,19,Male,Phone,Electronics,494.65,S,5,No,14,UPI,73866,43,18,FALSE,TRUE,FALSE,TRUE,FALSE,FALSE,FALSE
2464,44,Female,Curtains,Accessories,338.43,S,3,No,2,Debit Card,118852,14,18,FALSE,FALSE,TRUE,FALSE,FALSE,FALSE,TRUE
2465,19,Male,Shoes,Sports,237.12,L,4,Yes,12,PayPal,143605,98,3,TRUE,FALSE,FALSE,FALSE,FALSE,FALSE,TRUE
2466,52,Male,Phone,Sports,310.56,XL,4,No,10,UPI,75312,25,15,TRUE,FALSE,FALSE,FALSE,FALSE,FALSE,TRUE
2467,35,Male,Watch,Accessories,143.54,XL,1,Yes,1,Credit Card,145616,71,8,FALSE,TRUE,FALSE,FALSE,TRUE,FALSE,FALSE
2468,31,Female,Football,Clothing,144.35,S,4,Yes,8,Credit Card,56539,36,3,FALSE,TRUE,FALSE,FALSE,FALSE,FALSE,TRUE
2469,37,Female,Laptop,Accessories,65.64,M,2,No,14,Debit Card,132760,71,7,FALSE,TRUE,FALSE,FALSE,TRUE,FALSE,FALSE
2470,35,Female,Curtains,Home Decor,65.88,L,2,Yes,5,Credit Card,123182,61,13,FALSE,TRUE,FALSE,FALSE,FALSE,TRUE,FALSE
2471,27,Female,Bag,Accessories,180.36,L,2,No,7,UPI,95498,6,4,FALSE,TRUE,FALSE,FALSE,FALSE,FALSE,TRUE
2472,42,Male,Shoes,Clothing,383.8,M,3,No,3,Debit Card,94392,45,13,TRUE,FALSE,FALSE,FALSE,TRUE,FALSE,FALSE
2473,19,Female,T-Shirt,Accessories,307.91,S,2,No,4,UPI,116055,92,7,FALSE,FALSE,TRUE,TRUE,FALSE,FALSE,FALSE
2474,42,Female,Watch,Sports,60.27,L,2,Yes,9,Debit Card,126583,17,18,FALSE,FALSE,TRUE,TRUE,FALSE,FALSE,FALSE
2475,50,Female,T-Shirt,Electronics,427.6,L,5,No,4,Debit Card,105444,1,5,FALSE,TRUE,FALSE,TRUE,FALSE,FALSE,FALSE
2476,53,Male,Phone,Sports,304.67,XL,3,Yes,10,UPI,24464,45,10,TRUE,FALSE,FALSE,TRUE,FALSE,FALSE,FALSE
2477,48,Male,Laptop,Electronics,480.82,XL,2,No,9,Debit Card,108899,92,8,FALSE,TRUE,FALSE,FALSE,FALSE,TRUE,FALSE
2478,31,Female,Bag,Accessories,338.39,S,1,No,3,UPI,41773,95,5,FALSE,FALSE,TRUE,FALSE,FALSE,FALSE,TRUE
2479,18,Female,T-Shirt,Home Decor,95.84,S,2,No,10,Credit Card,42125,15,10,FALSE,FALSE,TRUE,FALSE,FALSE,FALSE,TRUE
2480,63,Female,Phone,Accessories,242.15,XL,3,Yes,1,Credit Card,50372,96,13,FALSE,TRUE,FALSE,FALSE,FALSE,FALSE,TRUE
2481,33,Female,Football,Clothing,327.76,XL,4,Yes,13,PayPal,102257,89,1,FALSE,FALSE,TRUE,FALSE,FALSE,FALSE,TRUE
2482,63,Male,Phone,Accessories,23.85,XL,5,Yes,5,Cash,25273,27,15,TRUE,FALSE,FALSE,FALSE,FALSE,FALSE,TRUE
2483,20,Female,Watch,Electronics,17.31,M,5,No,3,Cash,83613,12,3,TRUE,FALSE,FALSE,FALSE,TRUE,FALSE,FALSE
2484,52,Female,Bag,Sports,73.41,L,3,No,13,Credit Card,135216,33,9,TRUE,FALSE,FALSE,FALSE,FALSE,TRUE,FALSE
2485,58,Female,Bag,Home Decor,133.32,S,2,Yes,10,PayPal,118474,1,4,FALSE,TRUE,FALSE,TRUE,FALSE,FALSE,FALSE
2486,23,Male,Phone,Accessories,220.48,S,1,No,3,Cash,136606,8,20,FALSE,FALSE,TRUE,FALSE,FALSE,TRUE,FALSE
2487,42,Male,Watch,Accessories,248.85,M,2,No,9,UPI,46087,82,2,FALSE,TRUE,FALSE,FALSE,FALSE,FALSE,TRUE
2488,30,Female,Phone,Sports,77.63,XL,2,No,2,UPI,99166,72,13,TRUE,FALSE,FALSE,TRUE,FALSE,FALSE,FALSE
2489,51,Female,Bag,Home Decor,339.96,L,1,No,7,Debit Card,92546,1,9,FALSE,FALSE,TRUE,TRUE,FALSE,FALSE,FALSE
2490,25,Female,Bag,Accessories,302.11,XL,5,Yes,5,Cash,68297,34,18,FALSE,FALSE,TRUE,FALSE,TRUE,FALSE,FALSE
2491,38,Female,Shoes,Accessories,154.29,S,2,Yes,8,UPI,49172,87,13,FALSE,FALSE,TRUE,FALSE,FALSE,FALSE,TRUE
2492,51,Female,Phone,Electronics,16.69,M,4,Yes,4,Cash,20274,23,14,TRUE,FALSE,FALSE,FALSE,FALSE,FALSE,TRUE
2493,21,Male,Curtains,Electronics,48.05,L,4,Yes,5,Debit Card,82997,21,6,FALSE,FALSE,TRUE,FALSE,TRUE,FALSE,FALSE
2494,42,Male,Phone,Clothing,201.93,L,3,No,8,Credit Card,126766,31,14,TRUE,FALSE,FALSE,TRUE,FALSE,FALSE,FALSE
2495,32,Male,Bag,Sports,85.45,L,3,Yes,3,PayPal,61139,83,11,FALSE,TRUE,FALSE,FALSE,TRUE,FALSE,FALSE
2496,21,Female,Shoes,Home Decor,194.64,L,1,Yes,9,Debit Card,75514,41,9,FALSE,FALSE,TRUE,FALSE,TRUE,FALSE,FALSE
2497,62,Male,Shoes,Accessories,317.81,M,1,No,6,Debit Card,118508,19,19,TRUE,FALSE,FALSE,FALSE,TRUE,FALSE,FALSE
2498,29,Male,Football,Accessories,278.15,S,3,Yes,12,Debit Card,67540,49,11,FALSE,FALSE,TRUE,FALSE,FALSE,TRUE,FALSE
2499,49,Male,Watch,Clothing,123.28,L,2,No,9,PayPal,88876,9,6,TRUE,FALSE,FALSE,TRUE,FALSE,FALSE,FALSE
2500,49,Female,Laptop,Accessories,178.47,L,5,No,11,UPI,48300,17,16,FALSE,TRUE,FALSE,FALSE,FALSE,FALSE,TRUE
2501,45,Female,T-Shirt,Sports,310.88,S,4,Yes,9,Cash,49005,36,1,FALSE,TRUE,FALSE,FALSE,FALSE,FALSE,TRUE
2502,30,Male,T-Shirt,Clothing,431.82,XL,1,Yes,10,Credit Card,125096,22,17,FALSE,TRUE,FALSE,FALSE,FALSE,FALSE,TRUE
2503,48,Female,Phone,Sports,379.07,L,3,Yes,10,Credit Card,107278,68,4,FALSE,FALSE,TRUE,FALSE,FALSE,TRUE,FALSE
2504,31,Male,Football,Clothing,281.17,L,4,No,5,PayPal,32302,46,19,TRUE,FALSE,FALSE,FALSE,TRUE,FALSE,FALSE
2505,37,Male,Phone,Accessories,187.52,XL,1,No,5,Credit Card,122859,44,14,FALSE,TRUE,FALSE,TRUE,FALSE,FALSE,FALSE
2506,35,Male,T-Shirt,Clothing,188.88,S,1,Yes,5,PayPal,63978,53,9,TRUE,FALSE,FALSE,FALSE,TRUE,FALSE,FALSE
2507,46,Male,Watch,Electronics,440.91,S,2,No,13,PayPal,90377,60,14,TRUE,FALSE,FALSE,FALSE,TRUE,FALSE,FALSE
2508,23,Female,Bag,Home Decor,29.23,L,1,Yes,3,Cash,26529,58,13,FALSE,FALSE,TRUE,TRUE,FALSE,FALSE,FALSE
2509,49,Female,Watch,Accessories,494.11,S,5,No,9,Cash,41487,77,5,FALSE,TRUE,FALSE,FALSE,TRUE,FALSE,FALSE
2510,46,Female,Watch,Home Decor,335.54,XL,1,Yes,5,PayPal,28272,69,19,TRUE,FALSE,FALSE,FALSE,TRUE,FALSE,FALSE
2511,60,Female,Shoes,Accessories,343.76,M,5,No,11,Cash,36408,21,17,FALSE,FALSE,TRUE,TRUE,FALSE,FALSE,FALSE
2512,19,Male,Bag,Home Decor,28.62,XL,2,No,6,UPI,80038,63,8,FALSE,FALSE,TRUE,FALSE,FALSE,TRUE,FALSE
2513,40,Female,Laptop,Electronics,306.71,XL,5,Yes,12,Debit Card,118880,31,14,FALSE,TRUE,FALSE,TRUE,FALSE,FALSE,FALSE
2514,36,Male,Bag,Home Decor,247.54,M,4,No,13,Credit Card,143258,34,6,FALSE,FALSE,TRUE,FALSE,FALSE,FALSE,TRUE
2515,48,Female,Football,Clothing,61.83,XL,1,Yes,1,Credit Card,127343,2,10,FALSE,FALSE,TRUE,FALSE,FALSE,TRUE,FALSE
2516,22,Female,Shoes,Home Decor,146.18,L,3,No,10,Credit Card,66286,75,18,FALSE,TRUE,FALSE,FALSE,FALSE,TRUE,FALSE
2517,36,Female,Laptop,Accessories,446.25,L,3,Yes,8,Credit Card,95573,71,18,FALSE,TRUE,FALSE,FALSE,FALSE,TRUE,FALSE
2518,51,Male,Football,Sports,279.49,S,5,Yes,6,UPI,65187,84,2,FALSE,TRUE,FALSE,FALSE,FALSE,FALSE,TRUE
2519,27,Male,Football,Home Decor,212.57,S,2,Yes,2,UPI,83650,90,11,TRUE,FALSE,FALSE,FALSE,FALSE,TRUE,FALSE
2520,42,Male,T-Shirt,Home Decor,45.61,XL,5,No,9,Debit Card,78196,28,18,FALSE,TRUE,FALSE,TRUE,FALSE,FALSE,FALSE
2521,19,Male,Shoes,Home Decor,359.92,L,5,Yes,9,PayPal,124537,86,7,TRUE,FALSE,FALSE,FALSE,TRUE,FALSE,FALSE
2522,28,Female,Football,Accessories,354.4,L,5,No,6,Cash,89283,93,16,FALSE,TRUE,FALSE,FALSE,FALSE,FALSE,TRUE
2523,48,Male,Curtains,Home Decor,310.88,M,4,Yes,9,Debit Card,127444,89,6,FALSE,FALSE,TRUE,FALSE,FALSE,TRUE,FALSE
2524,32,Male,Watch,Accessories,260.03,S,4,No,9,Credit Card,37347,9,14,TRUE,FALSE,FALSE,FALSE,FALSE,TRUE,FALSE
2525,26,Female,Football,Accessories,222.55,L,5,Yes,13,Cash,39087,89,19,FALSE,FALSE,TRUE,FALSE,FALSE,TRUE,FALSE
2526,40,Female,Laptop,Sports,300.7,XL,2,No,4,Debit Card,25839,59,8,FALSE,FALSE,TRUE,FALSE,FALSE,TRUE,FALSE
2527,36,Male,T-Shirt,Clothing,124.36,L,1,No,8,Credit Card,91626,67,16,TRUE,FALSE,FALSE,FALSE,FALSE,TRUE,FALSE
2528,26,Female,Phone,Accessories,471.22,S,3,No,5,Debit Card,20385,65,3,TRUE,FALSE,FALSE,TRUE,FALSE,FALSE,FALSE
2529,52,Male,Watch,Electronics,298.51,XL,4,Yes,10,Credit Card,47839,36,10,TRUE,FALSE,FALSE,FALSE,FALSE,TRUE,FALSE
2530,38,Female,T-Shirt,Home Decor,162.48,S,1,Yes,12,Credit Card,79537,2,6,FALSE,TRUE,FALSE,FALSE,TRUE,FALSE,FALSE
2531,26,Male,Phone,Electronics,230.34,L,4,No,6,UPI,70326,34,18,TRUE,FALSE,FALSE,TRUE,FALSE,FALSE,FALSE
2532,45,Male,Shoes,Home Decor,404.79,L,4,No,3,Credit Card,28484,31,14,FALSE,TRUE,FALSE,FALSE,FALSE,FALSE,TRUE
2533,63,Male,Shoes,Sports,89.19,L,4,No,1,Debit Card,76365,54,17,FALSE,FALSE,TRUE,TRUE,FALSE,FALSE,FALSE
2534,24,Male,Football,Accessories,153.49,S,5,Yes,14,Cash,51517,100,7,FALSE,TRUE,FALSE,FALSE,TRUE,FALSE,FALSE
2535,33,Male,Curtains,Clothing,342.96,XL,5,Yes,10,UPI,128689,64,15,FALSE,TRUE,FALSE,FALSE,FALSE,TRUE,FALSE
2536,33,Female,Shoes,Accessories,164.59,L,4,No,3,Cash,58826,83,20,FALSE,TRUE,FALSE,TRUE,FALSE,FALSE,FALSE
2537,50,Male,Bag,Home Decor,398.33,L,4,Yes,8,PayPal,132084,27,12,TRUE,FALSE,FALSE,TRUE,FALSE,FALSE,FALSE
2538,21,Male,Football,Clothing,73.92,L,3,Yes,2,Cash,76859,44,19,FALSE,TRUE,FALSE,FALSE,FALSE,TRUE,FALSE
2539,21,Male,Watch,Accessories,383.72,M,1,Yes,6,PayPal,92735,45,7,TRUE,FALSE,FALSE,TRUE,FALSE,FALSE,FALSE
2540,56,Male,T-Shirt,Clothing,43.49,M,1,Yes,12,PayPal,148408,98,1,TRUE,FALSE,FALSE,FALSE,FALSE,FALSE,TRUE
2541,57,Male,Shoes,Home Decor,16.17,XL,2,Yes,13,UPI,91455,54,8,FALSE,TRUE,FALSE,FALSE,FALSE,FALSE,TRUE
2542,34,Female,Bag,Sports,450.13,S,2,No,3,Cash,62988,45,13,TRUE,FALSE,FALSE,FALSE,TRUE,FALSE,FALSE
2543,54,Female,T-Shirt,Sports,294.86,L,2,No,2,Credit Card,92455,73,20,FALSE,FALSE,TRUE,FALSE,TRUE,FALSE,FALSE
2544,56,Male,T-Shirt,Accessories,182.4,L,5,Yes,13,UPI,30407,63,1,FALSE,TRUE,FALSE,TRUE,FALSE,FALSE,FALSE
2545,46,Female,Curtains,Electronics,123.97,S,5,No,13,UPI,95278,2,2,TRUE,FALSE,FALSE,FALSE,TRUE,FALSE,FALSE
2546,53,Male,Shoes,Home Decor,312.27,S,3,Yes,13,Credit Card,97494,59,7,FALSE,FALSE,TRUE,TRUE,FALSE,FALSE,FALSE
2547,55,Female,T-Shirt,Accessories,259.41,XL,5,No,4,Cash,47876,65,17,FALSE,FALSE,TRUE,TRUE,FALSE,FALSE,FALSE
2548,56,Female,Curtains,Accessories,495.88,S,2,Yes,1,UPI,40435,78,9,FALSE,TRUE,FALSE,TRUE,FALSE,FALSE,FALSE
2549,54,Male,Curtains,Sports,491.78,L,4,Yes,10,PayPal,131619,81,2,TRUE,FALSE,FALSE,FALSE,FALSE,TRUE,FALSE
2550,52,Female,Shoes,Clothing,321.16,XL,2,Yes,13,Credit Card,62268,32,6,TRUE,FALSE,FALSE,FALSE,FALSE,FALSE,TRUE
2551,24,Female,Curtains,Home Decor,227.01,M,3,No,9,Debit Card,126147,53,3,FALSE,FALSE,TRUE,FALSE,FALSE,FALSE,TRUE
2552,44,Male,Shoes,Clothing,250.66,XL,4,No,13,UPI,118177,10,12,TRUE,FALSE,FALSE,FALSE,FALSE,FALSE,TRUE
2553,45,Male,Bag,Home Decor,344.41,XL,5,No,3,PayPal,111196,97,12,TRUE,FALSE,FALSE,TRUE,FALSE,FALSE,FALSE
2554,39,Female,Shoes,Electronics,59.77,XL,4,Yes,6,Cash,103118,78,5,TRUE,FALSE,FALSE,FALSE,TRUE,FALSE,FALSE
2555,31,Female,Phone,Sports,170.89,S,3,Yes,11,Cash,116453,8,12,FALSE,TRUE,FALSE,FALSE,TRUE,FALSE,FALSE
2556,24,Female,T-Shirt,Electronics,46.88,L,5,No,11,Credit Card,100103,16,4,FALSE,TRUE,FALSE,FALSE,TRUE,FALSE,FALSE
2557,54,Male,Bag,Accessories,45.95,S,1,No,1,PayPal,146881,56,16,FALSE,FALSE,TRUE,FALSE,FALSE,FALSE,TRUE
2558,39,Female,Laptop,Sports,105.96,L,2,Yes,9,Credit Card,129256,72,10,TRUE,FALSE,FALSE,TRUE,FALSE,FALSE,FALSE
2559,22,Female,Shoes,Accessories,247.77,S,2,Yes,5,UPI,27874,88,1,FALSE,FALSE,TRUE,FALSE,FALSE,FALSE,TRUE
2560,19,Female,T-Shirt,Electronics,394.54,XL,3,Yes,4,Credit Card,57115,31,11,FALSE,FALSE,TRUE,FALSE,FALSE,FALSE,TRUE
2561,44,Male,Watch,Home Decor,247.89,L,3,No,2,Debit Card,131008,51,15,FALSE,TRUE,FALSE,FALSE,FALSE,FALSE,TRUE
2562,38,Male,Curtains,Accessories,174.38,S,2,Yes,4,Credit Card,44230,32,15,FALSE,TRUE,FALSE,TRUE,FALSE,FALSE,FALSE
2563,55,Male,Football,Clothing,50.35,XL,4,Yes,14,Credit Card,90271,95,15,FALSE,TRUE,FALSE,TRUE,FALSE,FALSE,FALSE
2564,32,Male,Shoes,Home Decor,279.64,M,1,Yes,9,UPI,119862,84,9,TRUE,FALSE,FALSE,FALSE,FALSE,TRUE,FALSE
2565,38,Female,Curtains,Home Decor,142.92,S,1,Yes,6,PayPal,94780,35,3,FALSE,FALSE,TRUE,FALSE,TRUE,FALSE,FALSE
2566,27,Male,Curtains,Electronics,311.32,S,3,No,2,Debit Card,65316,76,3,TRUE,FALSE,FALSE,FALSE,FALSE,FALSE,TRUE
2567,40,Female,Curtains,Electronics,488.82,M,3,Yes,7,Credit Card,129644,91,4,FALSE,FALSE,TRUE,FALSE,FALSE,FALSE,TRUE
2568,56,Female,Curtains,Sports,64.54,S,4,No,14,UPI,69243,78,7,FALSE,FALSE,TRUE,FALSE,TRUE,FALSE,FALSE
2569,22,Female,Curtains,Sports,113.94,M,3,Yes,6,UPI,34793,90,20,FALSE,FALSE,TRUE,TRUE,FALSE,FALSE,FALSE
2570,18,Female,Shoes,Clothing,241.82,L,1,No,3,UPI,114794,26,13,TRUE,FALSE,FALSE,FALSE,FALSE,FALSE,TRUE
2571,30,Male,Watch,Home Decor,484.62,M,2,No,12,PayPal,40086,6,6,FALSE,TRUE,FALSE,FALSE,FALSE,TRUE,FALSE
2572,38,Male,Laptop,Clothing,388.19,XL,1,No,14,Credit Card,103835,25,5,FALSE,FALSE,TRUE,FALSE,FALSE,FALSE,TRUE
2573,43,Male,Phone,Clothing,450.13,M,4,No,12,Cash,68016,92,6,TRUE,FALSE,FALSE,TRUE,FALSE,FALSE,FALSE
2574,62,Male,Curtains,Electronics,173.52,L,2,Yes,4,Debit Card,94794,14,10,TRUE,FALSE,FALSE,FALSE,TRUE,FALSE,FALSE
2575,38,Male,Curtains,Clothing,496.1,M,2,No,9,Cash,78317,8,1,FALSE,FALSE,TRUE,TRUE,FALSE,FALSE,FALSE
2576,35,Female,Phone,Clothing,60.39,M,1,No,10,PayPal,79766,95,19,TRUE,FALSE,FALSE,FALSE,FALSE,TRUE,FALSE
2577,54,Male,Watch,Accessories,35.96,L,2,Yes,3,Credit Card,130433,59,16,FALSE,TRUE,FALSE,TRUE,FALSE,FALSE,FALSE
2578,62,Male,Bag,Sports,429.25,S,2,No,1,Cash,85240,49,13,FALSE,TRUE,FALSE,FALSE,FALSE,TRUE,FALSE
2579,49,Male,Watch,Sports,464.36,S,3,No,11,Cash,110710,97,20,FALSE,FALSE,TRUE,FALSE,FALSE,FALSE,TRUE
2580,53,Male,Bag,Home Decor,54.39,XL,2,Yes,14,Cash,109144,15,11,FALSE,FALSE,TRUE,FALSE,TRUE,FALSE,FALSE
2581,34,Female,Shoes,Sports,65.58,XL,4,No,8,Debit Card,52500,16,4,TRUE,FALSE,FALSE,FALSE,FALSE,TRUE,FALSE
2582,52,Female,T-Shirt,Home Decor,26.26,M,2,Yes,0,Credit Card,87035,19,12,TRUE,FALSE,FALSE,FALSE,FALSE,FALSE,TRUE
2583,28,Female,Football,Accessories,61.21,S,3,No,7,UPI,71094,66,20,FALSE,TRUE,FALSE,FALSE,TRUE,FALSE,FALSE
2584,38,Female,Football,Sports,112.62,S,5,No,3,Credit Card,45861,22,7,TRUE,FALSE,FALSE,FALSE,FALSE,FALSE,TRUE
2585,43,Female,T-Shirt,Accessories,485.34,M,5,No,8,Cash,114018,80,16,TRUE,FALSE,FALSE,FALSE,FALSE,FALSE,TRUE
2586,21,Male,Shoes,Sports,337.25,L,4,Yes,2,Credit Card,53048,23,6,FALSE,FALSE,TRUE,FALSE,FALSE,TRUE,FALSE
2587,51,Female,Football,Sports,391.49,S,4,No,6,UPI,81382,66,10,FALSE,TRUE,FALSE,TRUE,FALSE,FALSE,FALSE
2588,35,Female,Watch,Accessories,390.31,XL,2,Yes,14,Debit Card,72538,87,14,TRUE,FALSE,FALSE,FALSE,FALSE,TRUE,FALSE
2589,57,Female,Phone,Clothing,272.19,M,2,No,2,Credit Card,81769,24,17,FALSE,FALSE,TRUE,FALSE,TRUE,FALSE,FALSE
2590,52,Male,T-Shirt,Clothing,400.77,L,5,No,14,Credit Card,48700,45,13,FALSE,TRUE,FALSE,FALSE,FALSE,FALSE,TRUE
2591,58,Male,Watch,Clothing,301.95,XL,5,No,9,Debit Card,27848,67,7,FALSE,TRUE,FALSE,FALSE,TRUE,FALSE,FALSE
2592,46,Female,Laptop,Clothing,164.13,S,1,No,11,Debit Card,102604,70,18,TRUE,FALSE,FALSE,FALSE,FALSE,FALSE,TRUE
2593,46,Male,Shoes,Sports,284.94,L,5,Yes,6,Cash,68514,52,4,FALSE,TRUE,FALSE,FALSE,FALSE,FALSE,TRUE
2594,55,Male,T-Shirt,Electronics,271.42,XL,5,Yes,1,Cash,45585,11,20,TRUE,FALSE,FALSE,FALSE,TRUE,FALSE,FALSE
2595,59,Female,Football,Accessories,413.49,M,4,Yes,2,Debit Card,22088,61,10,FALSE,TRUE,FALSE,TRUE,FALSE,FALSE,FALSE
2596,38,Male,Shoes,Electronics,491.05,L,1,No,7,UPI,140700,39,15,TRUE,FALSE,FALSE,FALSE,FALSE,FALSE,TRUE
2597,59,Male,Phone,Electronics,211.41,L,1,Yes,6,Cash,31531,14,1,FALSE,TRUE,FALSE,FALSE,TRUE,FALSE,FALSE
2598,30,Male,Shoes,Home Decor,384.06,M,2,Yes,10,UPI,95390,80,10,TRUE,FALSE,FALSE,FALSE,TRUE,FALSE,FALSE
2599,58,Female,Shoes,Clothing,58.88,S,2,No,2,Debit Card,120488,27,17,FALSE,TRUE,FALSE,FALSE,FALSE,TRUE,FALSE
2600,34,Female,Phone,Sports,390.65,S,1,Yes,7,Credit Card,41516,7,15,TRUE,FALSE,FALSE,FALSE,FALSE,FALSE,TRUE
2601,26,Female,Curtains,Clothing,191.99,L,1,No,12,Debit Card,63840,4,17,TRUE,FALSE,FALSE,FALSE,FALSE,TRUE,FALSE
2602,58,Male,Phone,Clothing,29.3,L,2,No,8,Debit Card,75656,62,13,FALSE,FALSE,TRUE,TRUE,FALSE,FALSE,FALSE
2603,18,Female,Watch,Electronics,187.99,L,4,Yes,1,PayPal,140070,59,1,TRUE,FALSE,FALSE,TRUE,FALSE,FALSE,FALSE
2604,19,Male,Shoes,Home Decor,309.21,XL,4,Yes,1,Debit Card,112754,10,12,FALSE,TRUE,FALSE,TRUE,FALSE,FALSE,FALSE
2605,46,Male,Bag,Clothing,68.43,L,4,No,14,Cash,24098,16,4,FALSE,TRUE,FALSE,FALSE,TRUE,FALSE,FALSE
2606,50,Male,Phone,Accessories,462.78,S,4,No,6,Credit Card,53402,76,11,FALSE,FALSE,TRUE,FALSE,TRUE,FALSE,FALSE
2607,27,Female,Curtains,Accessories,48.06,M,2,No,10,UPI,20975,95,16,TRUE,FALSE,FALSE,TRUE,FALSE,FALSE,FALSE
2608,57,Female,Watch,Clothing,465.7,M,3,No,7,PayPal,30848,4,10,FALSE,FALSE,TRUE,FALSE,TRUE,FALSE,FALSE
2609,38,Female,Bag,Electronics,356.5,M,5,Yes,14,Cash,112160,52,16,FALSE,FALSE,TRUE,FALSE,FALSE,TRUE,FALSE
2610,45,Female,Bag,Electronics,171.56,L,5,No,4,Credit Card,76345,12,4,FALSE,FALSE,TRUE,FALSE,FALSE,TRUE,FALSE
2611,28,Male,T-Shirt,Sports,201.47,L,5,Yes,1,UPI,120365,58,16,FALSE,TRUE,FALSE,FALSE,FALSE,FALSE,TRUE
2612,51,Female,Phone,Home Decor,373,M,5,No,13,Credit Card,50880,25,2,FALSE,TRUE,FALSE,FALSE,FALSE,FALSE,TRUE
2613,25,Male,Phone,Electronics,304.72,XL,2,Yes,9,Cash,37916,98,20,FALSE,FALSE,TRUE,FALSE,TRUE,FALSE,FALSE
2614,39,Female,Shoes,Sports,339.11,XL,3,No,4,Credit Card,62329,70,17,FALSE,FALSE,TRUE,TRUE,FALSE,FALSE,FALSE
2615,25,Female,Watch,Accessories,200.69,XL,2,No,2,Debit Card,51013,93,15,TRUE,FALSE,FALSE,FALSE,TRUE,FALSE,FALSE
2616,32,Female,T-Shirt,Accessories,249.03,XL,3,Yes,12,Credit Card,75806,28,11,FALSE,TRUE,FALSE,TRUE,FALSE,FALSE,FALSE
2617,34,Male,Laptop,Accessories,495.04,S,2,No,8,Debit Card,84386,31,16,FALSE,TRUE,FALSE,FALSE,FALSE,TRUE,FALSE
2618,40,Male,Laptop,Clothing,114.82,M,1,Yes,1,Cash,148230,74,10,FALSE,TRUE,FALSE,FALSE,TRUE,FALSE,FALSE
2619,41,Male,Football,Home Decor,214.75,S,3,No,8,PayPal,119834,24,5,TRUE,FALSE,FALSE,FALSE,FALSE,TRUE,FALSE
2620,62,Male,Phone,Sports,152.99,L,5,No,1,Debit Card,114755,45,6,FALSE,TRUE,FALSE,TRUE,FALSE,FALSE,FALSE
2621,36,Male,Phone,Home Decor,384.9,XL,3,No,0,Credit Card,109979,65,17,FALSE,TRUE,FALSE,FALSE,FALSE,TRUE,FALSE
2622,22,Female,T-Shirt,Clothing,384.37,XL,4,Yes,9,Credit Card,57868,58,2,FALSE,TRUE,FALSE,FALSE,TRUE,FALSE,FALSE
2623,49,Male,Curtains,Sports,153.3,M,3,No,5,Credit Card,26969,83,14,FALSE,TRUE,FALSE,FALSE,FALSE,FALSE,TRUE
2624,61,Male,Laptop,Sports,49.88,XL,4,Yes,10,Cash,24743,15,16,FALSE,TRUE,FALSE,FALSE,TRUE,FALSE,FALSE
2625,18,Male,Football,Electronics,15.6,M,4,No,5,UPI,57449,52,16,FALSE,FALSE,TRUE,TRUE,FALSE,FALSE,FALSE
2626,40,Male,T-Shirt,Home Decor,219.45,L,1,Yes,3,Credit Card,90592,83,5,TRUE,FALSE,FALSE,FALSE,TRUE,FALSE,FALSE
2627,54,Female,Phone,Home Decor,211.07,XL,3,Yes,12,Credit Card,39015,73,8,FALSE,TRUE,FALSE,FALSE,TRUE,FALSE,FALSE
2628,25,Male,Laptop,Electronics,494.31,XL,1,No,1,Debit Card,75507,54,19,TRUE,FALSE,FALSE,FALSE,FALSE,TRUE,FALSE
2629,30,Female,Watch,Accessories,240.2,S,5,No,12,PayPal,126711,83,8,FALSE,TRUE,FALSE,FALSE,FALSE,FALSE,TRUE
2630,25,Female,Football,Clothing,135.65,M,3,No,9,Credit Card,77895,74,9,FALSE,TRUE,FALSE,FALSE,FALSE,TRUE,FALSE
2631,40,Female,Shoes,Home Decor,446.7,M,2,No,11,Cash,126684,2,8,TRUE,FALSE,FALSE,TRUE,FALSE,FALSE,FALSE
2632,60,Male,Laptop,Electronics,250.62,XL,2,Yes,10,UPI,119464,40,5,FALSE,TRUE,FALSE,FALSE,FALSE,FALSE,TRUE
2633,18,Female,Football,Sports,303.6,S,2,Yes,2,UPI,132796,93,14,TRUE,FALSE,FALSE,TRUE,FALSE,FALSE,FALSE
2634,62,Male,T-Shirt,Electronics,56.88,XL,4,No,12,UPI,146854,22,9,FALSE,TRUE,FALSE,FALSE,FALSE,FALSE,TRUE
2635,41,Male,Shoes,Accessories,197.63,M,2,Yes,5,Cash,65054,29,8,TRUE,FALSE,FALSE,TRUE,FALSE,FALSE,FALSE
2636,52,Male,Football,Clothing,472.67,M,5,No,3,UPI,114259,18,15,FALSE,FALSE,TRUE,FALSE,TRUE,FALSE,FALSE
2637,41,Male,Football,Accessories,298.86,XL,3,No,4,UPI,38359,57,7,FALSE,TRUE,FALSE,TRUE,FALSE,FALSE,FALSE
2638,34,Male,Bag,Sports,178.81,L,3,No,10,Debit Card,73991,22,7,FALSE,TRUE,FALSE,TRUE,FALSE,FALSE,FALSE
2639,22,Female,Bag,Sports,316.58,XL,4,No,8,UPI,42850,66,12,FALSE,TRUE,FALSE,FALSE,FALSE,FALSE,TRUE
2640,37,Female,Bag,Sports,456.1,S,4,No,4,Debit Card,70091,42,3,FALSE,TRUE,FALSE,FALSE,TRUE,FALSE,FALSE
2641,38,Male,Phone,Sports,144.26,M,4,Yes,9,Debit Card,108389,51,17,FALSE,FALSE,TRUE,TRUE,FALSE,FALSE,FALSE
2642,57,Female,Curtains,Electronics,257.51,M,5,No,14,Debit Card,30416,8,6,TRUE,FALSE,FALSE,FALSE,FALSE,TRUE,FALSE
2643,48,Male,Laptop,Sports,479.76,XL,3,Yes,10,Cash,88018,38,4,TRUE,FALSE,FALSE,FALSE,FALSE,FALSE,TRUE
2644,63,Female,Phone,Sports,94.47,L,1,No,7,Credit Card,89439,95,18,TRUE,FALSE,FALSE,FALSE,TRUE,FALSE,FALSE
2645,53,Female,Watch,Electronics,362.64,M,4,No,1,PayPal,53292,8,20,FALSE,TRUE,FALSE,TRUE,FALSE,FALSE,FALSE
2646,28,Female,Shoes,Sports,311.1,XL,2,No,11,UPI,94020,26,16,FALSE,TRUE,FALSE,FALSE,FALSE,TRUE,FALSE
2647,32,Female,Curtains,Accessories,343.04,L,1,No,13,PayPal,144068,51,10,FALSE,TRUE,FALSE,TRUE,FALSE,FALSE,FALSE
2648,36,Female,Football,Accessories,182.1,XL,1,Yes,5,Credit Card,41049,32,2,FALSE,FALSE,TRUE,FALSE,TRUE,FALSE,FALSE
2649,24,Male,Phone,Home Decor,163.8,XL,4,Yes,10,Debit Card,98198,96,8,FALSE,FALSE,TRUE,FALSE,TRUE,FALSE,FALSE
2650,45,Male,Bag,Accessories,345.26,XL,2,No,10,Debit Card,65788,52,12,FALSE,TRUE,FALSE,FALSE,TRUE,FALSE,FALSE
2651,60,Female,Curtains,Clothing,115.62,M,4,No,5,Debit Card,40071,73,19,TRUE,FALSE,FALSE,FALSE,FALSE,FALSE,TRUE
2652,22,Male,Watch,Clothing,215.63,L,4,No,4,Debit Card,94958,82,9,TRUE,FALSE,FALSE,TRUE,FALSE,FALSE,FALSE
2653,22,Female,Laptop,Clothing,102.21,S,2,No,14,UPI,107972,21,15,TRUE,FALSE,FALSE,TRUE,FALSE,FALSE,FALSE
2654,47,Male,Watch,Electronics,14.07,S,1,Yes,5,Credit Card,94846,25,20,FALSE,FALSE,TRUE,FALSE,TRUE,FALSE,FALSE
2655,49,Female,Shoes,Accessories,485.33,M,1,Yes,13,Credit Card,52502,46,15,FALSE,TRUE,FALSE,FALSE,FALSE,FALSE,TRUE
2656,25,Female,T-Shirt,Clothing,221.53,M,2,No,4,Credit Card,88673,55,17,FALSE,FALSE,TRUE,TRUE,FALSE,FALSE,FALSE
2657,27,Female,Phone,Home Decor,484.98,XL,1,Yes,1,PayPal,93766,11,4,FALSE,FALSE,TRUE,FALSE,FALSE,FALSE,TRUE
2658,55,Male,Bag,Electronics,78.76,XL,5,Yes,4,Debit Card,128827,36,20,TRUE,FALSE,FALSE,TRUE,FALSE,FALSE,FALSE
2659,64,Male,Shoes,Home Decor,297.81,L,4,No,0,Cash,121950,53,19,TRUE,FALSE,FALSE,TRUE,FALSE,FALSE,FALSE
2660,49,Female,T-Shirt,Accessories,108.48,XL,5,Yes,2,Credit Card,27631,27,17,FALSE,FALSE,TRUE,FALSE,TRUE,FALSE,FALSE
2661,45,Female,Bag,Sports,397.14,L,5,No,13,PayPal,48364,84,17,TRUE,FALSE,FALSE,FALSE,FALSE,FALSE,TRUE
2662,34,Male,Bag,Home Decor,394.01,XL,5,Yes,6,UPI,38102,16,4,FALSE,FALSE,TRUE,FALSE,TRUE,FALSE,FALSE
2663,48,Male,Bag,Sports,65.18,XL,3,Yes,3,Debit Card,44659,44,4,TRUE,FALSE,FALSE,TRUE,FALSE,FALSE,FALSE
2664,25,Male,Phone,Electronics,456.91,S,3,No,7,PayPal,80461,47,12,FALSE,TRUE,FALSE,FALSE,TRUE,FALSE,FALSE
2665,57,Male,Shoes,Home Decor,105.37,M,5,Yes,2,Cash,148995,31,7,FALSE,FALSE,TRUE,FALSE,TRUE,FALSE,FALSE
2666,42,Male,Bag,Home Decor,310.36,L,4,Yes,6,Cash,74285,47,7,TRUE,FALSE,FALSE,TRUE,FALSE,FALSE,FALSE
2667,26,Female,Watch,Electronics,492.96,S,5,Yes,13,UPI,38638,12,4,FALSE,FALSE,TRUE,FALSE,TRUE,FALSE,FALSE
2668,19,Male,Shoes,Electronics,442.37,XL,5,Yes,1,Credit Card,63809,26,15,FALSE,FALSE,TRUE,FALSE,FALSE,TRUE,FALSE
2669,32,Female,Curtains,Clothing,478.72,S,3,Yes,13,Credit Card,96972,38,11,TRUE,FALSE,FALSE,FALSE,FALSE,FALSE,TRUE
2670,20,Female,Watch,Accessories,177.87,L,5,No,7,PayPal,40544,61,13,FALSE,FALSE,TRUE,TRUE,FALSE,FALSE,FALSE
2671,53,Male,Phone,Home Decor,61.73,M,4,No,14,PayPal,115296,68,3,FALSE,TRUE,FALSE,TRUE,FALSE,FALSE,FALSE
2672,21,Male,Bag,Home Decor,102.29,S,4,Yes,12,Credit Card,126514,18,12,FALSE,FALSE,TRUE,FALSE,FALSE,TRUE,FALSE
2673,31,Female,Shoes,Electronics,255.24,L,5,No,2,Credit Card,142997,59,8,FALSE,TRUE,FALSE,TRUE,FALSE,FALSE,FALSE
2674,58,Male,Football,Electronics,398.68,XL,4,Yes,12,PayPal,143657,52,2,FALSE,TRUE,FALSE,FALSE,FALSE,TRUE,FALSE
2675,58,Female,Phone,Accessories,83.58,S,5,Yes,5,Debit Card,137777,43,15,FALSE,TRUE,FALSE,TRUE,FALSE,FALSE,FALSE
2676,42,Male,Shoes,Electronics,333.27,M,3,No,1,Cash,109325,93,18,FALSE,FALSE,TRUE,FALSE,TRUE,FALSE,FALSE
2677,27,Male,Curtains,Sports,168.55,L,5,Yes,6,Cash,143754,34,18,TRUE,FALSE,FALSE,FALSE,TRUE,FALSE,FALSE
2678,38,Male,Bag,Sports,177.19,M,1,No,12,UPI,65850,100,15,FALSE,TRUE,FALSE,TRUE,FALSE,FALSE,FALSE
2679,53,Female,T-Shirt,Sports,334.34,XL,3,Yes,3,Cash,149862,12,7,FALSE,TRUE,FALSE,FALSE,FALSE,FALSE,TRUE
2680,29,Male,Bag,Sports,238.83,M,4,Yes,5,PayPal,30737,59,8,FALSE,TRUE,FALSE,FALSE,FALSE,TRUE,FALSE
2681,44,Female,T-Shirt,Accessories,407.9,XL,4,No,1,Debit Card,81682,13,10,FALSE,TRUE,FALSE,FALSE,FALSE,TRUE,FALSE
2682,57,Male,Football,Home Decor,86.4,XL,3,Yes,2,PayPal,105887,84,17,FALSE,TRUE,FALSE,FALSE,FALSE,FALSE,TRUE
2683,19,Female,Phone,Sports,397.07,S,1,No,14,Credit Card,78071,45,3,TRUE,FALSE,FALSE,FALSE,FALSE,TRUE,FALSE
2684,30,Male,Curtains,Electronics,41.48,XL,3,No,2,Credit Card,62026,59,12,FALSE,FALSE,TRUE,FALSE,FALSE,FALSE,TRUE
2685,49,Female,Shoes,Sports,105.09,M,2,Yes,3,Cash,24327,36,9,FALSE,FALSE,TRUE,FALSE,FALSE,TRUE,FALSE
2686,48,Female,Shoes,Accessories,331.51,S,1,Yes,0,Debit Card,60753,1,5,FALSE,TRUE,FALSE,FALSE,FALSE,FALSE,TRUE
2687,33,Female,T-Shirt,Electronics,428.91,XL,3,No,12,UPI,99671,30,5,FALSE,FALSE,TRUE,FALSE,TRUE,FALSE,FALSE
2688,49,Female,Curtains,Sports,133.81,L,2,Yes,5,PayPal,101934,82,10,FALSE,FALSE,TRUE,FALSE,TRUE,FALSE,FALSE
2689,49,Female,Watch,Home Decor,170.32,L,5,Yes,10,UPI,52957,31,11,TRUE,FALSE,FALSE,FALSE,TRUE,FALSE,FALSE
2690,51,Female,Football,Electronics,273.19,XL,1,No,5,UPI,97825,30,3,FALSE,FALSE,TRUE,FALSE,FALSE,TRUE,FALSE
2691,28,Male,T-Shirt,Electronics,113.67,S,5,Yes,3,UPI,74517,93,12,FALSE,TRUE,FALSE,TRUE,FALSE,FALSE,FALSE
2692,27,Female,T-Shirt,Home Decor,407.47,S,2,Yes,7,UPI,66724,52,6,FALSE,FALSE,TRUE,FALSE,FALSE,FALSE,TRUE
2693,32,Female,Football,Electronics,389.08,S,4,No,4,PayPal,23750,82,10,FALSE,TRUE,FALSE,TRUE,FALSE,FALSE,FALSE
2694,34,Female,Phone,Sports,81.19,M,4,Yes,9,Credit Card,145007,77,19,TRUE,FALSE,FALSE,FALSE,TRUE,FALSE,FALSE
2695,57,Male,Shoes,Electronics,237.28,L,4,Yes,13,PayPal,146756,25,10,FALSE,FALSE,TRUE,FALSE,FALSE,FALSE,TRUE
2696,35,Male,Phone,Sports,389.67,XL,5,Yes,3,Credit Card,61519,41,18,FALSE,FALSE,TRUE,TRUE,FALSE,FALSE,FALSE
2697,26,Male,Curtains,Home Decor,175.29,XL,1,Yes,6,Credit Card,38851,93,11,TRUE,FALSE,FALSE,FALSE,TRUE,FALSE,FALSE
2698,42,Female,Watch,Clothing,320.22,L,5,Yes,9,PayPal,101019,14,10,FALSE,TRUE,FALSE,TRUE,FALSE,FALSE,FALSE
2699,57,Male,Bag,Home Decor,34.6,M,5,Yes,14,PayPal,43251,55,5,TRUE,FALSE,FALSE,FALSE,TRUE,FALSE,FALSE
2700,31,Male,Laptop,Sports,308.26,S,4,No,9,PayPal,31818,12,7,FALSE,FALSE,TRUE,TRUE,FALSE,FALSE,FALSE
2701,42,Female,Laptop,Accessories,84.8,L,5,Yes,7,Credit Card,101774,93,15,FALSE,TRUE,FALSE,FALSE,TRUE,FALSE,FALSE
2702,39,Female,Laptop,Home Decor,416.99,XL,2,Yes,1,PayPal,92486,7,13,FALSE,FALSE,TRUE,FALSE,FALSE,TRUE,FALSE
2703,47,Male,Football,Accessories,184.17,M,3,Yes,12,Debit Card,116009,80,10,FALSE,TRUE,FALSE,FALSE,TRUE,FALSE,FALSE
2704,37,Female,T-Shirt,Accessories,147.96,XL,3,No,0,Cash,128731,31,8,TRUE,FALSE,FALSE,FALSE,TRUE,FALSE,FALSE
2705,38,Female,Watch,Sports,422.04,S,3,Yes,5,Cash,147352,16,2,FALSE,TRUE,FALSE,FALSE,TRUE,FALSE,FALSE
2706,61,Female,Phone,Sports,34.57,L,4,No,1,Debit Card,131909,47,3,FALSE,FALSE,TRUE,TRUE,FALSE,FALSE,FALSE
2707,49,Female,Bag,Clothing,204.34,S,4,No,10,Cash,79724,42,9,FALSE,FALSE,TRUE,TRUE,FALSE,FALSE,FALSE
2708,63,Male,Shoes,Electronics,191.3,M,3,No,7,Credit Card,146462,63,16,TRUE,FALSE,FALSE,FALSE,FALSE,FALSE,TRUE
2709,38,Female,Laptop,Home Decor,149.55,L,1,No,12,PayPal,148939,41,2,FALSE,FALSE,TRUE,FALSE,FALSE,FALSE,TRUE
2710,52,Male,Phone,Sports,456.76,S,3,No,4,PayPal,77928,48,11,FALSE,TRUE,FALSE,FALSE,TRUE,FALSE,FALSE
2711,49,Male,Laptop,Home Decor,377.95,S,5,Yes,1,PayPal,44662,24,6,FALSE,FALSE,TRUE,FALSE,FALSE,TRUE,FALSE
2712,47,Male,Watch,Accessories,41.32,S,3,Yes,10,Debit Card,51668,75,14,TRUE,FALSE,FALSE,FALSE,TRUE,FALSE,FALSE
2713,56,Male,Laptop,Electronics,360.2,M,3,Yes,11,Debit Card,85005,31,7,TRUE,FALSE,FALSE,FALSE,FALSE,FALSE,TRUE
2714,29,Female,Shoes,Clothing,268.38,S,1,Yes,4,Credit Card,136991,9,1,TRUE,FALSE,FALSE,FALSE,TRUE,FALSE,FALSE
2715,58,Female,Bag,Home Decor,451.43,XL,4,No,1,Debit Card,46389,3,16,FALSE,TRUE,FALSE,TRUE,FALSE,FALSE,FALSE
2716,64,Female,Curtains,Electronics,163.34,L,4,No,5,PayPal,94054,38,14,FALSE,TRUE,FALSE,FALSE,FALSE,FALSE,TRUE
2717,35,Male,Curtains,Clothing,291.34,L,5,No,7,Credit Card,110040,45,1,FALSE,TRUE,FALSE,FALSE,FALSE,FALSE,TRUE
2718,38,Male,Watch,Home Decor,255.37,S,3,No,1,Credit Card,143537,74,11,FALSE,TRUE,FALSE,TRUE,FALSE,FALSE,FALSE
2719,30,Male,Curtains,Electronics,249.88,M,2,No,5,PayPal,117554,13,6,FALSE,TRUE,FALSE,FALSE,TRUE,FALSE,FALSE
2720,38,Female,Football,Sports,233.49,XL,5,No,5,UPI,80429,93,3,TRUE,FALSE,FALSE,FALSE,TRUE,FALSE,FALSE
2721,25,Male,T-Shirt,Home Decor,110.76,XL,4,Yes,0,PayPal,105448,86,19,TRUE,FALSE,FALSE,TRUE,FALSE,FALSE,FALSE
2722,63,Female,Football,Electronics,380.3,L,1,Yes,8,Credit Card,132709,42,20,TRUE,FALSE,FALSE,TRUE,FALSE,FALSE,FALSE
2723,57,Female,Phone,Clothing,231.15,L,4,Yes,14,UPI,50036,75,11,TRUE,FALSE,FALSE,FALSE,FALSE,FALSE,TRUE
2724,63,Female,Football,Electronics,479.67,XL,4,Yes,11,PayPal,68581,26,15,FALSE,FALSE,TRUE,FALSE,TRUE,FALSE,FALSE
2725,24,Female,Phone,Sports,137.8,L,1,No,7,PayPal,123306,8,1,FALSE,TRUE,FALSE,FALSE,FALSE,FALSE,TRUE
2726,40,Male,Phone,Home Decor,344.54,S,3,No,11,UPI,78918,60,15,TRUE,FALSE,FALSE,FALSE,TRUE,FALSE,FALSE
2727,61,Female,T-Shirt,Home Decor,470.95,XL,3,No,13,UPI,121199,10,18,FALSE,TRUE,FALSE,FALSE,FALSE,TRUE,FALSE
2728,49,Male,Shoes,Home Decor,335.09,L,4,Yes,3,Cash,32918,32,18,TRUE,FALSE,FALSE,TRUE,FALSE,FALSE,FALSE
2729,28,Female,Bag,Sports,436.92,S,5,Yes,6,UPI,124023,25,3,FALSE,TRUE,FALSE,FALSE,TRUE,FALSE,FALSE
2730,39,Male,Watch,Clothing,415.47,S,2,Yes,3,Debit Card,40993,41,3,TRUE,FALSE,FALSE,TRUE,FALSE,FALSE,FALSE
2731,39,Male,T-Shirt,Home Decor,186.46,XL,5,Yes,7,UPI,113966,15,17,FALSE,TRUE,FALSE,FALSE,FALSE,TRUE,FALSE
2732,60,Female,Watch,Clothing,304.06,S,5,Yes,9,Credit Card,50896,37,15,FALSE,TRUE,FALSE,FALSE,FALSE,TRUE,FALSE
2733,42,Female,Curtains,Electronics,86.57,XL,4,Yes,1,UPI,62800,52,17,FALSE,FALSE,TRUE,FALSE,TRUE,FALSE,FALSE
2734,39,Female,Curtains,Clothing,272.41,S,4,No,1,PayPal,141885,61,9,FALSE,TRUE,FALSE,TRUE,FALSE,FALSE,FALSE
2735,45,Male,Football,Clothing,122.91,XL,2,Yes,2,Debit Card,142789,19,14,FALSE,FALSE,TRUE,FALSE,FALSE,FALSE,TRUE
2736,46,Female,Phone,Home Decor,374.43,XL,2,Yes,13,UPI,145927,90,2,FALSE,FALSE,TRUE,FALSE,FALSE,TRUE,FALSE
2737,30,Female,Laptop,Accessories,268.75,XL,2,Yes,3,Debit Card,124397,10,5,FALSE,FALSE,TRUE,FALSE,FALSE,TRUE,FALSE
2738,35,Male,Laptop,Accessories,211.5,XL,4,No,10,Cash,123115,27,11,TRUE,FALSE,FALSE,FALSE,TRUE,FALSE,FALSE
2739,19,Female,Watch,Sports,141.71,S,4,Yes,12,Debit Card,133867,53,8,FALSE,FALSE,TRUE,FALSE,FALSE,TRUE,FALSE
2740,46,Male,Phone,Sports,499.36,XL,5,Yes,5,PayPal,109673,33,16,FALSE,FALSE,TRUE,FALSE,FALSE,TRUE,FALSE
2741,38,Female,Watch,Accessories,45.14,L,4,No,14,Cash,83276,53,19,FALSE,TRUE,FALSE,FALSE,FALSE,FALSE,TRUE
2742,32,Male,T-Shirt,Electronics,31.34,S,3,Yes,4,UPI,50964,74,9,TRUE,FALSE,FALSE,FALSE,FALSE,TRUE,FALSE
2743,44,Male,Shoes,Home Decor,116.46,XL,3,Yes,9,Debit Card,117344,94,16,FALSE,TRUE,FALSE,FALSE,FALSE,TRUE,FALSE
2744,48,Female,Bag,Home Decor,485.83,S,2,No,12,Cash,145995,78,16,FALSE,TRUE,FALSE,TRUE,FALSE,FALSE,FALSE
2745,32,Male,T-Shirt,Electronics,489.83,S,4,No,9,UPI,20566,100,4,TRUE,FALSE,FALSE,FALSE,FALSE,TRUE,FALSE
2746,40,Female,Phone,Electronics,330.91,S,3,Yes,6,UPI,140683,26,16,FALSE,TRUE,FALSE,FALSE,FALSE,FALSE,TRUE
2747,41,Female,Phone,Accessories,441.25,S,5,No,5,Debit Card,127679,85,1,TRUE,FALSE,FALSE,FALSE,TRUE,FALSE,FALSE
2748,61,Male,Shoes,Sports,114.84,XL,1,No,13,Debit Card,102248,23,12,FALSE,FALSE,TRUE,FALSE,FALSE,FALSE,TRUE
2749,30,Female,Watch,Electronics,486.3,S,5,Yes,14,Cash,115843,27,17,TRUE,FALSE,FALSE,TRUE,FALSE,FALSE,FALSE
2750,39,Male,Football,Sports,79.96,L,1,No,14,Debit Card,93363,66,17,FALSE,FALSE,TRUE,FALSE,FALSE,FALSE,TRUE
2751,60,Male,Football,Clothing,59.55,S,5,No,3,UPI,27093,6,12,FALSE,TRUE,FALSE,FALSE,TRUE,FALSE,FALSE
2752,54,Male,Shoes,Home Decor,64.98,S,3,Yes,10,PayPal,45581,34,4,TRUE,FALSE,FALSE,FALSE,FALSE,TRUE,FALSE
2753,50,Male,Football,Accessories,290.83,L,4,No,9,Cash,75006,91,8,FALSE,FALSE,TRUE,TRUE,FALSE,FALSE,FALSE
2754,20,Male,Laptop,Home Decor,392.68,XL,1,Yes,8,PayPal,122989,11,5,FALSE,FALSE,TRUE,TRUE,FALSE,FALSE,FALSE
2755,36,Male,Football,Accessories,189.67,L,4,No,6,PayPal,98026,82,12,FALSE,FALSE,TRUE,TRUE,FALSE,FALSE,FALSE
2756,40,Male,Football,Clothing,489.17,M,4,No,0,UPI,49855,29,20,FALSE,TRUE,FALSE,FALSE,FALSE,FALSE,TRUE
2757,46,Male,Football,Home Decor,222.87,L,3,Yes,7,PayPal,128771,19,20,FALSE,TRUE,FALSE,FALSE,TRUE,FALSE,FALSE
2758,47,Female,Laptop,Clothing,83.72,XL,2,No,3,Credit Card,47154,43,10,TRUE,FALSE,FALSE,TRUE,FALSE,FALSE,FALSE
2759,56,Female,Watch,Accessories,238.32,L,2,No,6,Cash,85325,94,12,FALSE,FALSE,TRUE,FALSE,TRUE,FALSE,FALSE
2760,61,Male,Football,Electronics,342.73,S,1,No,10,UPI,40354,52,18,TRUE,FALSE,FALSE,TRUE,FALSE,FALSE,FALSE
2761,64,Female,Curtains,Home Decor,417.79,XL,3,No,1,Debit Card,120994,53,5,FALSE,TRUE,FALSE,TRUE,FALSE,FALSE,FALSE
2762,42,Female,Laptop,Clothing,234.8,M,4,No,11,UPI,100629,61,18,TRUE,FALSE,FALSE,FALSE,TRUE,FALSE,FALSE
2763,54,Female,Shoes,Home Decor,300.87,XL,5,Yes,2,Debit Card,22343,23,3,TRUE,FALSE,FALSE,FALSE,FALSE,FALSE,TRUE
2764,64,Female,T-Shirt,Home Decor,141,S,5,No,0,UPI,52061,24,1,TRUE,FALSE,FALSE,FALSE,FALSE,FALSE,TRUE
2765,25,Female,Shoes,Home Decor,326.5,M,1,Yes,1,Credit Card,85016,89,1,FALSE,TRUE,FALSE,FALSE,TRUE,FALSE,FALSE
2766,59,Female,T-Shirt,Sports,493.13,XL,1,No,10,Cash,74461,84,10,TRUE,FALSE,FALSE,TRUE,FALSE,FALSE,FALSE
2767,33,Male,Bag,Clothing,34.04,XL,1,No,4,PayPal,148260,45,11,FALSE,FALSE,TRUE,FALSE,FALSE,TRUE,FALSE
2768,25,Female,Shoes,Clothing,444.4,S,3,Yes,1,UPI,126507,19,18,FALSE,FALSE,TRUE,FALSE,FALSE,TRUE,FALSE
2769,18,Female,Curtains,Home Decor,285.52,L,5,No,12,Cash,60291,48,17,FALSE,TRUE,FALSE,TRUE,FALSE,FALSE,FALSE
2770,61,Female,T-Shirt,Electronics,133.53,L,3,No,5,Cash,24751,52,5,FALSE,FALSE,TRUE,FALSE,TRUE,FALSE,FALSE
2771,22,Female,T-Shirt,Home Decor,477.9,M,3,No,5,Cash,143129,7,12,FALSE,TRUE,FALSE,FALSE,TRUE,FALSE,FALSE
2772,20,Male,Phone,Sports,246.84,S,4,No,5,Cash,135643,48,12,FALSE,TRUE,FALSE,TRUE,FALSE,FALSE,FALSE
2773,18,Male,T-Shirt,Accessories,172.53,S,3,Yes,11,Cash,89038,21,15,TRUE,FALSE,FALSE,FALSE,FALSE,TRUE,FALSE
2774,21,Male,T-Shirt,Sports,98.93,L,3,Yes,10,PayPal,20658,43,2,FALSE,FALSE,TRUE,FALSE,FALSE,TRUE,FALSE
2775,57,Male,Phone,Electronics,129.78,L,4,No,13,PayPal,102422,50,19,FALSE,TRUE,FALSE,TRUE,FALSE,FALSE,FALSE
2776,52,Female,Football,Home Decor,418.1,M,2,Yes,14,UPI,63511,80,17,FALSE,FALSE,TRUE,FALSE,FALSE,TRUE,FALSE
2777,49,Male,Football,Clothing,311.06,L,4,Yes,2,Debit Card,94965,69,18,FALSE,TRUE,FALSE,TRUE,FALSE,FALSE,FALSE
2778,59,Male,Phone,Home Decor,457.49,M,1,No,10,UPI,57456,33,7,FALSE,FALSE,TRUE,FALSE,FALSE,FALSE,TRUE
2779,51,Male,Laptop,Electronics,123.66,XL,2,No,2,Cash,145778,16,20,TRUE,FALSE,FALSE,FALSE,FALSE,FALSE,TRUE
2780,60,Male,Bag,Clothing,69.36,M,5,Yes,9,Debit Card,49017,3,4,FALSE,TRUE,FALSE,TRUE,FALSE,FALSE,FALSE
2781,42,Female,T-Shirt,Sports,12.98,M,3,Yes,6,UPI,104568,19,13,TRUE,FALSE,FALSE,FALSE,TRUE,FALSE,FALSE
2782,27,Male,T-Shirt,Accessories,258.85,M,2,Yes,12,Debit Card,78434,59,15,FALSE,FALSE,TRUE,FALSE,FALSE,FALSE,TRUE
2783,38,Female,Phone,Accessories,499.17,XL,5,Yes,12,PayPal,140356,41,9,FALSE,FALSE,TRUE,FALSE,TRUE,FALSE,FALSE
2784,63,Male,Phone,Home Decor,350.53,L,4,Yes,3,Cash,32542,36,7,FALSE,FALSE,TRUE,FALSE,FALSE,TRUE,FALSE
2785,56,Female,Laptop,Sports,161.11,M,4,Yes,5,Debit Card,129871,17,3,FALSE,FALSE,TRUE,FALSE,FALSE,TRUE,FALSE
2786,44,Female,Curtains,Electronics,439.66,L,1,No,11,Credit Card,37216,33,7,TRUE,FALSE,FALSE,FALSE,FALSE,TRUE,FALSE
2787,44,Male,Football,Accessories,393.04,M,1,No,7,Cash,122822,97,17,FALSE,FALSE,TRUE,FALSE,TRUE,FALSE,FALSE
2788,19,Male,Shoes,Sports,17.55,L,2,Yes,2,PayPal,34298,57,11,FALSE,FALSE,TRUE,TRUE,FALSE,FALSE,FALSE
2789,58,Male,Curtains,Home Decor,410.26,M,3,No,8,PayPal,76416,40,7,FALSE,TRUE,FALSE,FALSE,FALSE,TRUE,FALSE
2790,30,Male,Watch,Clothing,157.26,L,4,No,8,UPI,117534,14,2,TRUE,FALSE,FALSE,FALSE,FALSE,FALSE,TRUE
2791,26,Female,Football,Home Decor,83.34,S,2,Yes,14,Credit Card,119667,64,15,FALSE,TRUE,FALSE,FALSE,FALSE,FALSE,TRUE
2792,53,Female,T-Shirt,Home Decor,120.9,XL,2,Yes,2,Debit Card,103951,40,5,FALSE,FALSE,TRUE,TRUE,FALSE,FALSE,FALSE
2793,39,Male,Watch,Sports,239.6,M,2,Yes,5,UPI,59341,3,16,FALSE,FALSE,TRUE,TRUE,FALSE,FALSE,FALSE
2794,59,Male,Curtains,Accessories,218.19,XL,1,No,4,PayPal,25413,94,4,TRUE,FALSE,FALSE,FALSE,FALSE,FALSE,TRUE
2795,43,Female,Phone,Sports,151.55,M,4,Yes,3,Debit Card,147569,92,7,TRUE,FALSE,FALSE,FALSE,TRUE,FALSE,FALSE
2796,29,Male,Laptop,Clothing,94.39,S,1,No,7,PayPal,134490,78,11,FALSE,FALSE,TRUE,FALSE,FALSE,TRUE,FALSE
2797,34,Female,Football,Sports,383.49,S,1,No,9,PayPal,77096,81,11,FALSE,FALSE,TRUE,TRUE,FALSE,FALSE,FALSE
2798,31,Male,Laptop,Electronics,495.15,XL,2,Yes,8,Credit Card,77975,77,11,FALSE,TRUE,FALSE,FALSE,FALSE,FALSE,TRUE
2799,31,Female,Watch,Home Decor,391.12,M,5,No,14,Cash,23771,78,17,TRUE,FALSE,FALSE,FALSE,TRUE,FALSE,FALSE
2800,51,Female,Football,Accessories,155.01,L,5,Yes,11,Debit Card,68688,63,18,FALSE,FALSE,TRUE,FALSE,TRUE,FALSE,FALSE
2801,37,Female,Bag,Clothing,129.96,M,5,Yes,8,Credit Card,136737,5,3,FALSE,TRUE,FALSE,FALSE,FALSE,FALSE,TRUE
2802,28,Female,Bag,Home Decor,116.66,L,2,No,4,PayPal,78168,26,19,FALSE,TRUE,FALSE,FALSE,FALSE,FALSE,TRUE
2803,33,Female,Curtains,Sports,76.98,XL,3,Yes,4,PayPal,95801,19,2,FALSE,FALSE,TRUE,FALSE,FALSE,TRUE,FALSE
2804,48,Male,T-Shirt,Electronics,280.15,XL,4,Yes,10,Credit Card,28533,23,14,FALSE,TRUE,FALSE,FALSE,FALSE,TRUE,FALSE
2805,23,Female,Bag,Sports,306.65,S,2,Yes,2,Debit Card,61127,67,19,TRUE,FALSE,FALSE,FALSE,FALSE,FALSE,TRUE
2806,36,Male,Bag,Home Decor,355.7,L,2,Yes,8,PayPal,70058,74,15,TRUE,FALSE,FALSE,FALSE,TRUE,FALSE,FALSE
2807,54,Female,Shoes,Clothing,343.3,M,1,Yes,0,Debit Card,147127,43,5,FALSE,FALSE,TRUE,FALSE,TRUE,FALSE,FALSE
2808,21,Female,Laptop,Accessories,153.24,S,5,Yes,11,Credit Card,46431,58,20,FALSE,FALSE,TRUE,FALSE,FALSE,TRUE,FALSE
2809,64,Male,Laptop,Home Decor,171.85,XL,2,No,2,PayPal,127129,86,19,FALSE,TRUE,FALSE,FALSE,FALSE,TRUE,FALSE
2810,21,Male,Bag,Clothing,343.94,S,3,Yes,6,UPI,21088,30,18,FALSE,FALSE,TRUE,TRUE,FALSE,FALSE,FALSE
2811,37,Male,Shoes,Home Decor,181.23,M,4,No,6,UPI,127269,40,10,TRUE,FALSE,FALSE,FALSE,FALSE,TRUE,FALSE
2812,27,Male,Laptop,Electronics,114.19,M,3,Yes,4,PayPal,68219,15,8,FALSE,TRUE,FALSE,FALSE,FALSE,FALSE,TRUE
2813,41,Female,Laptop,Sports,193.42,XL,2,Yes,5,Cash,61227,96,17,TRUE,FALSE,FALSE,FALSE,FALSE,FALSE,TRUE
2814,52,Male,Football,Accessories,143.32,S,2,No,3,PayPal,44269,66,3,FALSE,FALSE,TRUE,FALSE,FALSE,TRUE,FALSE
2815,43,Female,Football,Clothing,53.27,L,1,No,7,PayPal,44636,81,9,TRUE,FALSE,FALSE,FALSE,FALSE,TRUE,FALSE
2816,54,Male,Shoes,Accessories,416.77,L,3,Yes,3,PayPal,97998,19,9,TRUE,FALSE,FALSE,TRUE,FALSE,FALSE,FALSE
2817,55,Male,Watch,Accessories,428.02,L,1,Yes,9,Credit Card,99231,36,2,FALSE,TRUE,FALSE,FALSE,FALSE,TRUE,FALSE
2818,38,Female,T-Shirt,Accessories,117.68,M,3,No,14,PayPal,122473,31,19,FALSE,FALSE,TRUE,FALSE,FALSE,TRUE,FALSE
2819,57,Female,Curtains,Clothing,41.74,S,5,No,5,PayPal,107280,20,6,FALSE,TRUE,FALSE,FALSE,FALSE,TRUE,FALSE
2820,56,Male,Bag,Clothing,372.03,L,5,No,4,Credit Card,114215,47,8,FALSE,TRUE,FALSE,FALSE,FALSE,TRUE,FALSE
2821,38,Female,Bag,Accessories,113.65,S,3,No,11,PayPal,57296,29,15,FALSE,FALSE,TRUE,FALSE,TRUE,FALSE,FALSE
2822,27,Female,Curtains,Sports,202.78,XL,1,Yes,13,UPI,106508,30,5,FALSE,FALSE,TRUE,FALSE,FALSE,TRUE,FALSE
2823,55,Female,Bag,Home Decor,41.43,L,5,No,9,UPI,61828,33,5,TRUE,FALSE,FALSE,TRUE,FALSE,FALSE,FALSE
2824,63,Female,Bag,Accessories,120.87,S,2,Yes,5,PayPal,128471,41,14,FALSE,FALSE,TRUE,TRUE,FALSE,FALSE,FALSE
2825,21,Female,Watch,Electronics,398.52,M,4,No,2,Credit Card,83354,83,3,TRUE,FALSE,FALSE,FALSE,FALSE,FALSE,TRUE
2826,62,Female,Laptop,Accessories,404.15,XL,1,Yes,12,PayPal,52883,44,8,TRUE,FALSE,FALSE,FALSE,TRUE,FALSE,FALSE
2827,37,Female,T-Shirt,Clothing,111.47,XL,3,No,2,PayPal,124086,60,5,TRUE,FALSE,FALSE,TRUE,FALSE,FALSE,FALSE
2828,34,Female,Bag,Home Decor,174.6,XL,4,Yes,9,Debit Card,115578,51,8,FALSE,TRUE,FALSE,TRUE,FALSE,FALSE,FALSE
2829,24,Male,Shoes,Electronics,75.78,XL,4,No,6,Cash,137858,22,14,FALSE,FALSE,TRUE,TRUE,FALSE,FALSE,FALSE
2830,21,Female,Watch,Home Decor,46.34,M,2,No,12,Credit Card,131966,33,17,TRUE,FALSE,FALSE,FALSE,TRUE,FALSE,FALSE
2831,46,Male,Bag,Home Decor,496.16,M,1,No,0,Cash,106712,85,9,FALSE,TRUE,FALSE,FALSE,FALSE,TRUE,FALSE
2832,31,Female,Shoes,Electronics,331.24,L,4,No,0,Debit Card,101002,34,13,FALSE,FALSE,TRUE,FALSE,FALSE,TRUE,FALSE
2833,20,Female,Football,Accessories,275.63,M,1,Yes,0,Cash,32579,91,5,TRUE,FALSE,FALSE,TRUE,FALSE,FALSE,FALSE
2834,41,Female,Laptop,Accessories,385.09,M,2,No,5,PayPal,106226,29,5,FALSE,FALSE,TRUE,FALSE,FALSE,TRUE,FALSE
2835,54,Female,Phone,Accessories,421.64,XL,3,No,3,UPI,130606,60,19,FALSE,TRUE,FALSE,FALSE,TRUE,FALSE,FALSE
2836,33,Male,Bag,Sports,405.29,M,4,No,13,Credit Card,103739,99,14,FALSE,FALSE,TRUE,FALSE,FALSE,TRUE,FALSE
2837,21,Male,Shoes,Accessories,18.1,XL,4,Yes,5,Credit Card,85810,30,1,TRUE,FALSE,FALSE,FALSE,TRUE,FALSE,FALSE
2838,41,Female,Watch,Electronics,101.54,S,4,Yes,13,PayPal,140015,9,17,FALSE,FALSE,TRUE,TRUE,FALSE,FALSE,FALSE
2839,51,Male,Laptop,Sports,330.9,S,1,No,13,Cash,92629,53,7,FALSE,TRUE,FALSE,TRUE,FALSE,FALSE,FALSE
2840,47,Female,T-Shirt,Accessories,194.12,S,4,Yes,14,Credit Card,116026,36,9,FALSE,FALSE,TRUE,FALSE,TRUE,FALSE,FALSE
2841,35,Female,Watch,Sports,491.42,S,1,Yes,0,Debit Card,66011,8,9,FALSE,TRUE,FALSE,FALSE,FALSE,FALSE,TRUE
2842,36,Male,Football,Electronics,336.05,S,5,Yes,3,Debit Card,113302,100,19,FALSE,FALSE,TRUE,TRUE,FALSE,FALSE,FALSE
2843,48,Male,Curtains,Accessories,478.71,S,5,No,3,Cash,108193,3,17,FALSE,TRUE,FALSE,FALSE,FALSE,FALSE,TRUE
2844,36,Female,Bag,Clothing,108.71,S,1,Yes,1,Debit Card,32311,95,16,FALSE,TRUE,FALSE,FALSE,FALSE,TRUE,FALSE
2845,63,Female,T-Shirt,Electronics,433.34,XL,5,Yes,0,UPI,58197,1,20,FALSE,TRUE,FALSE,FALSE,FALSE,TRUE,FALSE
2846,36,Male,Shoes,Home Decor,167.46,XL,2,No,12,PayPal,66850,3,20,FALSE,TRUE,FALSE,FALSE,FALSE,FALSE,TRUE
2847,39,Female,Bag,Home Decor,494.89,XL,2,No,7,Credit Card,66430,98,1,FALSE,FALSE,TRUE,FALSE,TRUE,FALSE,FALSE
2848,41,Male,Shoes,Electronics,87.27,XL,5,No,5,PayPal,71845,40,5,FALSE,TRUE,FALSE,FALSE,TRUE,FALSE,FALSE
2849,62,Female,T-Shirt,Home Decor,263.01,M,3,Yes,3,Cash,110652,15,18,TRUE,FALSE,FALSE,FALSE,FALSE,TRUE,FALSE
2850,29,Female,Shoes,Electronics,398.49,M,1,No,1,PayPal,37906,90,10,FALSE,FALSE,TRUE,FALSE,TRUE,FALSE,FALSE
2851,47,Male,Watch,Clothing,221.99,L,5,Yes,11,Credit Card,129846,1,8,FALSE,FALSE,TRUE,FALSE,TRUE,FALSE,FALSE
2852,55,Male,Laptop,Electronics,239.36,M,1,Yes,12,Credit Card,50260,60,11,FALSE,TRUE,FALSE,FALSE,TRUE,FALSE,FALSE
2853,48,Male,Shoes,Accessories,493.31,XL,5,No,4,Cash,141949,72,18,TRUE,FALSE,FALSE,FALSE,FALSE,FALSE,TRUE
2854,53,Female,Football,Accessories,218.4,XL,2,No,8,Credit Card,53216,48,17,FALSE,TRUE,FALSE,FALSE,TRUE,FALSE,FALSE
2855,36,Female,Laptop,Sports,306,S,3,No,6,Debit Card,50253,19,3,FALSE,TRUE,FALSE,FALSE,FALSE,TRUE,FALSE
2856,62,Female,Watch,Home Decor,36.72,S,1,No,3,PayPal,128695,95,2,FALSE,TRUE,FALSE,FALSE,TRUE,FALSE,FALSE
2857,53,Female,Bag,Home Decor,422.68,L,3,No,14,UPI,113376,81,17,FALSE,TRUE,FALSE,FALSE,FALSE,FALSE,TRUE
2858,47,Male,Phone,Electronics,327.6,M,2,No,4,UPI,26714,94,11,TRUE,FALSE,FALSE,TRUE,FALSE,FALSE,FALSE
2859,50,Female,Bag,Home Decor,207.97,XL,4,Yes,7,UPI,97116,68,1,FALSE,TRUE,FALSE,TRUE,FALSE,FALSE,FALSE
2860,35,Female,Shoes,Accessories,17.92,M,4,No,10,Cash,72904,91,6,FALSE,FALSE,TRUE,FALSE,FALSE,FALSE,TRUE
2861,45,Female,Shoes,Clothing,299.92,L,1,Yes,12,UPI,29148,43,7,FALSE,FALSE,TRUE,FALSE,FALSE,TRUE,FALSE
2862,64,Male,Football,Electronics,16.2,S,2,Yes,4,PayPal,40187,75,17,TRUE,FALSE,FALSE,FALSE,FALSE,TRUE,FALSE
2863,28,Female,Watch,Home Decor,10.59,XL,1,Yes,11,Credit Card,117121,35,3,TRUE,FALSE,FALSE,FALSE,FALSE,FALSE,TRUE
2864,62,Female,Football,Accessories,311.89,S,1,Yes,5,Debit Card,24522,90,14,TRUE,FALSE,FALSE,TRUE,FALSE,FALSE,FALSE
2865,50,Male,Curtains,Sports,102.62,XL,1,Yes,12,UPI,90803,67,3,TRUE,FALSE,FALSE,FALSE,TRUE,FALSE,FALSE
2866,34,Female,Watch,Home Decor,104.02,S,3,Yes,9,UPI,100669,44,14,FALSE,TRUE,FALSE,FALSE,FALSE,TRUE,FALSE
2867,23,Female,T-Shirt,Clothing,330.1,S,5,No,5,UPI,108445,69,12,FALSE,TRUE,FALSE,FALSE,FALSE,TRUE,FALSE
2868,21,Male,T-Shirt,Clothing,36.31,L,2,Yes,7,Debit Card,73681,5,2,FALSE,FALSE,TRUE,FALSE,TRUE,FALSE,FALSE
2869,37,Female,T-Shirt,Home Decor,163.57,M,3,Yes,12,PayPal,147535,17,3,TRUE,FALSE,FALSE,FALSE,FALSE,TRUE,FALSE
2870,64,Female,Football,Home Decor,83.22,S,5,Yes,10,UPI,35663,2,17,TRUE,FALSE,FALSE,FALSE,FALSE,TRUE,FALSE
2871,44,Female,T-Shirt,Accessories,294.29,XL,1,No,4,Credit Card,57658,50,13,FALSE,TRUE,FALSE,FALSE,TRUE,FALSE,FALSE
2872,32,Male,Watch,Home Decor,334.26,M,4,Yes,0,Cash,57209,89,10,TRUE,FALSE,FALSE,FALSE,TRUE,FALSE,FALSE
2873,23,Female,T-Shirt,Sports,363.36,M,3,Yes,3,Debit Card,102756,85,14,FALSE,TRUE,FALSE,TRUE,FALSE,FALSE,FALSE
2874,64,Female,Phone,Accessories,135.06,S,2,No,2,PayPal,144309,83,11,TRUE,FALSE,FALSE,FALSE,FALSE,FALSE,TRUE
2875,31,Male,T-Shirt,Electronics,53.73,S,2,No,1,Credit Card,38019,46,8,FALSE,FALSE,TRUE,FALSE,FALSE,FALSE,TRUE
2876,28,Male,Shoes,Sports,48.55,S,5,No,6,Debit Card,40236,79,17,FALSE,FALSE,TRUE,FALSE,FALSE,FALSE,TRUE
2877,56,Female,Curtains,Accessories,218.81,M,3,Yes,12,Debit Card,62120,56,16,FALSE,TRUE,FALSE,FALSE,FALSE,FALSE,TRUE
2878,26,Female,Football,Accessories,473.46,L,1,No,12,Cash,23350,77,12,FALSE,TRUE,FALSE,FALSE,TRUE,FALSE,FALSE
2879,43,Female,Laptop,Clothing,116.69,S,5,No,6,Cash,71517,80,14,TRUE,FALSE,FALSE,FALSE,FALSE,FALSE,TRUE
2880,33,Female,Curtains,Accessories,135.8,M,2,No,14,PayPal,83878,43,14,FALSE,TRUE,FALSE,TRUE,FALSE,FALSE,FALSE
2881,22,Male,Phone,Sports,59.44,M,3,Yes,7,UPI,126416,100,13,TRUE,FALSE,FALSE,TRUE,FALSE,FALSE,FALSE
2882,27,Female,Football,Home Decor,306.73,XL,4,No,14,Cash,73093,25,7,FALSE,TRUE,FALSE,FALSE,FALSE,TRUE,FALSE
2883,20,Male,Watch,Sports,343.14,S,1,Yes,9,PayPal,75650,82,3,FALSE,TRUE,FALSE,FALSE,FALSE,TRUE,FALSE
2884,30,Male,Bag,Electronics,325.04,L,2,Yes,14,Debit Card,93093,17,18,FALSE,TRUE,FALSE,FALSE,TRUE,FALSE,FALSE
2885,60,Female,Football,Accessories,431.95,XL,3,No,4,UPI,148816,61,6,FALSE,FALSE,TRUE,FALSE,TRUE,FALSE,FALSE
2886,47,Female,Shoes,Accessories,248.35,S,4,Yes,14,Credit Card,57848,47,17,FALSE,TRUE,FALSE,FALSE,FALSE,FALSE,TRUE
2887,62,Male,Watch,Accessories,75.88,XL,2,Yes,0,Debit Card,65518,76,10,FALSE,FALSE,TRUE,FALSE,TRUE,FALSE,FALSE
2888,23,Male,Curtains,Accessories,151.81,S,4,Yes,5,PayPal,130083,21,7,FALSE,FALSE,TRUE,FALSE,FALSE,FALSE,TRUE
2889,34,Female,Curtains,Clothing,334.59,XL,2,No,5,Credit Card,57872,13,12,FALSE,FALSE,TRUE,FALSE,FALSE,TRUE,FALSE
2890,62,Male,T-Shirt,Clothing,310.43,L,5,Yes,10,Debit Card,38910,96,4,TRUE,FALSE,FALSE,FALSE,TRUE,FALSE,FALSE
2891,36,Female,Watch,Home Decor,270.19,XL,5,No,7,Cash,22121,68,1,TRUE,FALSE,FALSE,TRUE,FALSE,FALSE,FALSE
2892,59,Female,Bag,Accessories,344.65,XL,5,Yes,12,PayPal,90935,2,4,FALSE,FALSE,TRUE,FALSE,FALSE,TRUE,FALSE
2893,52,Male,Shoes,Electronics,322.32,XL,3,No,9,Credit Card,102600,12,20,TRUE,FALSE,FALSE,FALSE,FALSE,FALSE,TRUE
2894,63,Male,T-Shirt,Home Decor,441.85,S,5,Yes,14,Cash,92070,67,19,TRUE,FALSE,FALSE,FALSE,TRUE,FALSE,FALSE
2895,43,Female,T-Shirt,Accessories,297.15,S,3,Yes,1,Credit Card,79895,23,10,FALSE,TRUE,FALSE,FALSE,TRUE,FALSE,FALSE
2896,22,Male,Bag,Clothing,391.51,L,1,No,10,UPI,144587,39,14,TRUE,FALSE,FALSE,FALSE,FALSE,FALSE,TRUE
2897,46,Female,Football,Electronics,131.87,XL,5,Yes,8,UPI,138116,48,10,FALSE,TRUE,FALSE,TRUE,FALSE,FALSE,FALSE
2898,54,Female,Curtains,Home Decor,342.31,M,3,No,10,PayPal,131564,7,5,FALSE,FALSE,TRUE,TRUE,FALSE,FALSE,FALSE
2899,37,Female,T-Shirt,Electronics,452.08,XL,2,No,12,Credit Card,40473,49,20,TRUE,FALSE,FALSE,FALSE,TRUE,FALSE,FALSE
2900,38,Male,Phone,Accessories,199.01,M,3,Yes,5,UPI,121063,21,8,FALSE,FALSE,TRUE,FALSE,FALSE,FALSE,TRUE
2901,27,Female,Phone,Sports,391.76,M,3,No,0,Debit Card,104757,66,7,TRUE,FALSE,FALSE,TRUE,FALSE,FALSE,FALSE
2902,22,Female,Curtains,Electronics,365.15,XL,2,Yes,8,Debit Card,92847,55,4,FALSE,FALSE,TRUE,TRUE,FALSE,FALSE,FALSE
2903,53,Female,Phone,Electronics,39.17,M,3,No,7,UPI,46617,63,14,FALSE,FALSE,TRUE,FALSE,FALSE,FALSE,TRUE
2904,23,Female,Bag,Clothing,294.94,M,2,No,9,UPI,133709,96,16,TRUE,FALSE,FALSE,FALSE,TRUE,FALSE,FALSE
2905,43,Female,Football,Accessories,73.79,XL,4,No,0,PayPal,31911,61,3,FALSE,TRUE,FALSE,FALSE,TRUE,FALSE,FALSE
2906,21,Female,Shoes,Electronics,483.99,S,5,Yes,7,PayPal,147893,3,18,FALSE,TRUE,FALSE,FALSE,TRUE,FALSE,FALSE
2907,56,Female,Laptop,Accessories,407.59,XL,1,Yes,12,Debit Card,90480,22,7,FALSE,TRUE,FALSE,FALSE,FALSE,TRUE,FALSE
2908,56,Female,T-Shirt,Clothing,63.76,L,3,Yes,6,Cash,104958,31,1,FALSE,TRUE,FALSE,FALSE,FALSE,TRUE,FALSE
2909,52,Female,Laptop,Accessories,69.66,M,2,Yes,4,Credit Card,78749,61,1,FALSE,FALSE,TRUE,TRUE,FALSE,FALSE,FALSE
2910,18,Female,Shoes,Clothing,301.29,L,5,No,14,Cash,90225,59,16,TRUE,FALSE,FALSE,TRUE,FALSE,FALSE,FALSE
2911,41,Female,Shoes,Clothing,179,M,3,Yes,12,PayPal,140048,38,3,FALSE,TRUE,FALSE,FALSE,FALSE,TRUE,FALSE
2912,53,Male,Bag,Home Decor,27.1,S,5,Yes,5,Cash,31517,13,2,TRUE,FALSE,FALSE,FALSE,FALSE,TRUE,FALSE
2913,23,Female,Football,Accessories,275.4,M,4,No,3,PayPal,127769,48,5,FALSE,TRUE,FALSE,TRUE,FALSE,FALSE,FALSE
2914,58,Female,Phone,Sports,200.04,XL,3,Yes,8,Cash,134765,23,7,TRUE,FALSE,FALSE,FALSE,TRUE,FALSE,FALSE
2915,63,Female,Phone,Home Decor,59.53,M,2,Yes,8,Debit Card,121877,10,20,FALSE,FALSE,TRUE,FALSE,TRUE,FALSE,FALSE
2916,61,Male,Bag,Clothing,402.94,L,4,No,12,PayPal,20903,88,9,TRUE,FALSE,FALSE,FALSE,FALSE,TRUE,FALSE
2917,48,Female,Shoes,Sports,458.39,XL,3,Yes,14,Debit Card,121647,45,10,FALSE,TRUE,FALSE,FALSE,FALSE,TRUE,FALSE
2918,37,Male,Football,Electronics,380.73,L,5,Yes,9,Cash,110447,96,10,FALSE,TRUE,FALSE,FALSE,FALSE,TRUE,FALSE
2919,41,Female,Football,Electronics,412.99,S,4,Yes,13,UPI,135056,44,18,FALSE,FALSE,TRUE,TRUE,FALSE,FALSE,FALSE
2920,42,Female,Curtains,Home Decor,116.08,L,2,Yes,0,UPI,129004,21,6,TRUE,FALSE,FALSE,FALSE,TRUE,FALSE,FALSE
2921,53,Male,Watch,Sports,139.15,L,3,Yes,11,Credit Card,68238,35,13,FALSE,FALSE,TRUE,TRUE,FALSE,FALSE,FALSE
2922,38,Female,T-Shirt,Accessories,112.18,L,5,No,8,UPI,149933,23,4,FALSE,FALSE,TRUE,TRUE,FALSE,FALSE,FALSE
2923,47,Male,Bag,Sports,384.88,XL,5,Yes,2,Credit Card,126954,28,12,FALSE,TRUE,FALSE,FALSE,FALSE,FALSE,TRUE
2924,41,Male,Watch,Home Decor,474.48,S,4,Yes,11,Cash,125853,58,9,TRUE,FALSE,FALSE,FALSE,FALSE,FALSE,TRUE
2925,61,Female,Bag,Accessories,361.25,S,3,Yes,1,Credit Card,138113,82,9,FALSE,FALSE,TRUE,TRUE,FALSE,FALSE,FALSE
2926,59,Female,Phone,Accessories,441.92,S,5,Yes,3,Credit Card,21810,43,10,TRUE,FALSE,FALSE,TRUE,FALSE,FALSE,FALSE
2927,47,Female,Shoes,Electronics,322.96,L,4,Yes,3,Credit Card,104131,16,20,FALSE,TRUE,FALSE,TRUE,FALSE,FALSE,FALSE
2928,39,Female,Bag,Sports,199.95,XL,1,Yes,8,Debit Card,140974,1,17,TRUE,FALSE,FALSE,FALSE,TRUE,FALSE,FALSE
2929,45,Male,Bag,Accessories,218.62,XL,5,Yes,3,Credit Card,28363,41,2,FALSE,FALSE,TRUE,FALSE,FALSE,FALSE,TRUE
2930,24,Male,Curtains,Home Decor,46.91,XL,4,Yes,4,PayPal,109394,71,8,FALSE,TRUE,FALSE,FALSE,FALSE,TRUE,FALSE
2931,52,Female,Laptop,Electronics,25.41,L,1,No,5,Cash,35803,62,14,FALSE,FALSE,TRUE,FALSE,FALSE,TRUE,FALSE
2932,45,Male,Phone,Accessories,350.78,S,4,Yes,3,Debit Card,67058,73,13,TRUE,FALSE,FALSE,FALSE,FALSE,TRUE,FALSE
2933,31,Male,T-Shirt,Sports,224.83,L,5,Yes,0,PayPal,24202,80,2,TRUE,FALSE,FALSE,TRUE,FALSE,FALSE,FALSE
2934,27,Female,Football,Electronics,280.59,XL,1,Yes,12,Cash,145234,92,18,TRUE,FALSE,FALSE,FALSE,FALSE,FALSE,TRUE
2935,33,Male,Shoes,Sports,283.25,L,4,No,1,Debit Card,68446,27,10,FALSE,TRUE,FALSE,FALSE,FALSE,TRUE,FALSE
2936,33,Male,Phone,Sports,145.91,M,3,Yes,2,Cash,99986,12,6,FALSE,FALSE,TRUE,FALSE,FALSE,FALSE,TRUE
2937,48,Female,Laptop,Sports,243.19,S,1,No,3,UPI,58691,34,17,FALSE,TRUE,FALSE,FALSE,FALSE,TRUE,FALSE
2938,59,Male,Bag,Electronics,240.67,S,4,Yes,4,Cash,76436,86,10,FALSE,TRUE,FALSE,TRUE,FALSE,FALSE,FALSE
2939,42,Female,T-Shirt,Accessories,200.33,XL,3,Yes,12,UPI,140281,62,2,TRUE,FALSE,FALSE,FALSE,FALSE,FALSE,TRUE
2940,30,Male,Bag,Clothing,412.13,L,1,Yes,9,UPI,53000,44,3,FALSE,FALSE,TRUE,FALSE,FALSE,TRUE,FALSE
2941,23,Female,T-Shirt,Accessories,231.07,XL,4,Yes,9,Cash,56427,16,20,FALSE,TRUE,FALSE,FALSE,FALSE,FALSE,TRUE
2942,61,Male,Curtains,Electronics,305.79,L,5,No,2,UPI,137647,40,16,FALSE,FALSE,TRUE,TRUE,FALSE,FALSE,FALSE
2943,26,Male,Bag,Clothing,448.8,M,1,No,10,Debit Card,82267,30,12,FALSE,FALSE,TRUE,FALSE,FALSE,TRUE,FALSE
2944,62,Female,Phone,Clothing,434.45,S,1,Yes,0,UPI,68811,24,20,FALSE,TRUE,FALSE,TRUE,FALSE,FALSE,FALSE
2945,53,Female,Laptop,Clothing,446.31,S,3,Yes,10,Credit Card,40465,81,2,FALSE,FALSE,TRUE,FALSE,FALSE,TRUE,FALSE
2946,60,Female,T-Shirt,Home Decor,142.3,L,4,Yes,10,Debit Card,104699,74,14,FALSE,TRUE,FALSE,FALSE,FALSE,TRUE,FALSE
2947,37,Female,Shoes,Electronics,27.14,S,5,Yes,14,Debit Card,106748,97,6,TRUE,FALSE,FALSE,FALSE,TRUE,FALSE,FALSE
2948,35,Male,T-Shirt,Home Decor,137.92,L,3,No,7,Debit Card,112220,44,8,FALSE,FALSE,TRUE,FALSE,TRUE,FALSE,FALSE
2949,60,Male,Laptop,Clothing,146.57,XL,1,Yes,7,Credit Card,75180,28,10,TRUE,FALSE,FALSE,FALSE,FALSE,TRUE,FALSE
2950,38,Male,Football,Home Decor,455.59,M,3,No,12,Credit Card,33255,14,9,TRUE,FALSE,FALSE,FALSE,FALSE,TRUE,FALSE
2951,21,Female,Football,Home Decor,328.13,L,3,No,3,Credit Card,22031,51,12,TRUE,FALSE,FALSE,TRUE,FALSE,FALSE,FALSE
2952,50,Male,Curtains,Electronics,50.03,M,3,No,14,Credit Card,95414,43,7,TRUE,FALSE,FALSE,TRUE,FALSE,FALSE,FALSE
2953,44,Male,Phone,Sports,76.34,XL,1,Yes,6,Credit Card,57152,15,5,FALSE,TRUE,FALSE,FALSE,FALSE,FALSE,TRUE
2954,24,Female,Laptop,Home Decor,86.28,XL,2,Yes,14,PayPal,130562,80,6,TRUE,FALSE,FALSE,FALSE,FALSE,TRUE,FALSE
2955,23,Female,Curtains,Home Decor,318.91,XL,3,No,3,PayPal,76312,2,10,FALSE,FALSE,TRUE,FALSE,FALSE,TRUE,FALSE
2956,32,Male,Watch,Clothing,370.35,L,2,No,13,Credit Card,50323,87,18,FALSE,TRUE,FALSE,FALSE,FALSE,TRUE,FALSE
2957,35,Female,T-Shirt,Clothing,431.23,M,5,No,2,Debit Card,134419,1,20,TRUE,FALSE,FALSE,TRUE,FALSE,FALSE,FALSE
2958,49,Male,Watch,Clothing,470.91,M,5,Yes,6,UPI,117329,3,1,FALSE,FALSE,TRUE,FALSE,TRUE,FALSE,FALSE
2959,28,Male,T-Shirt,Accessories,108.84,S,5,Yes,13,UPI,120137,21,19,FALSE,TRUE,FALSE,FALSE,FALSE,TRUE,FALSE
2960,37,Female,Football,Home Decor,161.79,L,4,No,5,PayPal,75106,41,18,FALSE,FALSE,TRUE,FALSE,FALSE,TRUE,FALSE
2961,41,Male,Curtains,Clothing,127.76,S,1,Yes,0,Credit Card,96913,40,8,TRUE,FALSE,FALSE,FALSE,TRUE,FALSE,FALSE
2962,32,Female,Football,Electronics,185.79,S,2,Yes,8,Cash,112795,4,15,FALSE,TRUE,FALSE,TRUE,FALSE,FALSE,FALSE
2963,24,Female,Shoes,Accessories,458.19,L,4,Yes,11,UPI,50825,64,16,TRUE,FALSE,FALSE,FALSE,FALSE,TRUE,FALSE
2964,38,Male,Watch,Sports,291.81,S,2,No,1,UPI,50310,77,20,FALSE,TRUE,FALSE,FALSE,TRUE,FALSE,FALSE
2965,59,Male,Watch,Home Decor,371.71,S,1,Yes,12,Debit Card,115048,10,1,FALSE,FALSE,TRUE,FALSE,FALSE,TRUE,FALSE
2966,43,Male,Football,Home Decor,250.16,S,3,Yes,2,UPI,135194,63,3,FALSE,TRUE,FALSE,FALSE,FALSE,FALSE,TRUE
2967,61,Female,Shoes,Electronics,24.14,XL,4,No,4,PayPal,35431,11,10,FALSE,TRUE,FALSE,FALSE,FALSE,FALSE,TRUE
2968,31,Male,T-Shirt,Sports,41.46,L,1,No,14,Credit Card,37641,42,1,TRUE,FALSE,FALSE,FALSE,FALSE,TRUE,FALSE
2969,54,Female,Curtains,Sports,273.58,XL,4,Yes,2,Credit Card,22888,58,1,FALSE,FALSE,TRUE,FALSE,FALSE,FALSE,TRUE
2970,38,Female,Shoes,Accessories,362.21,S,5,No,2,UPI,125583,71,3,TRUE,FALSE,FALSE,TRUE,FALSE,FALSE,FALSE
2971,35,Male,Curtains,Home Decor,115.51,S,4,No,7,Cash,105140,37,15,TRUE,FALSE,FALSE,TRUE,FALSE,FALSE,FALSE
2972,22,Female,Watch,Clothing,363.74,XL,3,Yes,13,PayPal,56379,55,20,FALSE,FALSE,TRUE,FALSE,FALSE,TRUE,FALSE
2973,20,Male,Curtains,Electronics,407.23,S,3,No,3,UPI,149710,30,8,FALSE,FALSE,TRUE,FALSE,TRUE,FALSE,FALSE
2974,40,Male,Watch,Electronics,211.83,L,2,No,12,PayPal,69906,99,11,TRUE,FALSE,FALSE,FALSE,FALSE,TRUE,FALSE
2975,43,Male,Shoes,Electronics,375.75,M,4,Yes,12,Cash,96972,92,11,TRUE,FALSE,FALSE,FALSE,TRUE,FALSE,FALSE
2976,54,Male,Watch,Electronics,207.97,XL,5,Yes,9,PayPal,118354,71,13,FALSE,TRUE,FALSE,FALSE,TRUE,FALSE,FALSE
2977,41,Male,Bag,Clothing,342.39,M,3,Yes,1,PayPal,50733,92,13,FALSE,TRUE,FALSE,FALSE,TRUE,FALSE,FALSE
2978,36,Male,Phone,Clothing,384.36,M,2,No,4,PayPal,84499,51,20,TRUE,FALSE,FALSE,FALSE,FALSE,TRUE,FALSE
2979,42,Male,Watch,Accessories,496.04,M,5,Yes,1,Credit Card,104883,28,15,FALSE,TRUE,FALSE,TRUE,FALSE,FALSE,FALSE
2980,38,Female,Football,Home Decor,179.24,XL,5,No,9,Cash,41209,8,14,FALSE,FALSE,TRUE,FALSE,TRUE,FALSE,FALSE
2981,29,Male,Shoes,Clothing,211.41,S,5,Yes,10,Credit Card,60144,72,11,FALSE,FALSE,TRUE,FALSE,TRUE,FALSE,FALSE
2982,58,Female,Bag,Accessories,91.15,L,1,Yes,11,Debit Card,38152,88,14,FALSE,FALSE,TRUE,TRUE,FALSE,FALSE,FALSE
2983,50,Female,T-Shirt,Sports,110,S,3,No,7,UPI,92552,83,5,FALSE,FALSE,TRUE,TRUE,FALSE,FALSE,FALSE
2984,21,Female,Curtains,Home Decor,349.76,L,1,No,14,Credit Card,48147,39,7,FALSE,TRUE,FALSE,FALSE,FALSE,TRUE,FALSE
2985,59,Male,Bag,Clothing,459.35,S,1,Yes,2,PayPal,103699,83,6,FALSE,FALSE,TRUE,FALSE,FALSE,TRUE,FALSE
2986,24,Female,Laptop,Sports,203.36,M,3,No,13,Debit Card,148941,44,17,TRUE,FALSE,FALSE,TRUE,FALSE,FALSE,FALSE
2987,39,Female,Bag,Accessories,98.12,M,4,Yes,1,Cash,105490,65,12,TRUE,FALSE,FALSE,FALSE,FALSE,TRUE,FALSE
2988,50,Male,Shoes,Clothing,149.7,L,2,No,2,Cash,124542,64,14,TRUE,FALSE,FALSE,FALSE,FALSE,FALSE,TRUE
2989,34,Male,Bag,Clothing,232.98,XL,3,Yes,2,Credit Card,101112,62,11,TRUE,FALSE,FALSE,TRUE,FALSE,FALSE,FALSE
2990,41,Female,Bag,Sports,152.42,S,2,Yes,0,PayPal,68220,49,18,FALSE,TRUE,FALSE,FALSE,FALSE,FALSE,TRUE
2991,51,Male,Football,Clothing,124.45,M,4,No,2,PayPal,21508,97,3,FALSE,TRUE,FALSE,TRUE,FALSE,FALSE,FALSE
2992,45,Male,Watch,Electronics,370.63,L,3,Yes,2,Cash,118568,34,20,FALSE,FALSE,TRUE,FALSE,TRUE,FALSE,FALSE
2993,60,Male,Curtains,Clothing,13.84,S,5,Yes,3,PayPal,51877,26,13,FALSE,TRUE,FALSE,FALSE,FALSE,TRUE,FALSE
2994,58,Male,Phone,Home Decor,274.22,L,3,No,12,UPI,47300,96,10,TRUE,FALSE,FALSE,TRUE,FALSE,FALSE,FALSE
2995,56,Female,T-Shirt,Sports,398.95,XL,4,No,7,Credit Card,76165,71,19,FALSE,FALSE,TRUE,FALSE,FALSE,TRUE,FALSE
2996,39,Male,Phone,Home Decor,140.45,XL,1,Yes,8,Credit Card,143797,43,19,FALSE,TRUE,FALSE,FALSE,TRUE,FALSE,FALSE
2997,34,Male,Bag,Accessories,305.61,S,3,No,0,PayPal,24829,57,4,FALSE,TRUE,FALSE,TRUE,FALSE,FALSE,FALSE
2998,51,Male,Laptop,Home Decor,337.76,XL,5,Yes,0,Cash,116901,31,11,FALSE,TRUE,FALSE,FALSE,FALSE,TRUE,FALSE
2999,23,Female,Shoes,Electronics,330.96,S,3,Yes,5,UPI,142978,8,11,TRUE,FALSE,FALSE,FALSE,FALSE,FALSE,TRUE
3000,63,Female,Curtains,Electronics,228.47,S,1,No,0,UPI,81084,91,2,FALSE,FALSE,TRUE,FALSE,TRUE,FALSE,FALSE
3001,23,Male,Shoes,Home Decor,179.82,XL,3,Yes,11,UPI,118006,98,14,FALSE,TRUE,FALSE,TRUE,FALSE,FALSE,FALSE
3002,51,Male,Football,Accessories,419.6,L,5,Yes,4,Debit Card,95978,91,9,FALSE,TRUE,FALSE,FALSE,FALSE,FALSE,TRUE
3003,18,Female,Shoes,Clothing,381.64,L,4,Yes,13,PayPal,84278,72,12,TRUE,FALSE,FALSE,TRUE,FALSE,FALSE,FALSE
3004,27,Male,T-Shirt,Electronics,167.42,S,5,Yes,11,UPI,136298,48,10,FALSE,TRUE,FALSE,TRUE,FALSE,FALSE,FALSE
3005,38,Male,Laptop,Home Decor,60.48,M,4,Yes,0,PayPal,118678,9,8,FALSE,TRUE,FALSE,FALSE,TRUE,FALSE,FALSE
3006,22,Female,Phone,Home Decor,45.19,S,5,No,12,Cash,68800,22,19,FALSE,TRUE,FALSE,FALSE,TRUE,FALSE,FALSE
3007,19,Male,Bag,Home Decor,56.2,L,2,No,7,Cash,132446,40,3,FALSE,FALSE,TRUE,FALSE,FALSE,FALSE,TRUE
3008,39,Male,Bag,Clothing,295.61,S,3,Yes,11,Cash,54883,52,16,FALSE,FALSE,TRUE,FALSE,TRUE,FALSE,FALSE
3009,19,Female,Laptop,Sports,35.31,L,3,No,4,Debit Card,115816,3,6,FALSE,FALSE,TRUE,FALSE,FALSE,FALSE,TRUE
3010,27,Female,Curtains,Accessories,175.09,XL,1,No,5,Cash,113390,57,16,TRUE,FALSE,FALSE,FALSE,FALSE,TRUE,FALSE
3011,51,Male,Shoes,Sports,379.07,S,2,No,3,PayPal,130110,72,16,FALSE,FALSE,TRUE,TRUE,FALSE,FALSE,FALSE
3012,33,Female,Curtains,Accessories,154.23,S,1,No,14,Credit Card,111845,44,19,TRUE,FALSE,FALSE,FALSE,FALSE,FALSE,TRUE
3013,56,Male,Phone,Accessories,384.02,XL,3,Yes,12,Credit Card,36247,87,2,FALSE,TRUE,FALSE,TRUE,FALSE,FALSE,FALSE
3014,39,Male,Curtains,Home Decor,375.28,XL,1,No,7,PayPal,67772,91,17,FALSE,TRUE,FALSE,TRUE,FALSE,FALSE,FALSE
3015,29,Male,Football,Electronics,130.46,M,4,No,11,Credit Card,59203,19,11,FALSE,FALSE,TRUE,TRUE,FALSE,FALSE,FALSE
3016,41,Female,Laptop,Home Decor,367.12,XL,2,No,8,UPI,35118,57,12,TRUE,FALSE,FALSE,FALSE,FALSE,TRUE,FALSE
3017,64,Female,Phone,Clothing,376.41,M,5,No,8,Credit Card,51048,10,19,FALSE,FALSE,TRUE,FALSE,FALSE,TRUE,FALSE
3018,57,Male,Phone,Accessories,204.75,XL,4,No,0,Debit Card,55685,7,1,FALSE,FALSE,TRUE,FALSE,FALSE,FALSE,TRUE
3019,55,Male,Watch,Electronics,113.11,L,5,No,13,Cash,135720,98,9,FALSE,TRUE,FALSE,FALSE,TRUE,FALSE,FALSE
3020,27,Female,Phone,Accessories,265.42,S,1,Yes,6,Credit Card,84389,9,16,TRUE,FALSE,FALSE,FALSE,FALSE,TRUE,FALSE
3021,52,Female,Watch,Accessories,461.48,XL,3,No,3,Credit Card,47831,21,12,FALSE,TRUE,FALSE,FALSE,TRUE,FALSE,FALSE
3022,49,Female,T-Shirt,Home Decor,323.41,L,4,No,12,Debit Card,91190,89,16,FALSE,TRUE,FALSE,FALSE,FALSE,TRUE,FALSE
3023,24,Male,Bag,Electronics,94.73,XL,2,No,12,Debit Card,102510,73,8,FALSE,FALSE,TRUE,TRUE,FALSE,FALSE,FALSE
3024,38,Female,Watch,Electronics,344.55,S,5,No,9,Credit Card,89665,48,8,FALSE,FALSE,TRUE,TRUE,FALSE,FALSE,FALSE
3025,37,Female,Laptop,Accessories,219.33,XL,4,Yes,10,UPI,46208,19,1,FALSE,TRUE,FALSE,FALSE,FALSE,FALSE,TRUE
3026,43,Male,Curtains,Electronics,299.85,XL,3,Yes,7,Credit Card,71640,92,1,TRUE,FALSE,FALSE,FALSE,FALSE,FALSE,TRUE
3027,21,Male,Watch,Electronics,369.69,S,2,No,14,UPI,105402,65,3,FALSE,FALSE,TRUE,TRUE,FALSE,FALSE,FALSE
3028,63,Male,Phone,Home Decor,262.32,XL,2,No,6,Cash,140929,24,12,TRUE,FALSE,FALSE,FALSE,FALSE,TRUE,FALSE
3029,39,Female,Laptop,Sports,408.85,S,5,No,0,PayPal,66718,50,7,FALSE,FALSE,TRUE,FALSE,TRUE,FALSE,FALSE
3030,32,Male,Watch,Clothing,363.86,M,4,No,0,Cash,56794,47,8,FALSE,TRUE,FALSE,FALSE,FALSE,FALSE,TRUE
3031,57,Male,Watch,Sports,311.39,XL,4,Yes,0,Credit Card,110086,18,18,TRUE,FALSE,FALSE,TRUE,FALSE,FALSE,FALSE
3032,38,Male,Phone,Electronics,83.89,L,2,No,1,Credit Card,71034,72,4,FALSE,FALSE,TRUE,FALSE,FALSE,TRUE,FALSE
3033,32,Male,Football,Accessories,419.62,XL,1,Yes,9,UPI,41512,59,16,FALSE,FALSE,TRUE,FALSE,FALSE,TRUE,FALSE
3034,39,Female,Football,Clothing,468.59,S,2,Yes,1,Debit Card,65694,46,13,TRUE,FALSE,FALSE,FALSE,TRUE,FALSE,FALSE
3035,45,Male,Watch,Clothing,77.11,S,3,No,8,UPI,127496,75,3,FALSE,TRUE,FALSE,FALSE,TRUE,FALSE,FALSE
3036,31,Female,Football,Accessories,249.24,L,4,No,4,Debit Card,74648,97,19,FALSE,FALSE,TRUE,TRUE,FALSE,FALSE,FALSE
3037,44,Female,Shoes,Clothing,136.86,L,5,Yes,0,Debit Card,129146,95,19,FALSE,FALSE,TRUE,TRUE,FALSE,FALSE,FALSE
3038,58,Female,Phone,Accessories,379.72,S,4,No,6,Debit Card,136348,84,17,FALSE,TRUE,FALSE,FALSE,FALSE,FALSE,TRUE
3039,57,Male,Shoes,Clothing,363.6,M,2,Yes,9,Debit Card,127169,61,15,FALSE,TRUE,FALSE,FALSE,FALSE,FALSE,TRUE
3040,45,Female,Laptop,Sports,79.03,M,3,No,1,Credit Card,99540,75,2,FALSE,FALSE,TRUE,FALSE,FALSE,FALSE,TRUE
3041,43,Male,Shoes,Clothing,439.74,S,1,No,2,PayPal,76426,2,18,FALSE,FALSE,TRUE,TRUE,FALSE,FALSE,FALSE
3042,19,Male,Laptop,Home Decor,98.68,M,4,No,3,PayPal,74074,23,8,FALSE,FALSE,TRUE,FALSE,TRUE,FALSE,FALSE
3043,42,Male,Watch,Accessories,400.66,L,2,No,2,Cash,91814,55,3,FALSE,TRUE,FALSE,FALSE,FALSE,FALSE,TRUE
3044,20,Female,Laptop,Clothing,233.92,M,2,Yes,2,Cash,139356,60,4,TRUE,FALSE,FALSE,FALSE,TRUE,FALSE,FALSE
3045,25,Male,Laptop,Accessories,170.85,L,2,No,8,Cash,30874,91,13,FALSE,TRUE,FALSE,FALSE,TRUE,FALSE,FALSE
3046,61,Male,Curtains,Home Decor,87.54,XL,3,No,11,UPI,112744,3,17,TRUE,FALSE,FALSE,FALSE,TRUE,FALSE,FALSE
3047,50,Male,Shoes,Clothing,92.13,L,2,No,14,Cash,20250,22,2,TRUE,FALSE,FALSE,FALSE,FALSE,TRUE,FALSE
3048,59,Female,Curtains,Clothing,334.33,XL,2,Yes,3,Cash,78912,18,11,TRUE,FALSE,FALSE,TRUE,FALSE,FALSE,FALSE
3049,52,Female,Watch,Home Decor,279.71,L,2,No,7,Cash,114825,59,9,TRUE,FALSE,FALSE,TRUE,FALSE,FALSE,FALSE
3050,23,Female,Phone,Home Decor,69.82,L,4,Yes,0,Credit Card,141652,43,18,TRUE,FALSE,FALSE,FALSE,FALSE,FALSE,TRUE
3051,56,Male,Shoes,Home Decor,65.22,M,2,Yes,12,Cash,44584,69,15,TRUE,FALSE,FALSE,TRUE,FALSE,FALSE,FALSE
3052,40,Female,Phone,Accessories,45.43,L,3,No,5,PayPal,76560,33,9,FALSE,FALSE,TRUE,FALSE,TRUE,FALSE,FALSE
3053,42,Male,Phone,Home Decor,374.45,S,4,Yes,14,Credit Card,33138,57,17,FALSE,TRUE,FALSE,TRUE,FALSE,FALSE,FALSE
3054,60,Male,Laptop,Accessories,358.82,XL,2,No,0,Debit Card,102407,94,11,TRUE,FALSE,FALSE,FALSE,TRUE,FALSE,FALSE
3055,36,Female,Bag,Sports,38.63,XL,1,No,4,UPI,109867,35,4,FALSE,FALSE,TRUE,FALSE,FALSE,TRUE,FALSE
3056,22,Male,Shoes,Clothing,284.53,L,3,No,6,Credit Card,95347,1,13,FALSE,FALSE,TRUE,FALSE,FALSE,FALSE,TRUE
3057,28,Female,Phone,Clothing,51.49,S,1,Yes,12,Credit Card,107826,46,14,TRUE,FALSE,FALSE,FALSE,TRUE,FALSE,FALSE
3058,29,Male,Bag,Electronics,452.84,L,3,Yes,11,PayPal,143442,46,17,FALSE,TRUE,FALSE,FALSE,TRUE,FALSE,FALSE
3059,27,Female,Football,Sports,454.49,L,1,Yes,0,Cash,86229,36,12,FALSE,FALSE,TRUE,FALSE,FALSE,FALSE,TRUE
3060,25,Male,Phone,Home Decor,352.13,M,2,No,8,Debit Card,49585,91,19,FALSE,FALSE,TRUE,TRUE,FALSE,FALSE,FALSE
3061,41,Male,Football,Home Decor,463.83,L,1,No,11,PayPal,64752,35,1,TRUE,FALSE,FALSE,FALSE,FALSE,TRUE,FALSE
3062,45,Male,Shoes,Sports,407.61,L,1,Yes,10,PayPal,76753,69,17,FALSE,FALSE,TRUE,FALSE,FALSE,TRUE,FALSE
3063,58,Male,Watch,Home Decor,415.98,M,3,Yes,8,Credit Card,148019,37,11,FALSE,TRUE,FALSE,FALSE,TRUE,FALSE,FALSE
3064,53,Male,Curtains,Electronics,289.16,M,2,No,5,Debit Card,70128,50,15,FALSE,FALSE,TRUE,FALSE,FALSE,FALSE,TRUE
3065,54,Female,Shoes,Accessories,159.97,S,3,Yes,14,PayPal,96584,58,3,FALSE,TRUE,FALSE,FALSE,FALSE,TRUE,FALSE
3066,38,Male,Curtains,Clothing,116.72,M,2,No,13,UPI,87389,47,2,FALSE,TRUE,FALSE,FALSE,TRUE,FALSE,FALSE
3067,25,Female,Curtains,Sports,170.33,XL,5,No,1,UPI,137326,85,10,FALSE,TRUE,FALSE,FALSE,FALSE,FALSE,TRUE
3068,26,Female,Shoes,Clothing,317.96,XL,4,Yes,1,PayPal,36341,40,13,FALSE,FALSE,TRUE,TRUE,FALSE,FALSE,FALSE
3069,64,Female,Phone,Accessories,94.6,S,4,No,8,Credit Card,86513,69,19,FALSE,FALSE,TRUE,FALSE,TRUE,FALSE,FALSE
3070,32,Male,T-Shirt,Sports,136.73,L,3,No,12,UPI,67512,55,20,FALSE,FALSE,TRUE,FALSE,FALSE,FALSE,TRUE
3071,63,Male,Phone,Accessories,239.35,S,2,Yes,13,Credit Card,29842,27,20,TRUE,FALSE,FALSE,FALSE,TRUE,FALSE,FALSE
3072,57,Male,Phone,Home Decor,124.19,M,1,Yes,13,Cash,115135,67,13,FALSE,FALSE,TRUE,FALSE,FALSE,TRUE,FALSE
3073,35,Female,Watch,Home Decor,298.44,L,4,Yes,3,Cash,36111,89,19,TRUE,FALSE,FALSE,FALSE,FALSE,FALSE,TRUE
3074,59,Male,Laptop,Home Decor,462.36,S,3,No,14,Credit Card,113891,94,20,FALSE,FALSE,TRUE,FALSE,TRUE,FALSE,FALSE
3075,37,Male,Laptop,Accessories,376.56,S,3,No,5,PayPal,117863,39,19,FALSE,TRUE,FALSE,FALSE,FALSE,TRUE,FALSE
3076,23,Female,Phone,Accessories,336.55,XL,3,Yes,12,Cash,122128,37,11,FALSE,FALSE,TRUE,FALSE,FALSE,TRUE,FALSE
3077,29,Female,Football,Accessories,295.53,S,2,No,9,Cash,129721,91,12,FALSE,FALSE,TRUE,FALSE,FALSE,FALSE,TRUE
3078,19,Female,Watch,Clothing,249.09,L,3,Yes,1,UPI,118100,15,12,FALSE,TRUE,FALSE,FALSE,FALSE,FALSE,TRUE
3079,24,Female,Curtains,Accessories,101.42,S,5,No,14,PayPal,77889,70,6,FALSE,FALSE,TRUE,FALSE,FALSE,FALSE,TRUE
3080,33,Female,Bag,Home Decor,448.41,S,1,No,3,Credit Card,28023,71,10,FALSE,TRUE,FALSE,TRUE,FALSE,FALSE,FALSE
3081,20,Female,Laptop,Electronics,131.78,M,3,No,1,Cash,26697,42,8,TRUE,FALSE,FALSE,FALSE,FALSE,TRUE,FALSE
3082,62,Male,Phone,Accessories,54.74,S,2,No,14,PayPal,119153,5,6,FALSE,FALSE,TRUE,FALSE,FALSE,FALSE,TRUE
3083,20,Female,Watch,Electronics,377.51,L,1,No,2,Cash,90316,62,6,FALSE,FALSE,TRUE,FALSE,TRUE,FALSE,FALSE
3084,44,Male,T-Shirt,Home Decor,96.05,XL,1,Yes,1,UPI,33699,3,5,FALSE,FALSE,TRUE,FALSE,FALSE,TRUE,FALSE
3085,60,Male,Football,Accessories,192.23,XL,4,Yes,13,PayPal,110315,76,7,TRUE,FALSE,FALSE,FALSE,FALSE,FALSE,TRUE
3086,57,Male,Shoes,Clothing,23.86,XL,3,No,7,Debit Card,129877,84,6,FALSE,TRUE,FALSE,FALSE,FALSE,TRUE,FALSE
3087,55,Female,Phone,Clothing,77.16,XL,3,Yes,4,UPI,75145,80,16,TRUE,FALSE,FALSE,FALSE,FALSE,TRUE,FALSE
3088,50,Male,Watch,Electronics,94.87,M,2,Yes,4,Credit Card,129050,82,5,FALSE,TRUE,FALSE,TRUE,FALSE,FALSE,FALSE
3089,45,Female,Phone,Clothing,36.66,L,5,No,7,PayPal,53820,64,7,FALSE,TRUE,FALSE,FALSE,TRUE,FALSE,FALSE
3090,18,Female,Bag,Clothing,331.76,M,5,No,10,Cash,57073,85,7,FALSE,FALSE,TRUE,FALSE,TRUE,FALSE,FALSE
3091,25,Male,Curtains,Clothing,420.13,XL,4,No,14,PayPal,84772,44,18,FALSE,TRUE,FALSE,FALSE,TRUE,FALSE,FALSE
3092,54,Female,Football,Home Decor,192.92,M,5,Yes,7,Credit Card,93608,9,6,FALSE,TRUE,FALSE,TRUE,FALSE,FALSE,FALSE
3093,49,Male,Laptop,Clothing,438.54,S,2,Yes,12,PayPal,86217,45,17,TRUE,FALSE,FALSE,FALSE,TRUE,FALSE,FALSE
3094,60,Male,Laptop,Sports,114.54,L,4,Yes,6,Cash,89025,29,8,TRUE,FALSE,FALSE,FALSE,FALSE,FALSE,TRUE
3095,54,Female,Laptop,Accessories,169.44,S,3,No,4,UPI,37274,26,15,TRUE,FALSE,FALSE,FALSE,FALSE,TRUE,FALSE
3096,21,Male,Bag,Clothing,83.86,M,5,No,6,UPI,32123,92,9,FALSE,FALSE,TRUE,FALSE,FALSE,FALSE,TRUE
3097,47,Male,Shoes,Clothing,314.07,S,2,No,12,Cash,47796,58,20,FALSE,FALSE,TRUE,FALSE,TRUE,FALSE,FALSE
3098,23,Male,Watch,Clothing,215.74,M,2,No,0,Debit Card,99798,38,19,FALSE,TRUE,FALSE,TRUE,FALSE,FALSE,FALSE
3099,63,Female,Football,Sports,310.51,M,3,No,2,Debit Card,99664,23,11,FALSE,TRUE,FALSE,FALSE,FALSE,TRUE,FALSE
3100,36,Male,Football,Clothing,383.22,L,2,Yes,14,UPI,61426,21,3,FALSE,FALSE,TRUE,TRUE,FALSE,FALSE,FALSE
3101,49,Female,Laptop,Clothing,277.39,L,4,Yes,2,Credit Card,102962,8,4,FALSE,FALSE,TRUE,FALSE,FALSE,FALSE,TRUE
3102,26,Female,Laptop,Accessories,317.54,L,4,Yes,1,PayPal,24869,26,6,FALSE,TRUE,FALSE,TRUE,FALSE,FALSE,FALSE
3103,29,Male,Curtains,Sports,468.27,XL,1,No,5,Cash,39642,71,8,FALSE,TRUE,FALSE,FALSE,FALSE,TRUE,FALSE
3104,28,Male,Bag,Sports,156.54,L,3,No,2,Credit Card,134728,35,11,FALSE,TRUE,FALSE,FALSE,TRUE,FALSE,FALSE
3105,63,Female,T-Shirt,Clothing,185.99,S,2,Yes,14,PayPal,123339,51,14,TRUE,FALSE,FALSE,FALSE,FALSE,FALSE,TRUE
3106,33,Female,T-Shirt,Sports,361.67,L,5,Yes,3,UPI,120584,62,13,FALSE,TRUE,FALSE,TRUE,FALSE,FALSE,FALSE
3107,18,Male,Phone,Electronics,309.54,L,4,No,2,Cash,56159,23,12,FALSE,TRUE,FALSE,FALSE,FALSE,FALSE,TRUE
3108,62,Male,Phone,Sports,97.48,L,3,Yes,6,Credit Card,73196,55,14,TRUE,FALSE,FALSE,FALSE,FALSE,FALSE,TRUE
3109,38,Female,Football,Sports,194.31,M,3,No,3,PayPal,120851,31,6,FALSE,TRUE,FALSE,FALSE,FALSE,TRUE,FALSE
3110,47,Female,Football,Sports,239.24,M,4,Yes,4,UPI,88707,15,17,FALSE,FALSE,TRUE,FALSE,FALSE,TRUE,FALSE
3111,30,Female,Shoes,Home Decor,215.5,L,1,Yes,13,UPI,47310,12,9,FALSE,FALSE,TRUE,FALSE,FALSE,FALSE,TRUE
3112,51,Female,Shoes,Home Decor,97.35,M,3,Yes,6,PayPal,68469,56,11,TRUE,FALSE,FALSE,FALSE,FALSE,TRUE,FALSE
3113,21,Female,T-Shirt,Home Decor,462.97,M,2,Yes,3,Debit Card,37998,57,20,FALSE,TRUE,FALSE,FALSE,FALSE,TRUE,FALSE
3114,45,Male,Bag,Sports,383.54,XL,5,No,13,Debit Card,58483,12,16,TRUE,FALSE,FALSE,TRUE,FALSE,FALSE,FALSE
3115,55,Female,Phone,Electronics,245.86,S,5,No,5,PayPal,49935,19,18,TRUE,FALSE,FALSE,TRUE,FALSE,FALSE,FALSE
3116,48,Female,T-Shirt,Sports,343.23,M,4,No,8,PayPal,33647,58,10,TRUE,FALSE,FALSE,FALSE,FALSE,TRUE,FALSE
3117,44,Male,Bag,Clothing,449.67,S,3,Yes,14,PayPal,22520,9,10,FALSE,TRUE,FALSE,FALSE,TRUE,FALSE,FALSE
3118,22,Male,T-Shirt,Electronics,76.73,M,5,No,5,UPI,99591,94,14,FALSE,TRUE,FALSE,FALSE,FALSE,FALSE,TRUE
3119,42,Female,Phone,Home Decor,132.68,L,3,Yes,4,Cash,114346,44,12,FALSE,FALSE,TRUE,FALSE,TRUE,FALSE,FALSE
3120,20,Female,Watch,Accessories,275.92,M,4,No,14,UPI,141905,54,16,FALSE,FALSE,TRUE,FALSE,FALSE,FALSE,TRUE
3121,50,Male,Shoes,Electronics,401.52,M,1,Yes,14,UPI,140564,36,7,TRUE,FALSE,FALSE,TRUE,FALSE,FALSE,FALSE
3122,21,Female,Curtains,Home Decor,27.76,S,5,No,11,Debit Card,127618,85,14,TRUE,FALSE,FALSE,FALSE,FALSE,FALSE,TRUE
3123,42,Female,Curtains,Electronics,492.17,L,2,No,13,PayPal,24384,51,8,TRUE,FALSE,FALSE,FALSE,FALSE,TRUE,FALSE
3124,37,Male,Curtains,Electronics,232.9,XL,4,Yes,12,UPI,126844,48,10,FALSE,TRUE,FALSE,TRUE,FALSE,FALSE,FALSE
3125,51,Female,Phone,Sports,186.02,S,1,No,0,UPI,20161,42,10,FALSE,FALSE,TRUE,FALSE,TRUE,FALSE,FALSE
3126,43,Male,Laptop,Clothing,153.43,L,2,Yes,7,PayPal,47182,34,19,TRUE,FALSE,FALSE,FALSE,FALSE,FALSE,TRUE
3127,22,Male,Laptop,Accessories,95.43,L,2,Yes,4,Cash,38891,77,12,FALSE,TRUE,FALSE,FALSE,FALSE,FALSE,TRUE
3128,52,Male,Laptop,Home Decor,397.87,S,5,Yes,4,Debit Card,93232,66,17,FALSE,TRUE,FALSE,FALSE,FALSE,TRUE,FALSE
3129,45,Male,Football,Electronics,478.15,M,3,No,2,Credit Card,118583,64,17,FALSE,TRUE,FALSE,FALSE,TRUE,FALSE,FALSE
3130,46,Female,Shoes,Accessories,212.69,L,4,No,9,UPI,20331,38,11,FALSE,FALSE,TRUE,FALSE,FALSE,FALSE,TRUE
3131,26,Male,Shoes,Electronics,476.69,XL,2,No,11,Cash,81736,37,8,FALSE,TRUE,FALSE,FALSE,FALSE,FALSE,TRUE
3132,55,Female,Watch,Clothing,413.66,M,5,No,1,Credit Card,103241,68,14,FALSE,TRUE,FALSE,FALSE,FALSE,FALSE,TRUE
3133,23,Female,Watch,Accessories,245.72,S,1,No,0,PayPal,49188,6,17,TRUE,FALSE,FALSE,FALSE,FALSE,FALSE,TRUE
3134,36,Female,Football,Home Decor,340.27,S,2,Yes,8,Credit Card,107449,28,10,TRUE,FALSE,FALSE,TRUE,FALSE,FALSE,FALSE
3135,61,Female,T-Shirt,Electronics,223.14,S,1,No,4,PayPal,141964,13,3,TRUE,FALSE,FALSE,TRUE,FALSE,FALSE,FALSE
3136,28,Female,Bag,Clothing,283.77,S,4,No,9,Cash,105428,83,2,FALSE,TRUE,FALSE,FALSE,FALSE,TRUE,FALSE
3137,19,Male,Watch,Accessories,38.44,XL,5,No,11,Credit Card,110637,28,14,FALSE,FALSE,TRUE,FALSE,FALSE,TRUE,FALSE
3138,64,Male,Curtains,Electronics,351.17,XL,1,Yes,14,Debit Card,79262,58,17,TRUE,FALSE,FALSE,TRUE,FALSE,FALSE,FALSE
3139,61,Male,Laptop,Electronics,35.88,L,3,Yes,3,Cash,75420,5,18,FALSE,FALSE,TRUE,TRUE,FALSE,FALSE,FALSE
3140,61,Male,Curtains,Home Decor,410.37,XL,1,Yes,6,Credit Card,93005,36,5,FALSE,FALSE,TRUE,FALSE,FALSE,FALSE,TRUE
3141,26,Female,Laptop,Clothing,414.22,S,1,Yes,12,UPI,128488,74,19,TRUE,FALSE,FALSE,TRUE,FALSE,FALSE,FALSE
3142,38,Male,Curtains,Sports,126.17,XL,5,No,3,Credit Card,36757,64,7,FALSE,FALSE,TRUE,FALSE,FALSE,FALSE,TRUE
3143,41,Female,T-Shirt,Electronics,168.59,M,5,Yes,10,Credit Card,38616,36,15,FALSE,FALSE,TRUE,FALSE,FALSE,TRUE,FALSE
3144,51,Female,Bag,Accessories,245.84,M,2,No,14,Debit Card,66774,20,10,FALSE,FALSE,TRUE,FALSE,TRUE,FALSE,FALSE
3145,39,Male,Curtains,Home Decor,302.36,L,1,No,1,Cash,119999,57,14,TRUE,FALSE,FALSE,FALSE,FALSE,TRUE,FALSE
3146,20,Male,Curtains,Home Decor,150.8,S,1,No,8,UPI,144727,77,6,TRUE,FALSE,FALSE,TRUE,FALSE,FALSE,FALSE
3147,29,Male,Phone,Electronics,300.32,XL,5,Yes,7,Cash,85370,14,12,FALSE,FALSE,TRUE,FALSE,TRUE,FALSE,FALSE
3148,45,Male,Bag,Electronics,155.92,L,3,No,11,Cash,119282,65,16,FALSE,TRUE,FALSE,TRUE,FALSE,FALSE,FALSE
3149,47,Female,Curtains,Electronics,37.19,L,5,Yes,14,UPI,81693,87,16,FALSE,TRUE,FALSE,FALSE,FALSE,TRUE,FALSE
3150,43,Female,Phone,Sports,11.24,XL,3,Yes,3,UPI,147815,3,16,FALSE,TRUE,FALSE,FALSE,FALSE,FALSE,TRUE
3151,38,Male,Shoes,Electronics,59.56,L,5,Yes,7,Debit Card,139586,62,6,TRUE,FALSE,FALSE,FALSE,TRUE,FALSE,FALSE
3152,45,Female,Bag,Clothing,398.2,S,4,Yes,11,PayPal,26917,79,1,TRUE,FALSE,FALSE,FALSE,FALSE,FALSE,TRUE
3153,43,Female,Football,Accessories,481.1,XL,1,Yes,12,Debit Card,44250,78,7,TRUE,FALSE,FALSE,FALSE,TRUE,FALSE,FALSE
3154,50,Female,Bag,Electronics,219.21,M,3,Yes,8,UPI,84980,96,7,FALSE,TRUE,FALSE,FALSE,FALSE,TRUE,FALSE
3155,38,Male,Bag,Sports,261.22,M,4,Yes,14,Credit Card,70252,46,12,TRUE,FALSE,FALSE,TRUE,FALSE,FALSE,FALSE
3156,52,Female,Curtains,Accessories,81.96,XL,3,No,1,Credit Card,95645,25,5,FALSE,TRUE,FALSE,FALSE,FALSE,TRUE,FALSE
3157,51,Male,Shoes,Home Decor,280.01,L,2,Yes,3,Cash,71591,76,3,FALSE,FALSE,TRUE,FALSE,FALSE,TRUE,FALSE
3158,58,Male,Bag,Electronics,80.88,L,2,No,10,Cash,60377,26,19,TRUE,FALSE,FALSE,FALSE,FALSE,TRUE,FALSE
3159,64,Female,Watch,Accessories,309.5,M,1,Yes,5,PayPal,74327,10,13,TRUE,FALSE,FALSE,TRUE,FALSE,FALSE,FALSE
3160,35,Female,Watch,Home Decor,467.3,M,4,No,6,PayPal,109579,79,12,TRUE,FALSE,FALSE,FALSE,TRUE,FALSE,FALSE
3161,28,Male,Phone,Sports,105.89,S,4,No,4,PayPal,47688,10,6,TRUE,FALSE,FALSE,FALSE,TRUE,FALSE,FALSE
3162,40,Female,Curtains,Clothing,384.64,L,2,No,9,PayPal,112980,90,4,FALSE,FALSE,TRUE,FALSE,FALSE,TRUE,FALSE
3163,39,Female,Curtains,Electronics,21.52,S,1,No,11,Credit Card,47354,64,3,TRUE,FALSE,FALSE,TRUE,FALSE,FALSE,FALSE
3164,34,Male,Bag,Clothing,193.99,M,2,Yes,9,UPI,89647,50,8,TRUE,FALSE,FALSE,FALSE,FALSE,TRUE,FALSE
3165,22,Male,T-Shirt,Sports,64.27,M,4,No,12,PayPal,43176,42,7,TRUE,FALSE,FALSE,FALSE,FALSE,TRUE,FALSE
3166,61,Male,Shoes,Accessories,182.71,M,3,Yes,6,Debit Card,80743,21,1,FALSE,TRUE,FALSE,TRUE,FALSE,FALSE,FALSE
3167,28,Male,Laptop,Accessories,95.03,M,4,Yes,13,PayPal,52194,76,7,TRUE,FALSE,FALSE,FALSE,FALSE,TRUE,FALSE
3168,47,Female,Laptop,Sports,192.92,S,1,Yes,10,Credit Card,37190,49,3,FALSE,TRUE,FALSE,FALSE,FALSE,TRUE,FALSE
3169,32,Female,T-Shirt,Sports,214.59,M,4,No,14,Cash,85147,29,13,FALSE,FALSE,TRUE,FALSE,FALSE,FALSE,TRUE
3170,44,Male,Phone,Electronics,157.29,XL,5,Yes,3,Debit Card,68263,8,19,FALSE,FALSE,TRUE,FALSE,TRUE,FALSE,FALSE
3171,52,Male,Laptop,Home Decor,331.74,L,4,No,7,PayPal,56725,63,12,TRUE,FALSE,FALSE,FALSE,TRUE,FALSE,FALSE
3172,50,Male,Bag,Clothing,460.24,M,5,Yes,2,Credit Card,142443,21,7,FALSE,TRUE,FALSE,FALSE,FALSE,FALSE,TRUE
3173,37,Female,Laptop,Clothing,206.29,L,2,No,12,Cash,124661,89,13,FALSE,TRUE,FALSE,FALSE,FALSE,TRUE,FALSE
3174,33,Male,Watch,Accessories,104.25,M,5,Yes,2,PayPal,37123,74,12,FALSE,FALSE,TRUE,FALSE,TRUE,FALSE,FALSE
3175,51,Female,Watch,Accessories,142.65,S,4,No,4,Credit Card,73648,48,19,FALSE,TRUE,FALSE,FALSE,FALSE,TRUE,FALSE
3176,19,Male,Football,Electronics,428.46,L,4,No,5,Credit Card,135609,10,10,TRUE,FALSE,FALSE,FALSE,FALSE,TRUE,FALSE
3177,52,Male,Shoes,Sports,290.1,S,4,Yes,2,UPI,124597,67,3,FALSE,FALSE,TRUE,FALSE,FALSE,TRUE,FALSE
3178,57,Male,Phone,Clothing,232.96,M,1,Yes,9,Credit Card,30432,12,10,FALSE,TRUE,FALSE,TRUE,FALSE,FALSE,FALSE
3179,45,Female,Curtains,Electronics,83.32,XL,2,No,14,PayPal,101019,9,15,FALSE,FALSE,TRUE,TRUE,FALSE,FALSE,FALSE
3180,64,Female,Shoes,Accessories,230.37,XL,5,No,1,Credit Card,85505,31,16,FALSE,FALSE,TRUE,FALSE,FALSE,FALSE,TRUE
3181,56,Female,Phone,Accessories,146.46,XL,3,No,4,Debit Card,56130,8,2,FALSE,FALSE,TRUE,FALSE,FALSE,FALSE,TRUE
3182,23,Male,Laptop,Clothing,472.15,XL,5,No,9,Credit Card,25803,96,6,TRUE,FALSE,FALSE,TRUE,FALSE,FALSE,FALSE
3183,26,Female,Football,Accessories,443.19,XL,4,No,5,Credit Card,123491,29,19,FALSE,FALSE,TRUE,FALSE,TRUE,FALSE,FALSE
3184,37,Female,Shoes,Accessories,51.11,S,3,No,2,Debit Card,54545,7,14,TRUE,FALSE,FALSE,FALSE,FALSE,TRUE,FALSE
3185,18,Male,Laptop,Home Decor,263.16,XL,3,Yes,6,PayPal,112074,3,5,FALSE,FALSE,TRUE,FALSE,FALSE,TRUE,FALSE
3186,25,Male,Phone,Sports,120.28,M,5,Yes,2,Cash,73064,50,1,FALSE,FALSE,TRUE,FALSE,FALSE,FALSE,TRUE
3187,40,Female,Shoes,Accessories,211.28,S,5,No,14,UPI,40846,41,5,TRUE,FALSE,FALSE,FALSE,FALSE,TRUE,FALSE
3188,20,Female,Curtains,Home Decor,439.66,S,5,Yes,11,Cash,49301,52,10,TRUE,FALSE,FALSE,TRUE,FALSE,FALSE,FALSE
3189,21,Female,Shoes,Electronics,268.48,XL,5,No,12,PayPal,80087,100,13,FALSE,FALSE,TRUE,TRUE,FALSE,FALSE,FALSE
3190,42,Female,Laptop,Accessories,173.77,L,2,Yes,1,PayPal,67813,42,16,FALSE,FALSE,TRUE,FALSE,TRUE,FALSE,FALSE
3191,64,Male,Bag,Electronics,111.87,M,1,No,13,Debit Card,128536,98,9,FALSE,TRUE,FALSE,TRUE,FALSE,FALSE,FALSE
3192,55,Male,Bag,Accessories,402.16,S,1,No,12,Cash,80170,33,8,TRUE,FALSE,FALSE,FALSE,FALSE,FALSE,TRUE
3193,32,Male,Shoes,Clothing,316.01,M,5,Yes,9,Credit Card,43992,61,17,TRUE,FALSE,FALSE,TRUE,FALSE,FALSE,FALSE
3194,38,Female,Curtains,Home Decor,239.35,L,1,Yes,3,Debit Card,125744,12,5,FALSE,FALSE,TRUE,FALSE,TRUE,FALSE,FALSE
3195,52,Female,Football,Home Decor,116.57,S,5,Yes,2,Debit Card,132482,88,6,FALSE,FALSE,TRUE,FALSE,FALSE,TRUE,FALSE
3196,63,Male,Football,Clothing,173.78,M,5,No,6,UPI,91341,31,4,FALSE,TRUE,FALSE,TRUE,FALSE,FALSE,FALSE
3197,31,Male,Bag,Sports,480.32,XL,5,Yes,7,Debit Card,75549,8,9,TRUE,FALSE,FALSE,FALSE,TRUE,FALSE,FALSE
3198,53,Female,Laptop,Home Decor,264.84,S,2,No,2,Cash,62137,48,11,FALSE,TRUE,FALSE,FALSE,FALSE,FALSE,TRUE
3199,29,Female,Phone,Electronics,206.34,S,4,Yes,5,PayPal,96836,38,20,TRUE,FALSE,FALSE,FALSE,FALSE,TRUE,FALSE
3200,34,Male,Laptop,Home Decor,265.5,S,1,Yes,0,UPI,129625,12,8,FALSE,FALSE,TRUE,FALSE,FALSE,TRUE,FALSE
3201,56,Male,Football,Sports,391.7,S,1,Yes,4,Credit Card,88267,71,18,FALSE,FALSE,TRUE,TRUE,FALSE,FALSE,FALSE
3202,26,Male,T-Shirt,Electronics,176.65,XL,2,No,1,Cash,144189,42,12,TRUE,FALSE,FALSE,FALSE,FALSE,FALSE,TRUE
3203,52,Female,T-Shirt,Electronics,97.57,L,2,No,0,Credit Card,57071,46,20,FALSE,TRUE,FALSE,FALSE,FALSE,TRUE,FALSE
3204,30,Female,Shoes,Clothing,296.62,L,5,Yes,12,Debit Card,118970,36,8,TRUE,FALSE,FALSE,FALSE,FALSE,FALSE,TRUE
3205,32,Female,Curtains,Accessories,335.95,M,5,No,6,Cash,39844,68,18,FALSE,FALSE,TRUE,FALSE,FALSE,TRUE,FALSE
3206,35,Female,Bag,Clothing,359.23,XL,4,No,9,UPI,44945,79,10,FALSE,TRUE,FALSE,TRUE,FALSE,FALSE,FALSE
3207,50,Female,Watch,Accessories,442.17,XL,1,Yes,3,UPI,77376,67,14,FALSE,FALSE,TRUE,FALSE,FALSE,FALSE,TRUE
3208,23,Female,Watch,Clothing,191.88,M,2,Yes,4,Credit Card,92894,63,3,TRUE,FALSE,FALSE,FALSE,TRUE,FALSE,FALSE
3209,44,Male,Watch,Accessories,46.92,XL,4,Yes,1,PayPal,80140,87,10,TRUE,FALSE,FALSE,FALSE,FALSE,FALSE,TRUE
3210,40,Male,Shoes,Home Decor,479.59,XL,1,Yes,7,UPI,77453,33,8,FALSE,TRUE,FALSE,FALSE,FALSE,TRUE,FALSE
3211,44,Female,T-Shirt,Electronics,223.16,S,4,No,14,Credit Card,97332,17,3,FALSE,TRUE,FALSE,FALSE,FALSE,FALSE,TRUE
3212,51,Male,Football,Accessories,315.4,S,4,Yes,10,PayPal,109744,21,20,TRUE,FALSE,FALSE,FALSE,TRUE,FALSE,FALSE
3213,63,Female,Shoes,Home Decor,336.49,S,5,No,12,Cash,63083,22,13,TRUE,FALSE,FALSE,FALSE,FALSE,FALSE,TRUE
3214,55,Male,Watch,Sports,277.79,XL,4,Yes,9,UPI,31163,80,15,FALSE,FALSE,TRUE,FALSE,TRUE,FALSE,FALSE
3215,31,Female,Watch,Clothing,110.58,XL,5,Yes,13,UPI,114252,31,1,FALSE,FALSE,TRUE,FALSE,TRUE,FALSE,FALSE
3216,53,Male,Bag,Sports,380.02,L,1,Yes,2,Credit Card,126920,2,10,TRUE,FALSE,FALSE,FALSE,TRUE,FALSE,FALSE
3217,25,Male,Laptop,Home Decor,403.84,S,1,Yes,6,UPI,116593,18,1,FALSE,FALSE,TRUE,FALSE,FALSE,TRUE,FALSE
3218,52,Female,Watch,Sports,280.96,M,5,Yes,10,Credit Card,40070,29,4,TRUE,FALSE,FALSE,FALSE,FALSE,TRUE,FALSE
3219,36,Female,Curtains,Sports,249.39,XL,3,Yes,0,UPI,120085,56,10,FALSE,TRUE,FALSE,TRUE,FALSE,FALSE,FALSE
3220,47,Male,Watch,Home Decor,65.83,S,4,No,9,Credit Card,140135,3,1,FALSE,FALSE,TRUE,TRUE,FALSE,FALSE,FALSE
3221,31,Male,Laptop,Electronics,51.14,L,1,No,0,UPI,45185,68,17,FALSE,TRUE,FALSE,FALSE,FALSE,TRUE,FALSE
3222,37,Female,Watch,Accessories,176.39,S,4,No,13,Cash,147096,53,14,FALSE,TRUE,FALSE,FALSE,FALSE,FALSE,TRUE
3223,42,Male,Curtains,Clothing,162.31,L,3,No,6,Cash,46381,75,11,TRUE,FALSE,FALSE,FALSE,TRUE,FALSE,FALSE
3224,57,Female,Football,Accessories,477.29,L,4,No,0,Credit Card,24075,8,8,TRUE,FALSE,FALSE,FALSE,FALSE,FALSE,TRUE
3225,41,Female,Shoes,Clothing,393.98,XL,3,No,11,Cash,43786,30,3,TRUE,FALSE,FALSE,FALSE,TRUE,FALSE,FALSE
3226,31,Male,Curtains,Accessories,333.36,L,2,No,8,Credit Card,32670,80,16,FALSE,TRUE,FALSE,FALSE,FALSE,FALSE,TRUE
3227,43,Female,Laptop,Sports,263.65,L,3,Yes,8,Credit Card,40613,91,1,FALSE,TRUE,FALSE,FALSE,TRUE,FALSE,FALSE
3228,55,Male,Shoes,Electronics,92.01,M,1,No,7,Debit Card,83329,11,9,FALSE,TRUE,FALSE,FALSE,TRUE,FALSE,FALSE
3229,40,Male,Shoes,Sports,489.44,L,5,Yes,7,Cash,41122,22,3,FALSE,FALSE,TRUE,TRUE,FALSE,FALSE,FALSE
3230,39,Female,Laptop,Electronics,193.77,M,5,No,14,Debit Card,133003,14,1,FALSE,TRUE,FALSE,FALSE,FALSE,FALSE,TRUE
3231,36,Male,Bag,Home Decor,62.39,M,4,No,3,Debit Card,88932,24,1,FALSE,TRUE,FALSE,FALSE,TRUE,FALSE,FALSE
3232,63,Female,T-Shirt,Clothing,251.96,S,2,Yes,3,UPI,125660,5,1,FALSE,TRUE,FALSE,FALSE,FALSE,FALSE,TRUE
3233,20,Female,Watch,Clothing,438.26,S,4,Yes,4,Credit Card,42490,71,18,FALSE,FALSE,TRUE,FALSE,FALSE,TRUE,FALSE
3234,59,Female,Curtains,Home Decor,444.77,XL,3,Yes,8,PayPal,85609,73,15,TRUE,FALSE,FALSE,FALSE,TRUE,FALSE,FALSE
3235,36,Male,Laptop,Accessories,15.37,XL,5,Yes,2,Debit Card,33150,93,19,FALSE,TRUE,FALSE,FALSE,FALSE,TRUE,FALSE
3236,26,Female,Football,Home Decor,444.28,XL,3,Yes,3,UPI,132806,32,2,FALSE,FALSE,TRUE,FALSE,FALSE,TRUE,FALSE
3237,45,Male,Phone,Home Decor,143.03,L,5,No,9,Cash,142149,96,8,TRUE,FALSE,FALSE,FALSE,FALSE,FALSE,TRUE
3238,37,Female,Laptop,Electronics,29.1,S,5,Yes,4,PayPal,114164,43,5,TRUE,FALSE,FALSE,FALSE,FALSE,TRUE,FALSE
3239,62,Female,Watch,Home Decor,425.42,L,5,Yes,6,Credit Card,71392,76,9,FALSE,FALSE,TRUE,FALSE,FALSE,TRUE,FALSE
3240,24,Female,Watch,Clothing,433.29,S,1,Yes,4,UPI,122448,35,19,TRUE,FALSE,FALSE,FALSE,FALSE,TRUE,FALSE
3241,31,Male,Shoes,Sports,302.15,L,3,No,8,PayPal,25692,7,1,TRUE,FALSE,FALSE,FALSE,FALSE,TRUE,FALSE
3242,26,Male,Shoes,Electronics,291.47,XL,4,Yes,5,Credit Card,64807,85,17,FALSE,FALSE,TRUE,FALSE,FALSE,TRUE,FALSE
3243,36,Female,Laptop,Electronics,408.43,S,2,Yes,2,Credit Card,124234,71,10,FALSE,TRUE,FALSE,FALSE,FALSE,TRUE,FALSE
3244,64,Female,Phone,Accessories,395.29,S,4,Yes,5,PayPal,81328,44,7,FALSE,FALSE,TRUE,TRUE,FALSE,FALSE,FALSE
3245,31,Male,Bag,Sports,446.15,M,3,No,5,UPI,57737,49,17,FALSE,TRUE,FALSE,FALSE,FALSE,FALSE,TRUE
3246,55,Male,Laptop,Electronics,280.85,S,2,Yes,14,PayPal,135586,98,12,TRUE,FALSE,FALSE,TRUE,FALSE,FALSE,FALSE
3247,53,Male,Phone,Home Decor,484.15,S,4,No,11,Debit Card,105982,8,7,TRUE,FALSE,FALSE,FALSE,FALSE,FALSE,TRUE
3248,57,Female,Bag,Electronics,498.11,L,2,No,9,Credit Card,51975,58,3,FALSE,TRUE,FALSE,FALSE,TRUE,FALSE,FALSE
3249,34,Male,Phone,Electronics,67.11,XL,3,Yes,0,Cash,147175,68,19,FALSE,TRUE,FALSE,TRUE,FALSE,FALSE,FALSE
3250,47,Female,Watch,Electronics,426.28,M,5,No,6,PayPal,96164,24,17,TRUE,FALSE,FALSE,TRUE,FALSE,FALSE,FALSE
3251,26,Male,Watch,Accessories,254.91,L,3,No,2,PayPal,49954,61,1,TRUE,FALSE,FALSE,FALSE,FALSE,TRUE,FALSE
3252,50,Female,Watch,Electronics,199.91,S,1,No,0,Credit Card,110872,19,8,FALSE,TRUE,FALSE,TRUE,FALSE,FALSE,FALSE
3253,42,Female,Football,Electronics,310.41,L,2,No,0,Credit Card,72009,71,3,FALSE,TRUE,FALSE,FALSE,TRUE,FALSE,FALSE
3254,31,Female,Watch,Accessories,37.42,XL,3,No,4,PayPal,122578,61,13,TRUE,FALSE,FALSE,FALSE,FALSE,FALSE,TRUE
3255,28,Male,Curtains,Sports,258.17,M,5,No,13,Cash,116570,33,10,FALSE,TRUE,FALSE,FALSE,TRUE,FALSE,FALSE
3256,52,Male,Shoes,Clothing,436.74,L,5,Yes,9,Credit Card,66497,94,2,TRUE,FALSE,FALSE,TRUE,FALSE,FALSE,FALSE
3257,58,Male,Shoes,Accessories,114.6,S,3,No,9,Credit Card,141635,34,17,TRUE,FALSE,FALSE,TRUE,FALSE,FALSE,FALSE
3258,31,Female,Phone,Accessories,218.93,L,4,No,1,Debit Card,148681,63,9,FALSE,TRUE,FALSE,FALSE,FALSE,FALSE,TRUE
3259,47,Female,Shoes,Electronics,470.35,S,3,Yes,1,UPI,126938,8,14,TRUE,FALSE,FALSE,FALSE,FALSE,FALSE,TRUE
3260,58,Male,T-Shirt,Electronics,220,M,5,No,11,Debit Card,73861,53,2,TRUE,FALSE,FALSE,FALSE,FALSE,FALSE,TRUE
3261,21,Female,Bag,Clothing,185.6,M,3,Yes,3,Cash,35798,76,8,FALSE,FALSE,TRUE,FALSE,FALSE,TRUE,FALSE
3262,21,Female,Phone,Electronics,225.86,L,1,Yes,9,UPI,24070,66,18,FALSE,TRUE,FALSE,TRUE,FALSE,FALSE,FALSE
3263,45,Female,Shoes,Home Decor,264.53,M,4,No,14,PayPal,140956,14,3,FALSE,FALSE,TRUE,TRUE,FALSE,FALSE,FALSE
3264,25,Male,T-Shirt,Electronics,319.68,XL,3,No,10,Cash,53533,79,18,FALSE,FALSE,TRUE,FALSE,TRUE,FALSE,FALSE
3265,19,Female,Bag,Electronics,402.34,L,5,No,11,Cash,25790,89,15,FALSE,FALSE,TRUE,FALSE,FALSE,TRUE,FALSE
3266,58,Male,Football,Home Decor,231.53,S,3,Yes,11,Debit Card,97705,23,4,TRUE,FALSE,FALSE,TRUE,FALSE,FALSE,FALSE
3267,63,Male,Shoes,Clothing,410.57,L,3,No,14,UPI,67432,20,13,FALSE,TRUE,FALSE,FALSE,TRUE,FALSE,FALSE
3268,39,Male,T-Shirt,Home Decor,271.52,S,2,Yes,14,Cash,143622,30,16,FALSE,TRUE,FALSE,FALSE,FALSE,FALSE,TRUE
3269,58,Male,Laptop,Accessories,175.86,M,3,No,6,UPI,76443,11,1,TRUE,FALSE,FALSE,FALSE,FALSE,FALSE,TRUE
3270,33,Male,Curtains,Home Decor,332.4,S,1,No,7,PayPal,131872,26,17,FALSE,FALSE,TRUE,TRUE,FALSE,FALSE,FALSE
3271,46,Female,Laptop,Sports,361.68,S,5,No,10,UPI,30121,19,19,FALSE,TRUE,FALSE,FALSE,FALSE,FALSE,TRUE
3272,47,Male,T-Shirt,Accessories,283.44,S,2,Yes,9,Debit Card,132221,3,19,TRUE,FALSE,FALSE,FALSE,FALSE,FALSE,TRUE
3273,29,Male,Phone,Electronics,37.74,S,3,Yes,6,Debit Card,41058,53,19,FALSE,TRUE,FALSE,FALSE,FALSE,FALSE,TRUE
3274,52,Male,Watch,Accessories,93.24,XL,4,No,8,Cash,46235,81,11,FALSE,TRUE,FALSE,FALSE,FALSE,TRUE,FALSE
3275,28,Female,Watch,Clothing,149.8,S,1,Yes,6,UPI,78343,40,17,TRUE,FALSE,FALSE,FALSE,TRUE,FALSE,FALSE
3276,63,Female,Watch,Clothing,148.49,L,1,No,3,Debit Card,46264,86,14,TRUE,FALSE,FALSE,FALSE,FALSE,TRUE,FALSE
3277,38,Female,Bag,Home Decor,339.98,XL,1,Yes,8,Credit Card,143608,28,16,TRUE,FALSE,FALSE,FALSE,FALSE,FALSE,TRUE
3278,38,Female,Phone,Accessories,18.99,S,2,Yes,8,Debit Card,71312,46,16,FALSE,FALSE,TRUE,FALSE,TRUE,FALSE,FALSE
3279,22,Male,Bag,Electronics,380.28,S,3,No,2,PayPal,145344,41,16,FALSE,FALSE,TRUE,FALSE,TRUE,FALSE,FALSE
3280,37,Male,Shoes,Clothing,140.02,S,1,No,9,Credit Card,135728,46,8,FALSE,FALSE,TRUE,FALSE,TRUE,FALSE,FALSE
3281,54,Female,Watch,Electronics,161.91,XL,3,Yes,13,UPI,88394,3,6,FALSE,TRUE,FALSE,TRUE,FALSE,FALSE,FALSE
3282,20,Female,Laptop,Sports,268.68,S,4,Yes,7,Cash,33899,44,4,FALSE,FALSE,TRUE,FALSE,FALSE,TRUE,FALSE
3283,61,Female,Phone,Clothing,115.8,S,3,Yes,0,Credit Card,42189,45,14,FALSE,FALSE,TRUE,FALSE,TRUE,FALSE,FALSE
3284,50,Female,Phone,Home Decor,443.39,S,3,No,1,Debit Card,79156,94,1,FALSE,TRUE,FALSE,FALSE,FALSE,TRUE,FALSE
3285,26,Male,Watch,Sports,51.83,M,3,No,7,Cash,84612,50,5,TRUE,FALSE,FALSE,TRUE,FALSE,FALSE,FALSE
3286,26,Female,Laptop,Accessories,227.75,L,5,Yes,12,Cash,50739,98,17,FALSE,TRUE,FALSE,FALSE,FALSE,TRUE,FALSE
3287,21,Female,Football,Electronics,426.22,S,2,No,7,Cash,54690,20,15,FALSE,FALSE,TRUE,FALSE,TRUE,FALSE,FALSE
3288,52,Female,Phone,Clothing,311.76,L,3,Yes,5,Cash,89404,76,17,TRUE,FALSE,FALSE,FALSE,FALSE,TRUE,FALSE
3289,34,Female,Watch,Sports,153.24,M,1,No,7,UPI,50924,41,6,TRUE,FALSE,FALSE,FALSE,FALSE,FALSE,TRUE
3290,51,Female,Curtains,Sports,216.17,M,5,No,13,UPI,138947,36,5,TRUE,FALSE,FALSE,FALSE,TRUE,FALSE,FALSE
3291,41,Female,T-Shirt,Clothing,356.28,S,3,Yes,13,UPI,131253,39,1,FALSE,TRUE,FALSE,FALSE,TRUE,FALSE,FALSE
3292,49,Female,Bag,Accessories,486.9,L,5,No,7,Debit Card,57796,64,14,FALSE,TRUE,FALSE,FALSE,FALSE,FALSE,TRUE
3293,18,Male,Shoes,Accessories,447.64,XL,2,Yes,1,UPI,21953,99,11,FALSE,FALSE,TRUE,FALSE,FALSE,TRUE,FALSE
3294,25,Male,Phone,Home Decor,177.79,S,5,No,2,Cash,98866,9,6,TRUE,FALSE,FALSE,FALSE,TRUE,FALSE,FALSE
3295,62,Male,Curtains,Accessories,499.12,XL,1,Yes,6,Credit Card,64765,78,17,TRUE,FALSE,FALSE,FALSE,FALSE,FALSE,TRUE
3296,40,Male,Curtains,Home Decor,11.72,M,3,No,2,Credit Card,95412,8,2,FALSE,FALSE,TRUE,FALSE,FALSE,FALSE,TRUE
3297,64,Male,Phone,Sports,23.54,M,1,No,12,Credit Card,141053,20,8,TRUE,FALSE,FALSE,FALSE,FALSE,TRUE,FALSE
3298,57,Male,Football,Clothing,413.68,L,4,No,14,Credit Card,37589,84,10,FALSE,FALSE,TRUE,FALSE,FALSE,FALSE,TRUE
3299,29,Female,T-Shirt,Accessories,107.74,XL,5,Yes,14,Credit Card,108299,90,9,FALSE,FALSE,TRUE,TRUE,FALSE,FALSE,FALSE
3300,29,Female,Shoes,Home Decor,39.78,XL,5,Yes,10,PayPal,25425,55,11,TRUE,FALSE,FALSE,TRUE,FALSE,FALSE,FALSE
3301,63,Male,Phone,Sports,126.2,S,5,No,1,Credit Card,49709,5,12,FALSE,TRUE,FALSE,FALSE,FALSE,FALSE,TRUE
3302,64,Female,Bag,Accessories,218.79,L,2,No,5,Credit Card,111485,40,18,FALSE,FALSE,TRUE,TRUE,FALSE,FALSE,FALSE
3303,32,Male,Shoes,Electronics,367.98,L,1,Yes,1,Credit Card,117357,60,3,FALSE,TRUE,FALSE,FALSE,FALSE,TRUE,FALSE
3304,58,Female,Laptop,Sports,315.92,XL,4,Yes,13,Debit Card,120074,81,8,TRUE,FALSE,FALSE,FALSE,FALSE,FALSE,TRUE
3305,36,Female,Curtains,Accessories,126.43,M,2,No,1,PayPal,46544,81,2,FALSE,FALSE,TRUE,FALSE,FALSE,FALSE,TRUE
3306,43,Female,Curtains,Sports,256.6,L,2,No,14,Credit Card,95456,65,2,FALSE,FALSE,TRUE,FALSE,FALSE,FALSE,TRUE
3307,46,Female,Phone,Clothing,463.84,M,3,Yes,10,UPI,84280,44,6,TRUE,FALSE,FALSE,FALSE,FALSE,TRUE,FALSE
3308,39,Female,Phone,Clothing,409.35,S,4,Yes,1,Debit Card,146205,73,4,FALSE,TRUE,FALSE,FALSE,FALSE,TRUE,FALSE
3309,57,Female,Bag,Clothing,168.36,L,5,Yes,3,PayPal,143208,50,14,FALSE,FALSE,TRUE,FALSE,TRUE,FALSE,FALSE
3310,38,Male,Laptop,Electronics,491.31,L,5,No,13,UPI,118710,69,14,TRUE,FALSE,FALSE,FALSE,FALSE,FALSE,TRUE
3311,55,Male,Football,Clothing,357.22,S,3,No,6,UPI,27654,87,6,TRUE,FALSE,FALSE,FALSE,FALSE,FALSE,TRUE
3312,37,Female,Phone,Electronics,40.6,L,5,Yes,14,Debit Card,40724,82,19,FALSE,FALSE,TRUE,FALSE,FALSE,FALSE,TRUE
3313,46,Male,Curtains,Clothing,27.23,XL,1,Yes,5,UPI,37802,74,15,FALSE,TRUE,FALSE,FALSE,FALSE,TRUE,FALSE
3314,21,Female,Shoes,Sports,92.52,XL,5,No,4,Cash,112862,60,8,FALSE,FALSE,TRUE,TRUE,FALSE,FALSE,FALSE
3315,24,Male,T-Shirt,Accessories,366.65,S,1,No,3,Debit Card,117742,5,11,FALSE,TRUE,FALSE,FALSE,TRUE,FALSE,FALSE
3316,45,Female,Watch,Accessories,100.03,M,3,No,1,Debit Card,107391,14,9,FALSE,FALSE,TRUE,FALSE,FALSE,FALSE,TRUE
3317,45,Male,Shoes,Clothing,260.63,M,3,No,10,Cash,59416,73,11,FALSE,FALSE,TRUE,FALSE,TRUE,FALSE,FALSE
3318,21,Female,Football,Accessories,55.7,L,1,Yes,7,Debit Card,46906,58,9,FALSE,TRUE,FALSE,FALSE,FALSE,FALSE,TRUE
3319,39,Male,T-Shirt,Clothing,461.23,M,5,No,12,UPI,147484,1,11,TRUE,FALSE,FALSE,FALSE,TRUE,FALSE,FALSE
3320,29,Female,Shoes,Clothing,178.54,M,3,No,11,UPI,106991,59,9,TRUE,FALSE,FALSE,FALSE,TRUE,FALSE,FALSE
3321,62,Male,Shoes,Home Decor,454.98,S,3,No,1,UPI,132001,13,3,TRUE,FALSE,FALSE,TRUE,FALSE,FALSE,FALSE
3322,20,Female,Laptop,Home Decor,472.99,M,1,Yes,14,Cash,140297,45,18,FALSE,TRUE,FALSE,FALSE,FALSE,FALSE,TRUE
3323,39,Female,Watch,Home Decor,13,M,3,Yes,14,UPI,86224,71,17,FALSE,TRUE,FALSE,FALSE,TRUE,FALSE,FALSE
3324,61,Female,Bag,Electronics,237.43,M,5,Yes,10,Cash,66010,29,1,TRUE,FALSE,FALSE,FALSE,TRUE,FALSE,FALSE
3325,19,Male,Football,Home Decor,22.08,XL,3,No,7,Cash,114542,75,13,FALSE,FALSE,TRUE,FALSE,FALSE,FALSE,TRUE
3326,41,Male,Curtains,Clothing,455.26,XL,1,No,9,Cash,66612,4,1,FALSE,FALSE,TRUE,TRUE,FALSE,FALSE,FALSE
3327,51,Male,Laptop,Sports,264.02,S,5,No,13,Debit Card,118989,67,17,TRUE,FALSE,FALSE,FALSE,TRUE,FALSE,FALSE
3328,44,Female,T-Shirt,Home Decor,46.72,L,4,No,3,PayPal,67828,85,4,TRUE,FALSE,FALSE,TRUE,FALSE,FALSE,FALSE
3329,58,Male,Watch,Home Decor,64.04,S,1,Yes,11,Cash,38689,10,8,FALSE,FALSE,TRUE,TRUE,FALSE,FALSE,FALSE
3330,18,Female,Curtains,Sports,197.92,L,4,No,4,UPI,64458,58,9,TRUE,FALSE,FALSE,FALSE,FALSE,TRUE,FALSE
3331,25,Male,Laptop,Clothing,470.71,L,3,Yes,14,Cash,144832,83,20,FALSE,TRUE,FALSE,FALSE,FALSE,FALSE,TRUE
3332,40,Male,Watch,Electronics,349.53,M,5,No,10,Credit Card,101854,84,4,TRUE,FALSE,FALSE,TRUE,FALSE,FALSE,FALSE
3333,55,Male,Bag,Home Decor,435.13,M,3,No,0,Debit Card,34939,78,12,FALSE,TRUE,FALSE,TRUE,FALSE,FALSE,FALSE
3334,23,Male,Football,Sports,189.56,S,5,No,1,UPI,119211,83,3,TRUE,FALSE,FALSE,FALSE,TRUE,FALSE,FALSE
3335,39,Female,Phone,Clothing,31.17,S,2,No,10,Debit Card,116593,72,4,TRUE,FALSE,FALSE,FALSE,FALSE,FALSE,TRUE
3336,42,Male,Bag,Accessories,487.42,S,3,No,7,Debit Card,137941,56,13,TRUE,FALSE,FALSE,FALSE,FALSE,TRUE,FALSE
3337,35,Male,Phone,Electronics,18.41,XL,3,No,0,Credit Card,50324,4,7,FALSE,TRUE,FALSE,FALSE,FALSE,TRUE,FALSE
3338,34,Female,T-Shirt,Sports,474.35,XL,3,Yes,2,Cash,53282,48,18,FALSE,TRUE,FALSE,TRUE,FALSE,FALSE,FALSE
3339,29,Female,Phone,Sports,190.65,XL,1,Yes,1,UPI,72210,11,18,FALSE,FALSE,TRUE,FALSE,FALSE,TRUE,FALSE
3340,23,Male,Laptop,Sports,14.94,XL,5,Yes,9,PayPal,49985,89,13,FALSE,TRUE,FALSE,FALSE,TRUE,FALSE,FALSE
3341,43,Male,T-Shirt,Home Decor,347.69,XL,5,Yes,4,Debit Card,93603,58,13,FALSE,FALSE,TRUE,FALSE,TRUE,FALSE,FALSE
3342,44,Female,Curtains,Accessories,490.46,M,5,Yes,11,PayPal,97519,27,20,FALSE,FALSE,TRUE,FALSE,FALSE,FALSE,TRUE
3343,25,Female,Bag,Electronics,483.16,L,1,No,3,PayPal,135774,16,15,FALSE,TRUE,FALSE,FALSE,TRUE,FALSE,FALSE
3344,36,Female,Bag,Clothing,88.86,XL,5,No,3,Cash,60617,44,16,FALSE,TRUE,FALSE,FALSE,TRUE,FALSE,FALSE
3345,59,Male,Football,Clothing,98.81,S,3,Yes,12,PayPal,82917,99,7,FALSE,FALSE,TRUE,FALSE,FALSE,TRUE,FALSE
3346,18,Male,T-Shirt,Accessories,287.11,L,4,No,3,UPI,99861,57,3,FALSE,FALSE,TRUE,FALSE,FALSE,FALSE,TRUE
3347,46,Male,Curtains,Sports,322.28,XL,2,No,10,Cash,111785,40,9,FALSE,TRUE,FALSE,FALSE,FALSE,FALSE,TRUE
3348,62,Female,Bag,Sports,372.31,XL,5,No,3,PayPal,32674,87,8,TRUE,FALSE,FALSE,FALSE,FALSE,FALSE,TRUE
3349,52,Female,T-Shirt,Sports,98.71,M,1,No,3,Cash,77340,1,11,FALSE,TRUE,FALSE,FALSE,FALSE,FALSE,TRUE
3350,57,Female,Shoes,Sports,479.91,M,1,Yes,5,UPI,29973,70,4,FALSE,FALSE,TRUE,FALSE,FALSE,TRUE,FALSE
3351,31,Male,Shoes,Sports,322.98,M,5,No,1,Debit Card,66410,86,15,FALSE,TRUE,FALSE,FALSE,TRUE,FALSE,FALSE
3352,52,Female,T-Shirt,Accessories,425.05,XL,4,Yes,12,Credit Card,67024,25,9,FALSE,FALSE,TRUE,TRUE,FALSE,FALSE,FALSE
3353,62,Male,Bag,Home Decor,274.63,M,5,Yes,12,Cash,96804,99,19,FALSE,TRUE,FALSE,FALSE,TRUE,FALSE,FALSE
3354,37,Female,Watch,Electronics,213,XL,1,No,14,Credit Card,83163,10,13,FALSE,FALSE,TRUE,FALSE,FALSE,FALSE,TRUE
3355,30,Male,Phone,Sports,488.82,L,2,No,3,Debit Card,137511,68,5,TRUE,FALSE,FALSE,FALSE,TRUE,FALSE,FALSE
3356,55,Male,Shoes,Home Decor,295.24,L,4,No,13,UPI,20914,54,11,FALSE,FALSE,TRUE,FALSE,FALSE,TRUE,FALSE
3357,63,Female,Watch,Clothing,434.77,XL,5,Yes,6,Debit Card,64818,27,14,TRUE,FALSE,FALSE,FALSE,TRUE,FALSE,FALSE
3358,25,Male,Watch,Accessories,477.11,S,2,No,6,Credit Card,36958,66,13,FALSE,FALSE,TRUE,FALSE,FALSE,TRUE,FALSE
3359,60,Female,Football,Home Decor,340.92,XL,5,Yes,0,UPI,112637,9,8,TRUE,FALSE,FALSE,FALSE,FALSE,TRUE,FALSE
3360,37,Male,Curtains,Sports,278.98,L,4,No,9,PayPal,65584,74,13,TRUE,FALSE,FALSE,FALSE,FALSE,FALSE,TRUE
3361,50,Female,Laptop,Sports,11.72,L,1,Yes,11,PayPal,54047,73,16,TRUE,FALSE,FALSE,FALSE,FALSE,FALSE,TRUE
3362,43,Female,Shoes,Sports,29.61,XL,4,Yes,8,Cash,38042,5,3,FALSE,TRUE,FALSE,TRUE,FALSE,FALSE,FALSE
3363,56,Male,T-Shirt,Home Decor,108.42,XL,3,Yes,6,PayPal,122837,2,17,TRUE,FALSE,FALSE,FALSE,FALSE,TRUE,FALSE
3364,38,Female,Phone,Sports,101.14,XL,5,Yes,10,Credit Card,142053,15,17,TRUE,FALSE,FALSE,TRUE,FALSE,FALSE,FALSE
3365,59,Male,Laptop,Home Decor,134.83,L,2,Yes,5,PayPal,70399,15,2,FALSE,FALSE,TRUE,FALSE,FALSE,TRUE,FALSE
3366,60,Female,Curtains,Sports,159.42,S,2,Yes,13,Cash,47466,10,8,FALSE,TRUE,FALSE,FALSE,FALSE,TRUE,FALSE
3367,58,Female,Watch,Clothing,186.43,XL,4,Yes,1,UPI,32881,14,2,FALSE,TRUE,FALSE,TRUE,FALSE,FALSE,FALSE
3368,26,Female,Curtains,Clothing,216.06,L,4,No,5,PayPal,139604,95,8,FALSE,FALSE,TRUE,TRUE,FALSE,FALSE,FALSE
3369,41,Female,Bag,Electronics,58.44,XL,4,Yes,4,Cash,93612,28,4,FALSE,TRUE,FALSE,FALSE,FALSE,FALSE,TRUE
3370,54,Male,Shoes,Sports,30.76,L,2,No,8,PayPal,143596,30,16,FALSE,TRUE,FALSE,FALSE,TRUE,FALSE,FALSE
3371,58,Female,Curtains,Sports,340.23,XL,1,No,11,PayPal,88332,70,1,FALSE,FALSE,TRUE,FALSE,FALSE,FALSE,TRUE
3372,34,Female,Curtains,Home Decor,273.29,L,2,No,0,Credit Card,38781,20,10,TRUE,FALSE,FALSE,FALSE,FALSE,FALSE,TRUE
3373,41,Male,Phone,Home Decor,227.63,XL,1,Yes,4,Cash,93915,92,16,FALSE,TRUE,FALSE,FALSE,FALSE,FALSE,TRUE
3374,38,Male,Bag,Sports,320.88,M,4,Yes,2,Cash,130430,73,2,TRUE,FALSE,FALSE,TRUE,FALSE,FALSE,FALSE
3375,56,Male,Bag,Electronics,415.56,XL,3,No,8,Debit Card,27273,2,15,TRUE,FALSE,FALSE,TRUE,FALSE,FALSE,FALSE
3376,58,Male,Watch,Sports,219.57,L,2,Yes,11,Debit Card,65295,93,10,TRUE,FALSE,FALSE,FALSE,TRUE,FALSE,FALSE
3377,56,Male,Phone,Home Decor,324.15,XL,4,Yes,0,Cash,122539,1,3,FALSE,FALSE,TRUE,TRUE,FALSE,FALSE,FALSE
3378,30,Male,Phone,Sports,477.25,S,2,No,5,Credit Card,131248,64,6,FALSE,FALSE,TRUE,FALSE,FALSE,TRUE,FALSE
3379,28,Female,T-Shirt,Home Decor,421.42,XL,4,No,2,PayPal,102324,40,12,TRUE,FALSE,FALSE,FALSE,TRUE,FALSE,FALSE
3380,63,Male,Curtains,Sports,218.74,XL,2,No,0,UPI,88210,60,10,TRUE,FALSE,FALSE,FALSE,FALSE,TRUE,FALSE
3381,36,Female,Curtains,Accessories,325.91,XL,5,No,10,PayPal,126845,34,12,FALSE,TRUE,FALSE,FALSE,FALSE,TRUE,FALSE
3382,28,Male,Bag,Home Decor,96.76,S,2,No,14,UPI,20675,68,17,FALSE,TRUE,FALSE,FALSE,TRUE,FALSE,FALSE
3383,30,Female,Curtains,Electronics,284.66,S,5,No,2,Credit Card,134979,46,8,FALSE,TRUE,FALSE,FALSE,TRUE,FALSE,FALSE
3384,63,Female,Football,Accessories,490.85,S,1,No,14,Debit Card,73479,86,1,TRUE,FALSE,FALSE,TRUE,FALSE,FALSE,FALSE
3385,62,Female,Phone,Sports,263.97,M,2,Yes,1,Cash,27583,4,2,FALSE,TRUE,FALSE,FALSE,TRUE,FALSE,FALSE
3386,18,Male,Laptop,Home Decor,464.54,S,1,Yes,9,Credit Card,50434,63,1,FALSE,TRUE,FALSE,TRUE,FALSE,FALSE,FALSE
3387,57,Male,Bag,Accessories,209.59,M,3,Yes,11,UPI,79704,64,11,FALSE,TRUE,FALSE,FALSE,FALSE,FALSE,TRUE
3388,61,Male,Shoes,Electronics,499.43,XL,5,No,11,Cash,51015,53,15,TRUE,FALSE,FALSE,FALSE,TRUE,FALSE,FALSE
3389,36,Male,Bag,Home Decor,293.82,M,2,Yes,11,UPI,76616,94,13,FALSE,FALSE,TRUE,FALSE,TRUE,FALSE,FALSE
3390,29,Female,Watch,Accessories,30.71,XL,1,No,7,PayPal,47820,76,20,TRUE,FALSE,FALSE,TRUE,FALSE,FALSE,FALSE
3391,25,Male,Laptop,Accessories,297.51,M,4,No,2,PayPal,75121,49,18,TRUE,FALSE,FALSE,FALSE,FALSE,TRUE,FALSE
3392,25,Female,Watch,Accessories,144.54,S,1,No,10,PayPal,103690,32,20,FALSE,FALSE,TRUE,FALSE,FALSE,FALSE,TRUE
3393,62,Female,T-Shirt,Clothing,25.92,S,2,Yes,6,Cash,73310,15,14,FALSE,TRUE,FALSE,FALSE,TRUE,FALSE,FALSE
3394,29,Male,T-Shirt,Sports,412.22,M,3,No,9,Debit Card,50708,36,2,FALSE,FALSE,TRUE,FALSE,TRUE,FALSE,FALSE
3395,50,Male,Watch,Home Decor,145.11,M,5,No,5,Debit Card,95851,96,2,FALSE,FALSE,TRUE,FALSE,TRUE,FALSE,FALSE
3396,62,Male,Curtains,Home Decor,400.31,S,4,No,14,UPI,144140,53,14,FALSE,TRUE,FALSE,TRUE,FALSE,FALSE,FALSE
3397,43,Female,Laptop,Home Decor,151.23,XL,1,Yes,6,Debit Card,26873,6,16,FALSE,FALSE,TRUE,FALSE,FALSE,FALSE,TRUE
3398,56,Male,Curtains,Accessories,105.22,XL,2,Yes,10,Debit Card,21176,81,19,FALSE,TRUE,FALSE,TRUE,FALSE,FALSE,FALSE
3399,45,Female,Bag,Sports,487.23,XL,2,No,6,UPI,147701,67,17,TRUE,FALSE,FALSE,FALSE,FALSE,TRUE,FALSE
3400,22,Male,Football,Electronics,187.21,XL,5,No,9,UPI,114638,90,2,TRUE,FALSE,FALSE,FALSE,TRUE,FALSE,FALSE
3401,25,Female,T-Shirt,Home Decor,304.67,L,4,No,0,UPI,120450,86,11,TRUE,FALSE,FALSE,TRUE,FALSE,FALSE,FALSE
3402,42,Male,T-Shirt,Sports,308.89,XL,1,Yes,3,Cash,98127,15,15,TRUE,FALSE,FALSE,FALSE,TRUE,FALSE,FALSE
3403,44,Male,Laptop,Sports,284.63,L,1,No,3,UPI,47613,73,9,TRUE,FALSE,FALSE,FALSE,FALSE,TRUE,FALSE
3404,63,Female,T-Shirt,Clothing,458.2,L,1,No,4,Cash,113683,38,6,TRUE,FALSE,FALSE,FALSE,FALSE,FALSE,TRUE
3405,40,Male,Football,Home Decor,340.48,S,5,Yes,13,Cash,108834,81,9,FALSE,FALSE,TRUE,FALSE,FALSE,FALSE,TRUE
3406,47,Male,Football,Accessories,207.83,S,5,Yes,9,Cash,105720,54,10,FALSE,TRUE,FALSE,TRUE,FALSE,FALSE,FALSE
3407,62,Male,Football,Sports,432.57,M,4,Yes,4,UPI,120625,68,7,FALSE,TRUE,FALSE,FALSE,TRUE,FALSE,FALSE
3408,64,Male,Shoes,Sports,98.72,XL,1,Yes,7,Debit Card,20155,68,4,FALSE,TRUE,FALSE,FALSE,FALSE,TRUE,FALSE
3409,40,Male,Football,Electronics,276.68,XL,1,Yes,3,Debit Card,43886,28,11,FALSE,FALSE,TRUE,FALSE,FALSE,FALSE,TRUE
3410,64,Male,Football,Clothing,475.77,S,4,Yes,12,UPI,117152,17,2,FALSE,TRUE,FALSE,FALSE,FALSE,TRUE,FALSE
3411,37,Male,Shoes,Sports,316.44,S,4,No,0,Debit Card,70746,68,14,FALSE,FALSE,TRUE,FALSE,TRUE,FALSE,FALSE
3412,35,Female,Curtains,Sports,410.31,S,4,Yes,14,UPI,82081,64,9,FALSE,TRUE,FALSE,FALSE,TRUE,FALSE,FALSE
3413,35,Female,Bag,Accessories,330.24,M,2,Yes,4,Cash,36845,78,1,TRUE,FALSE,FALSE,FALSE,FALSE,TRUE,FALSE
3414,19,Male,Phone,Accessories,421.29,XL,4,No,0,PayPal,73896,4,6,TRUE,FALSE,FALSE,FALSE,TRUE,FALSE,FALSE
3415,21,Male,T-Shirt,Electronics,472.8,M,3,No,11,Credit Card,136911,80,17,FALSE,FALSE,TRUE,FALSE,FALSE,TRUE,FALSE
3416,47,Male,Football,Electronics,143.73,L,5,No,2,UPI,105575,51,9,FALSE,TRUE,FALSE,FALSE,FALSE,TRUE,FALSE
3417,50,Female,T-Shirt,Electronics,93.13,L,4,Yes,14,Cash,134445,62,2,FALSE,TRUE,FALSE,FALSE,FALSE,FALSE,TRUE
3418,53,Female,Laptop,Accessories,247.16,XL,2,Yes,7,PayPal,43806,72,20,FALSE,FALSE,TRUE,FALSE,TRUE,FALSE,FALSE
3419,35,Male,T-Shirt,Accessories,353.91,S,3,Yes,9,Cash,136196,77,13,FALSE,FALSE,TRUE,FALSE,FALSE,FALSE,TRUE
3420,54,Female,Watch,Clothing,121.32,S,2,Yes,14,Credit Card,129129,9,12,FALSE,TRUE,FALSE,FALSE,FALSE,FALSE,TRUE
3421,36,Male,Curtains,Home Decor,12.01,M,2,Yes,4,Debit Card,84677,7,10,FALSE,TRUE,FALSE,TRUE,FALSE,FALSE,FALSE
3422,64,Male,Bag,Home Decor,178.04,L,2,No,6,Debit Card,87279,93,11,FALSE,TRUE,FALSE,TRUE,FALSE,FALSE,FALSE
3423,45,Male,Shoes,Clothing,484.74,L,2,No,13,Cash,87231,98,8,TRUE,FALSE,FALSE,FALSE,FALSE,TRUE,FALSE
3424,57,Male,T-Shirt,Home Decor,350.53,XL,1,Yes,0,Credit Card,66298,51,20,FALSE,FALSE,TRUE,TRUE,FALSE,FALSE,FALSE
3425,37,Female,T-Shirt,Accessories,206.65,L,5,Yes,5,Cash,36486,76,2,FALSE,FALSE,TRUE,FALSE,FALSE,TRUE,FALSE
3426,50,Female,T-Shirt,Home Decor,104.36,S,1,No,11,Debit Card,65370,38,15,FALSE,TRUE,FALSE,FALSE,FALSE,TRUE,FALSE
3427,29,Male,Phone,Accessories,184.48,S,3,Yes,13,Cash,100331,86,2,FALSE,TRUE,FALSE,FALSE,TRUE,FALSE,FALSE
3428,32,Female,Phone,Clothing,93.22,S,1,No,7,PayPal,94064,19,17,FALSE,TRUE,FALSE,FALSE,FALSE,FALSE,TRUE
3429,58,Female,Laptop,Electronics,62.09,XL,3,No,5,Credit Card,108899,91,20,TRUE,FALSE,FALSE,FALSE,FALSE,TRUE,FALSE
3430,56,Male,Shoes,Clothing,454.3,M,4,No,3,Debit Card,127280,49,3,TRUE,FALSE,FALSE,FALSE,FALSE,TRUE,FALSE
3431,19,Female,T-Shirt,Home Decor,498.85,L,3,No,10,Cash,129944,94,7,FALSE,FALSE,TRUE,FALSE,FALSE,FALSE,TRUE
3432,46,Male,T-Shirt,Accessories,90.42,XL,1,No,7,Credit Card,133281,48,10,FALSE,TRUE,FALSE,FALSE,TRUE,FALSE,FALSE
3433,58,Male,T-Shirt,Home Decor,36.72,M,1,No,14,Cash,135929,34,20,FALSE,TRUE,FALSE,FALSE,FALSE,FALSE,TRUE
3434,27,Male,T-Shirt,Home Decor,171.57,XL,3,No,7,Debit Card,33606,45,10,TRUE,FALSE,FALSE,FALSE,TRUE,FALSE,FALSE
3435,19,Male,Phone,Electronics,236.21,L,1,No,13,Credit Card,90852,4,10,FALSE,TRUE,FALSE,FALSE,FALSE,TRUE,FALSE
3436,28,Female,Curtains,Home Decor,110.36,S,3,Yes,13,Debit Card,74213,56,16,FALSE,TRUE,FALSE,TRUE,FALSE,FALSE,FALSE
3437,30,Male,Curtains,Electronics,157.7,M,2,No,5,PayPal,92316,65,1,FALSE,TRUE,FALSE,FALSE,FALSE,FALSE,TRUE
3438,27,Female,Laptop,Accessories,108.43,M,5,No,7,PayPal,116999,54,19,TRUE,FALSE,FALSE,FALSE,FALSE,FALSE,TRUE
3439,31,Male,Watch,Accessories,389.39,XL,3,No,11,UPI,92359,13,3,FALSE,FALSE,TRUE,FALSE,FALSE,TRUE,FALSE
3440,35,Male,Football,Electronics,359.16,XL,2,No,5,Credit Card,79623,27,8,FALSE,TRUE,FALSE,FALSE,FALSE,TRUE,FALSE
3441,26,Female,Shoes,Clothing,321.13,S,2,No,14,PayPal,104954,26,14,FALSE,FALSE,TRUE,FALSE,FALSE,FALSE,TRUE
3442,56,Male,Curtains,Accessories,199.74,XL,2,Yes,3,UPI,116140,92,7,FALSE,TRUE,FALSE,FALSE,FALSE,TRUE,FALSE
3443,45,Female,Watch,Clothing,455.43,L,2,No,10,Credit Card,74119,20,16,TRUE,FALSE,FALSE,TRUE,FALSE,FALSE,FALSE
3444,20,Female,Bag,Accessories,485.07,L,3,Yes,11,Debit Card,89977,91,18,FALSE,TRUE,FALSE,TRUE,FALSE,FALSE,FALSE
3445,37,Male,Bag,Accessories,95.08,L,1,No,5,Cash,73046,44,3,FALSE,TRUE,FALSE,TRUE,FALSE,FALSE,FALSE
3446,23,Male,T-Shirt,Sports,119.28,L,2,No,14,Cash,82329,66,4,TRUE,FALSE,FALSE,FALSE,TRUE,FALSE,FALSE
3447,44,Male,Bag,Home Decor,267.56,S,4,Yes,8,Debit Card,77455,26,13,TRUE,FALSE,FALSE,FALSE,TRUE,FALSE,FALSE
3448,19,Male,Curtains,Home Decor,54.71,S,2,Yes,7,PayPal,58754,99,3,FALSE,FALSE,TRUE,FALSE,FALSE,FALSE,TRUE
3449,46,Male,Laptop,Clothing,223.86,S,1,No,14,Cash,46473,59,18,TRUE,FALSE,FALSE,FALSE,FALSE,FALSE,TRUE
3450,55,Male,Football,Home Decor,295.08,XL,1,No,13,Debit Card,22326,99,10,TRUE,FALSE,FALSE,FALSE,FALSE,TRUE,FALSE
3451,20,Female,Curtains,Clothing,265.82,S,5,Yes,6,UPI,149410,88,19,FALSE,FALSE,TRUE,FALSE,FALSE,FALSE,TRUE
3452,33,Female,Laptop,Accessories,172.15,M,5,Yes,4,UPI,115501,70,8,TRUE,FALSE,FALSE,FALSE,TRUE,FALSE,FALSE
3453,47,Male,Bag,Sports,275.8,M,2,No,12,Debit Card,40547,56,19,FALSE,TRUE,FALSE,FALSE,TRUE,FALSE,FALSE
3454,57,Female,Phone,Sports,479.81,M,2,Yes,6,Credit Card,30172,92,12,FALSE,TRUE,FALSE,FALSE,FALSE,FALSE,TRUE
3455,19,Female,Football,Accessories,110.95,XL,5,Yes,0,PayPal,30650,57,2,TRUE,FALSE,FALSE,FALSE,FALSE,FALSE,TRUE
3456,34,Male,Laptop,Electronics,330.87,XL,2,Yes,7,PayPal,83076,48,5,FALSE,TRUE,FALSE,FALSE,FALSE,TRUE,FALSE
3457,58,Male,Watch,Electronics,31.26,S,4,Yes,4,Debit Card,37621,100,2,TRUE,FALSE,FALSE,FALSE,TRUE,FALSE,FALSE
3458,29,Female,Curtains,Home Decor,42.54,L,3,Yes,6,Cash,145337,31,10,FALSE,TRUE,FALSE,TRUE,FALSE,FALSE,FALSE
3459,52,Male,Phone,Clothing,280.4,M,5,No,6,PayPal,25028,6,4,FALSE,TRUE,FALSE,FALSE,FALSE,TRUE,FALSE
3460,60,Female,Watch,Sports,61.42,XL,5,No,7,PayPal,112725,93,4,FALSE,FALSE,TRUE,FALSE,TRUE,FALSE,FALSE
3461,18,Male,Laptop,Home Decor,20.95,M,1,No,6,UPI,118299,46,8,FALSE,FALSE,TRUE,FALSE,FALSE,TRUE,FALSE
3462,62,Female,Laptop,Accessories,94.04,S,2,No,5,UPI,88384,30,17,TRUE,FALSE,FALSE,FALSE,FALSE,TRUE,FALSE
3463,32,Female,Bag,Sports,286.78,XL,5,No,11,UPI,54211,60,13,FALSE,FALSE,TRUE,FALSE,TRUE,FALSE,FALSE
3464,43,Female,Watch,Clothing,354.64,L,5,No,5,PayPal,105791,10,8,FALSE,FALSE,TRUE,FALSE,FALSE,FALSE,TRUE
3465,54,Female,Curtains,Clothing,109.21,L,4,Yes,4,PayPal,53032,94,10,TRUE,FALSE,FALSE,FALSE,FALSE,TRUE,FALSE
3466,38,Male,Football,Electronics,337.45,XL,2,Yes,4,PayPal,140608,19,4,TRUE,FALSE,FALSE,FALSE,FALSE,TRUE,FALSE
3467,48,Male,Phone,Home Decor,99.41,L,3,Yes,3,Cash,142982,11,3,TRUE,FALSE,FALSE,FALSE,FALSE,FALSE,TRUE
3468,42,Female,Bag,Accessories,310.59,S,4,No,6,Cash,148812,32,4,FALSE,TRUE,FALSE,TRUE,FALSE,FALSE,FALSE
3469,40,Female,T-Shirt,Sports,211.86,L,3,Yes,12,Cash,102511,71,1,FALSE,TRUE,FALSE,FALSE,FALSE,FALSE,TRUE
3470,41,Male,Shoes,Clothing,330.36,M,1,Yes,11,Credit Card,97282,74,16,TRUE,FALSE,FALSE,FALSE,FALSE,TRUE,FALSE
3471,55,Male,Football,Sports,497.58,M,5,Yes,10,PayPal,25707,63,8,FALSE,FALSE,TRUE,FALSE,FALSE,TRUE,FALSE
3472,45,Female,Bag,Accessories,469.53,M,4,Yes,13,PayPal,120228,94,11,FALSE,FALSE,TRUE,TRUE,FALSE,FALSE,FALSE
3473,38,Female,Phone,Sports,12.1,XL,3,Yes,2,Debit Card,108690,37,9,FALSE,TRUE,FALSE,FALSE,FALSE,FALSE,TRUE
3474,60,Female,Watch,Home Decor,443.86,XL,2,No,4,Debit Card,35567,77,7,FALSE,FALSE,TRUE,TRUE,FALSE,FALSE,FALSE
3475,35,Female,Laptop,Electronics,42.58,XL,1,No,14,Credit Card,87235,13,11,TRUE,FALSE,FALSE,FALSE,FALSE,TRUE,FALSE
3476,53,Female,Watch,Sports,476.99,XL,1,Yes,2,Debit Card,121527,51,2,FALSE,TRUE,FALSE,FALSE,FALSE,TRUE,FALSE
3477,52,Male,Bag,Electronics,148.09,XL,5,Yes,7,Cash,141853,68,13,TRUE,FALSE,FALSE,TRUE,FALSE,FALSE,FALSE
3478,62,Female,Phone,Accessories,197.2,S,5,No,14,Credit Card,50110,27,12,FALSE,TRUE,FALSE,FALSE,FALSE,FALSE,TRUE
3479,26,Male,Watch,Electronics,54.9,XL,3,No,4,Credit Card,94661,86,19,FALSE,FALSE,TRUE,TRUE,FALSE,FALSE,FALSE
3480,55,Male,Watch,Sports,65.01,L,3,Yes,14,Credit Card,148314,37,5,TRUE,FALSE,FALSE,FALSE,TRUE,FALSE,FALSE
3481,47,Male,Shoes,Sports,366.1,S,1,Yes,10,UPI,37707,92,11,TRUE,FALSE,FALSE,FALSE,FALSE,TRUE,FALSE
3482,61,Female,Curtains,Clothing,472.72,XL,3,No,12,Debit Card,136969,15,6,TRUE,FALSE,FALSE,TRUE,FALSE,FALSE,FALSE
3483,51,Male,Bag,Sports,309.27,L,5,No,9,PayPal,106006,11,15,TRUE,FALSE,FALSE,TRUE,FALSE,FALSE,FALSE
3484,49,Male,Shoes,Electronics,360.77,S,1,Yes,5,UPI,40651,100,1,FALSE,FALSE,TRUE,FALSE,FALSE,TRUE,FALSE
3485,20,Male,Bag,Clothing,383.37,M,1,Yes,0,Cash,139949,39,2,FALSE,FALSE,TRUE,FALSE,FALSE,FALSE,TRUE
3486,20,Male,T-Shirt,Sports,138.78,S,2,No,13,UPI,89018,31,2,FALSE,TRUE,FALSE,TRUE,FALSE,FALSE,FALSE
3487,45,Female,T-Shirt,Sports,32.16,XL,2,Yes,10,Cash,22217,52,5,FALSE,TRUE,FALSE,FALSE,TRUE,FALSE,FALSE
3488,61,Female,Shoes,Accessories,10.92,S,3,No,3,PayPal,25712,8,9,FALSE,TRUE,FALSE,TRUE,FALSE,FALSE,FALSE
3489,32,Male,Football,Clothing,181.82,S,3,Yes,8,PayPal,31573,20,14,FALSE,FALSE,TRUE,FALSE,TRUE,FALSE,FALSE
3490,58,Male,Football,Accessories,128.32,M,5,Yes,14,Debit Card,88852,50,7,TRUE,FALSE,FALSE,FALSE,FALSE,FALSE,TRUE
3491,40,Female,Watch,Accessories,40.54,S,5,No,14,UPI,111957,31,17,FALSE,TRUE,FALSE,FALSE,FALSE,FALSE,TRUE
3492,57,Female,Watch,Accessories,97.97,S,2,Yes,4,PayPal,72913,33,1,FALSE,TRUE,FALSE,FALSE,FALSE,FALSE,TRUE
3493,28,Female,Laptop,Home Decor,71,M,1,Yes,14,Cash,26833,96,16,TRUE,FALSE,FALSE,FALSE,TRUE,FALSE,FALSE
3494,49,Male,T-Shirt,Accessories,458.29,XL,4,No,0,PayPal,71061,8,4,FALSE,FALSE,TRUE,FALSE,TRUE,FALSE,FALSE
3495,53,Female,Bag,Electronics,78.73,L,4,No,14,Debit Card,81302,10,4,FALSE,TRUE,FALSE,FALSE,FALSE,TRUE,FALSE
3496,50,Male,Laptop,Sports,273.45,S,3,No,3,Cash,38920,84,5,TRUE,FALSE,FALSE,FALSE,FALSE,TRUE,FALSE
3497,41,Male,T-Shirt,Home Decor,300.62,M,4,Yes,11,Credit Card,82774,92,13,TRUE,FALSE,FALSE,FALSE,FALSE,TRUE,FALSE
3498,56,Female,Shoes,Accessories,276.31,S,4,No,5,Debit Card,53313,12,9,FALSE,TRUE,FALSE,FALSE,TRUE,FALSE,FALSE
3499,51,Male,Football,Sports,58.54,XL,2,No,6,Debit Card,127029,35,7,TRUE,FALSE,FALSE,FALSE,FALSE,TRUE,FALSE
3500,45,Female,Watch,Clothing,166.21,XL,1,No,6,Credit Card,67820,74,1,FALSE,FALSE,TRUE,FALSE,TRUE,FALSE,FALSE
3501,54,Male,Football,Clothing,35.12,M,5,No,7,PayPal,119519,92,19,FALSE,FALSE,TRUE,TRUE,FALSE,FALSE,FALSE
3502,24,Female,Shoes,Sports,203.88,L,2,Yes,4,Debit Card,144299,83,1,FALSE,TRUE,FALSE,TRUE,FALSE,FALSE,FALSE
3503,21,Male,Laptop,Electronics,102.41,L,5,No,5,Credit Card,114116,8,2,TRUE,FALSE,FALSE,FALSE,FALSE,FALSE,TRUE
3504,54,Male,Laptop,Sports,285.2,S,2,Yes,10,Credit Card,142198,92,10,FALSE,TRUE,FALSE,FALSE,FALSE,FALSE,TRUE
3505,18,Female,Phone,Sports,349.48,M,2,Yes,10,Debit Card,127550,36,20,TRUE,FALSE,FALSE,FALSE,FALSE,FALSE,TRUE
3506,18,Female,Watch,Home Decor,270.74,L,4,No,1,UPI,22498,6,18,FALSE,FALSE,TRUE,FALSE,TRUE,FALSE,FALSE
3507,64,Female,Watch,Clothing,222.78,XL,5,No,13,Debit Card,132493,41,15,TRUE,FALSE,FALSE,TRUE,FALSE,FALSE,FALSE
3508,37,Female,Bag,Clothing,199.79,L,2,No,11,UPI,66719,37,16,FALSE,FALSE,TRUE,FALSE,FALSE,FALSE,TRUE
3509,36,Male,Watch,Accessories,422.43,M,4,Yes,9,PayPal,61691,62,16,FALSE,TRUE,FALSE,FALSE,FALSE,TRUE,FALSE
3510,46,Female,T-Shirt,Sports,117.49,XL,3,No,11,Credit Card,51103,6,18,FALSE,FALSE,TRUE,FALSE,FALSE,FALSE,TRUE
3511,27,Female,Laptop,Sports,369.77,S,5,No,1,Cash,38343,43,14,FALSE,TRUE,FALSE,FALSE,FALSE,TRUE,FALSE
3512,35,Male,Shoes,Electronics,381.17,XL,2,No,13,Debit Card,29171,68,5,FALSE,FALSE,TRUE,FALSE,FALSE,FALSE,TRUE
3513,45,Female,Laptop,Clothing,215.41,L,3,Yes,2,Cash,77073,22,4,FALSE,TRUE,FALSE,FALSE,FALSE,FALSE,TRUE
3514,52,Female,Football,Electronics,155.68,L,4,No,3,PayPal,46837,32,3,FALSE,FALSE,TRUE,FALSE,TRUE,FALSE,FALSE
3515,60,Male,T-Shirt,Home Decor,240.57,L,2,Yes,5,Debit Card,22358,63,8,TRUE,FALSE,FALSE,FALSE,FALSE,FALSE,TRUE
3516,64,Female,Watch,Accessories,55.67,S,4,Yes,5,Cash,114020,68,15,FALSE,TRUE,FALSE,FALSE,FALSE,FALSE,TRUE
3517,48,Female,Bag,Electronics,32.51,L,4,Yes,2,PayPal,126992,56,12,FALSE,FALSE,TRUE,FALSE,FALSE,FALSE,TRUE
3518,44,Female,Bag,Clothing,64.69,M,4,No,0,UPI,40295,46,13,FALSE,TRUE,FALSE,TRUE,FALSE,FALSE,FALSE
3519,28,Female,Bag,Home Decor,101.7,S,5,No,2,PayPal,128751,98,20,FALSE,TRUE,FALSE,FALSE,FALSE,TRUE,FALSE
3520,55,Female,Curtains,Sports,257.05,XL,3,Yes,3,Debit Card,120032,17,8,FALSE,FALSE,TRUE,TRUE,FALSE,FALSE,FALSE
3521,22,Female,Phone,Home Decor,426.08,L,3,No,8,Debit Card,120514,96,12,TRUE,FALSE,FALSE,TRUE,FALSE,FALSE,FALSE
3522,25,Male,T-Shirt,Electronics,125.46,M,1,Yes,9,Debit Card,147639,64,17,FALSE,TRUE,FALSE,FALSE,FALSE,TRUE,FALSE
3523,51,Female,Football,Clothing,468.23,M,2,No,7,PayPal,96133,45,15,TRUE,FALSE,FALSE,TRUE,FALSE,FALSE,FALSE
3524,29,Male,Watch,Electronics,477.9,S,4,No,12,Debit Card,118623,78,7,FALSE,TRUE,FALSE,TRUE,FALSE,FALSE,FALSE
3525,55,Male,Football,Sports,479.86,M,2,No,3,PayPal,54371,33,9,FALSE,TRUE,FALSE,FALSE,FALSE,FALSE,TRUE
3526,18,Male,Football,Sports,420.41,S,3,Yes,6,Credit Card,119482,57,16,FALSE,TRUE,FALSE,FALSE,FALSE,FALSE,TRUE
3527,48,Male,Watch,Clothing,188.27,S,3,No,12,Credit Card,31067,17,18,FALSE,TRUE,FALSE,FALSE,TRUE,FALSE,FALSE
3528,21,Female,Football,Accessories,45.62,S,4,Yes,12,Credit Card,75268,97,5,FALSE,TRUE,FALSE,FALSE,FALSE,TRUE,FALSE
3529,62,Female,Bag,Home Decor,288.72,XL,5,No,8,Cash,70423,2,7,TRUE,FALSE,FALSE,FALSE,TRUE,FALSE,FALSE
3530,22,Female,Shoes,Home Decor,283.75,XL,4,No,1,Credit Card,23354,86,17,FALSE,TRUE,FALSE,FALSE,FALSE,FALSE,TRUE
3531,47,Male,Phone,Sports,426.49,M,4,No,2,Credit Card,23373,37,16,TRUE,FALSE,FALSE,FALSE,TRUE,FALSE,FALSE
3532,41,Female,Curtains,Electronics,498.04,XL,1,No,0,PayPal,31833,62,10,TRUE,FALSE,FALSE,TRUE,FALSE,FALSE,FALSE
3533,20,Female,Football,Electronics,259,S,5,Yes,7,PayPal,145049,53,14,FALSE,FALSE,TRUE,FALSE,FALSE,TRUE,FALSE
3534,28,Female,Football,Accessories,179.15,S,2,Yes,1,Debit Card,22139,64,4,FALSE,TRUE,FALSE,TRUE,FALSE,FALSE,FALSE
3535,62,Male,Laptop,Electronics,101.09,XL,5,No,6,Debit Card,101919,20,17,FALSE,FALSE,TRUE,FALSE,TRUE,FALSE,FALSE
3536,21,Male,Phone,Home Decor,12.35,M,4,Yes,6,Debit Card,144866,88,8,FALSE,FALSE,TRUE,FALSE,TRUE,FALSE,FALSE
3537,43,Female,T-Shirt,Electronics,259.47,S,4,Yes,10,PayPal,88446,13,2,FALSE,FALSE,TRUE,FALSE,FALSE,TRUE,FALSE
3538,44,Male,Phone,Accessories,282.2,XL,4,Yes,2,PayPal,99381,42,18,FALSE,TRUE,FALSE,TRUE,FALSE,FALSE,FALSE
3539,63,Male,Phone,Home Decor,414.22,L,4,No,1,Credit Card,49916,98,8,FALSE,TRUE,FALSE,TRUE,FALSE,FALSE,FALSE
3540,60,Female,Watch,Electronics,257.24,M,4,No,2,UPI,102320,21,14,FALSE,TRUE,FALSE,TRUE,FALSE,FALSE,FALSE
3541,44,Male,Watch,Home Decor,459.07,M,5,No,11,PayPal,56417,44,13,FALSE,FALSE,TRUE,TRUE,FALSE,FALSE,FALSE
3542,59,Male,Watch,Sports,317.76,M,4,No,7,UPI,50833,31,8,FALSE,TRUE,FALSE,FALSE,FALSE,FALSE,TRUE
3543,23,Female,Curtains,Sports,421.76,L,3,Yes,11,PayPal,117564,96,14,TRUE,FALSE,FALSE,FALSE,FALSE,TRUE,FALSE
3544,32,Male,Bag,Sports,82.67,S,3,Yes,8,PayPal,84139,6,19,TRUE,FALSE,FALSE,FALSE,FALSE,TRUE,FALSE
3545,47,Male,Phone,Electronics,429.11,M,1,No,10,Cash,40127,4,3,FALSE,FALSE,TRUE,FALSE,FALSE,FALSE,TRUE
3546,59,Male,Curtains,Accessories,340.82,XL,2,No,7,UPI,89602,30,16,FALSE,FALSE,TRUE,FALSE,FALSE,FALSE,TRUE
3547,54,Male,Football,Home Decor,93.41,M,3,No,10,Cash,118053,21,3,FALSE,TRUE,FALSE,FALSE,FALSE,TRUE,FALSE
3548,54,Male,Watch,Clothing,102.98,XL,1,Yes,1,Credit Card,53494,48,11,FALSE,TRUE,FALSE,TRUE,FALSE,FALSE,FALSE
3549,59,Male,Football,Sports,463.99,M,5,No,11,Cash,114174,20,2,FALSE,TRUE,FALSE,FALSE,FALSE,FALSE,TRUE
3550,54,Male,Watch,Sports,25.79,XL,2,No,12,Cash,140283,10,8,FALSE,FALSE,TRUE,FALSE,FALSE,FALSE,TRUE
3551,52,Male,Shoes,Clothing,236.64,XL,4,No,8,Credit Card,28121,33,15,TRUE,FALSE,FALSE,FALSE,FALSE,TRUE,FALSE
3552,40,Female,Curtains,Clothing,163.6,XL,4,Yes,5,UPI,20828,3,6,FALSE,FALSE,TRUE,TRUE,FALSE,FALSE,FALSE
3553,23,Female,Curtains,Electronics,335.89,L,5,No,11,Debit Card,27466,32,14,FALSE,TRUE,FALSE,FALSE,FALSE,TRUE,FALSE
3554,21,Female,Bag,Home Decor,421.42,L,2,Yes,1,PayPal,128641,25,12,TRUE,FALSE,FALSE,FALSE,FALSE,FALSE,TRUE
3555,35,Female,T-Shirt,Sports,186.59,L,3,No,8,UPI,68144,42,16,FALSE,FALSE,TRUE,FALSE,TRUE,FALSE,FALSE
3556,26,Male,Laptop,Accessories,219.18,S,2,No,4,Credit Card,23399,77,9,FALSE,FALSE,TRUE,FALSE,FALSE,FALSE,TRUE
3557,46,Female,Phone,Electronics,491.14,XL,1,No,14,Cash,105555,77,2,FALSE,TRUE,FALSE,TRUE,FALSE,FALSE,FALSE
3558,30,Female,T-Shirt,Electronics,394.12,S,5,Yes,5,Debit Card,52742,69,10,TRUE,FALSE,FALSE,FALSE,FALSE,TRUE,FALSE
3559,64,Male,Curtains,Accessories,449.63,L,3,No,0,Cash,55927,41,3,FALSE,TRUE,FALSE,FALSE,TRUE,FALSE,FALSE
3560,34,Male,T-Shirt,Accessories,224.99,XL,2,Yes,11,PayPal,90983,69,16,FALSE,TRUE,FALSE,FALSE,FALSE,FALSE,TRUE
3561,62,Male,Shoes,Accessories,124.7,S,2,No,12,Credit Card,142971,92,11,TRUE,FALSE,FALSE,FALSE,FALSE,TRUE,FALSE
3562,49,Male,Laptop,Clothing,211.81,L,3,Yes,13,Debit Card,23966,88,3,FALSE,FALSE,TRUE,FALSE,FALSE,FALSE,TRUE
3563,39,Male,Bag,Sports,360.89,S,1,No,1,UPI,108424,59,11,TRUE,FALSE,FALSE,FALSE,FALSE,FALSE,TRUE
3564,21,Female,Curtains,Clothing,63.62,S,1,No,0,UPI,144525,32,2,FALSE,FALSE,TRUE,FALSE,FALSE,TRUE,FALSE
3565,22,Male,Curtains,Sports,142.53,L,2,Yes,3,Credit Card,49258,87,13,FALSE,TRUE,FALSE,FALSE,TRUE,FALSE,FALSE
3566,54,Female,Phone,Clothing,32.85,XL,4,Yes,1,Credit Card,111804,58,7,FALSE,TRUE,FALSE,FALSE,TRUE,FALSE,FALSE
3567,58,Female,Bag,Home Decor,221.85,M,3,No,12,Cash,59429,37,4,TRUE,FALSE,FALSE,FALSE,TRUE,FALSE,FALSE
3568,30,Male,Bag,Sports,415.45,M,1,No,0,Debit Card,61079,69,7,FALSE,TRUE,FALSE,FALSE,FALSE,FALSE,TRUE
3569,51,Female,Watch,Electronics,22.09,S,1,No,2,PayPal,117504,11,13,TRUE,FALSE,FALSE,TRUE,FALSE,FALSE,FALSE
3570,62,Female,Laptop,Sports,340.91,S,1,Yes,3,Credit Card,132993,17,17,TRUE,FALSE,FALSE,TRUE,FALSE,FALSE,FALSE
3571,39,Male,Shoes,Sports,466.92,S,5,No,3,Debit Card,85046,11,1,FALSE,FALSE,TRUE,FALSE,TRUE,FALSE,FALSE
3572,40,Female,Football,Sports,126.09,XL,4,Yes,2,Credit Card,46250,92,18,TRUE,FALSE,FALSE,FALSE,TRUE,FALSE,FALSE
3573,20,Female,T-Shirt,Home Decor,349.88,S,1,Yes,1,Credit Card,37907,71,17,TRUE,FALSE,FALSE,FALSE,TRUE,FALSE,FALSE
3574,59,Female,Bag,Clothing,487.8,S,4,Yes,11,UPI,124887,98,18,TRUE,FALSE,FALSE,FALSE,FALSE,FALSE,TRUE
3575,51,Male,Phone,Electronics,481.52,S,2,No,7,Debit Card,59880,22,9,FALSE,FALSE,TRUE,FALSE,FALSE,FALSE,TRUE
3576,49,Male,Curtains,Clothing,125.12,L,2,No,9,UPI,129482,84,3,FALSE,TRUE,FALSE,FALSE,FALSE,TRUE,FALSE
3577,62,Male,Football,Clothing,59.16,M,5,No,12,UPI,94455,11,11,FALSE,TRUE,FALSE,FALSE,FALSE,FALSE,TRUE
3578,38,Female,Shoes,Accessories,82.66,M,4,No,10,Debit Card,78151,65,3,FALSE,TRUE,FALSE,TRUE,FALSE,FALSE,FALSE
3579,63,Male,Laptop,Home Decor,354,L,3,Yes,1,UPI,118576,54,15,TRUE,FALSE,FALSE,FALSE,FALSE,FALSE,TRUE
3580,61,Female,Bag,Accessories,365.62,XL,5,No,4,Cash,81384,49,8,FALSE,TRUE,FALSE,FALSE,TRUE,FALSE,FALSE
3581,38,Male,T-Shirt,Home Decor,340.38,XL,1,Yes,6,PayPal,82873,96,20,FALSE,FALSE,TRUE,FALSE,FALSE,FALSE,TRUE
3582,61,Female,Bag,Clothing,174.68,XL,2,Yes,8,PayPal,142779,7,6,FALSE,FALSE,TRUE,FALSE,FALSE,FALSE,TRUE
3583,28,Male,Phone,Clothing,93.19,L,2,Yes,11,Cash,126751,78,20,FALSE,FALSE,TRUE,FALSE,FALSE,TRUE,FALSE
3584,56,Male,Bag,Home Decor,294.57,M,3,No,2,Credit Card,108385,41,6,FALSE,FALSE,TRUE,TRUE,FALSE,FALSE,FALSE
3585,21,Female,Bag,Clothing,247,M,5,No,0,UPI,130459,88,5,FALSE,FALSE,TRUE,FALSE,TRUE,FALSE,FALSE
3586,18,Male,Bag,Clothing,367.13,S,4,No,14,PayPal,22050,57,6,FALSE,TRUE,FALSE,FALSE,FALSE,FALSE,TRUE
3587,45,Female,Curtains,Electronics,226.27,M,2,Yes,8,Debit Card,95795,31,9,TRUE,FALSE,FALSE,FALSE,FALSE,FALSE,TRUE
3588,41,Male,Curtains,Accessories,175.93,XL,1,Yes,0,Credit Card,139447,96,20,TRUE,FALSE,FALSE,FALSE,FALSE,TRUE,FALSE
3589,52,Male,Football,Accessories,153.8,XL,3,No,7,PayPal,73485,70,20,FALSE,FALSE,TRUE,FALSE,FALSE,FALSE,TRUE
3590,30,Female,Football,Accessories,113.62,S,3,Yes,1,UPI,103142,6,7,TRUE,FALSE,FALSE,FALSE,TRUE,FALSE,FALSE
3591,64,Female,T-Shirt,Sports,140.22,S,3,Yes,6,PayPal,70515,40,11,TRUE,FALSE,FALSE,FALSE,FALSE,FALSE,TRUE
3592,51,Female,Laptop,Electronics,56.47,M,1,Yes,11,UPI,139854,39,17,FALSE,FALSE,TRUE,FALSE,TRUE,FALSE,FALSE
3593,28,Male,Shoes,Accessories,179.96,S,3,No,2,Credit Card,36267,45,9,FALSE,FALSE,TRUE,FALSE,FALSE,FALSE,TRUE
3594,53,Female,Watch,Accessories,27.92,S,4,No,5,Cash,66511,82,3,FALSE,TRUE,FALSE,FALSE,FALSE,TRUE,FALSE
3595,34,Male,Laptop,Electronics,101.34,L,4,No,5,UPI,21644,15,6,FALSE,TRUE,FALSE,TRUE,FALSE,FALSE,FALSE
3596,52,Female,Laptop,Clothing,375.92,M,5,Yes,3,UPI,69801,64,8,TRUE,FALSE,FALSE,TRUE,FALSE,FALSE,FALSE
3597,35,Female,Laptop,Accessories,169.48,XL,5,No,7,Credit Card,131349,79,13,FALSE,TRUE,FALSE,TRUE,FALSE,FALSE,FALSE
3598,57,Female,Watch,Clothing,337.44,L,4,No,11,Credit Card,95070,73,11,TRUE,FALSE,FALSE,FALSE,TRUE,FALSE,FALSE
3599,39,Female,T-Shirt,Accessories,361.27,XL,1,Yes,11,Debit Card,127230,72,7,FALSE,TRUE,FALSE,FALSE,FALSE,TRUE,FALSE
3600,41,Female,Watch,Home Decor,294.78,S,5,Yes,4,Credit Card,122810,78,20,FALSE,FALSE,TRUE,FALSE,FALSE,FALSE,TRUE
3601,36,Female,T-Shirt,Sports,479.76,S,3,No,6,PayPal,140196,17,14,FALSE,TRUE,FALSE,FALSE,FALSE,TRUE,FALSE
3602,54,Male,Watch,Accessories,20.51,XL,4,No,12,UPI,101173,98,15,FALSE,TRUE,FALSE,FALSE,FALSE,TRUE,FALSE
3603,56,Female,Shoes,Home Decor,371.94,L,2,No,4,Cash,92695,9,13,FALSE,TRUE,FALSE,FALSE,FALSE,TRUE,FALSE
3604,38,Male,Bag,Electronics,479.81,L,1,Yes,12,Credit Card,123484,53,2,FALSE,TRUE,FALSE,FALSE,FALSE,FALSE,TRUE
3605,25,Female,Laptop,Home Decor,432.51,L,1,No,11,UPI,24534,100,4,FALSE,FALSE,TRUE,FALSE,FALSE,TRUE,FALSE
3606,45,Female,Bag,Electronics,92.27,S,4,Yes,3,Cash,23714,36,3,TRUE,FALSE,FALSE,FALSE,FALSE,FALSE,TRUE
3607,22,Female,T-Shirt,Accessories,170.14,M,2,No,5,Debit Card,36116,46,14,TRUE,FALSE,FALSE,FALSE,TRUE,FALSE,FALSE
3608,34,Male,Watch,Electronics,94.5,S,1,No,2,PayPal,144664,15,3,FALSE,TRUE,FALSE,FALSE,FALSE,TRUE,FALSE
3609,54,Male,Shoes,Home Decor,304.64,XL,5,Yes,5,Debit Card,57187,52,5,FALSE,TRUE,FALSE,TRUE,FALSE,FALSE,FALSE
3610,53,Female,Watch,Sports,358.97,L,2,No,5,Credit Card,81164,37,5,FALSE,FALSE,TRUE,FALSE,FALSE,FALSE,TRUE
3611,36,Male,Bag,Clothing,165.37,M,3,Yes,10,PayPal,140807,39,15,FALSE,TRUE,FALSE,TRUE,FALSE,FALSE,FALSE
3612,44,Female,Curtains,Clothing,274.36,L,5,No,10,Debit Card,119235,71,11,FALSE,TRUE,FALSE,FALSE,FALSE,TRUE,FALSE
3613,51,Female,Shoes,Sports,348.55,S,2,No,5,UPI,119939,38,8,FALSE,FALSE,TRUE,FALSE,FALSE,TRUE,FALSE
3614,28,Male,Laptop,Clothing,216.46,M,4,No,13,Credit Card,105342,45,12,TRUE,FALSE,FALSE,FALSE,FALSE,FALSE,TRUE
3615,62,Male,Phone,Accessories,428.47,M,1,No,13,Debit Card,143439,100,19,TRUE,FALSE,FALSE,FALSE,FALSE,TRUE,FALSE
3616,64,Male,Laptop,Accessories,388.06,S,5,No,10,PayPal,21792,11,5,FALSE,TRUE,FALSE,FALSE,FALSE,TRUE,FALSE
3617,29,Male,Phone,Home Decor,41.69,L,4,Yes,2,PayPal,125477,65,14,FALSE,FALSE,TRUE,FALSE,FALSE,TRUE,FALSE
3618,38,Female,Shoes,Home Decor,314.35,L,2,No,12,Cash,37405,36,18,FALSE,FALSE,TRUE,FALSE,FALSE,TRUE,FALSE
3619,28,Male,Curtains,Electronics,125.31,L,3,No,7,PayPal,127308,62,17,FALSE,FALSE,TRUE,FALSE,FALSE,FALSE,TRUE
3620,56,Male,Bag,Home Decor,283.18,S,1,Yes,3,PayPal,41164,91,8,FALSE,TRUE,FALSE,FALSE,FALSE,FALSE,TRUE
3621,45,Female,Curtains,Accessories,478.88,XL,1,No,10,Credit Card,124904,45,2,FALSE,FALSE,TRUE,TRUE,FALSE,FALSE,FALSE
3622,22,Male,T-Shirt,Home Decor,440.74,XL,5,Yes,1,PayPal,49419,90,1,FALSE,TRUE,FALSE,FALSE,TRUE,FALSE,FALSE
3623,34,Male,Curtains,Clothing,208.21,L,4,No,6,Cash,133926,43,20,FALSE,FALSE,TRUE,FALSE,FALSE,TRUE,FALSE
3624,37,Male,Football,Electronics,152.84,M,2,No,10,PayPal,37044,29,13,FALSE,TRUE,FALSE,TRUE,FALSE,FALSE,FALSE
3625,58,Male,Shoes,Electronics,124.86,XL,2,Yes,7,Cash,107374,99,15,FALSE,TRUE,FALSE,FALSE,FALSE,FALSE,TRUE
3626,63,Female,Bag,Accessories,270.93,L,4,Yes,10,UPI,28282,74,14,FALSE,TRUE,FALSE,FALSE,TRUE,FALSE,FALSE
3627,29,Female,Bag,Home Decor,65.98,XL,1,No,3,Cash,92992,82,6,FALSE,FALSE,TRUE,TRUE,FALSE,FALSE,FALSE
3628,23,Male,T-Shirt,Clothing,279.14,L,4,Yes,5,Credit Card,34607,20,4,FALSE,FALSE,TRUE,TRUE,FALSE,FALSE,FALSE
3629,34,Male,Bag,Home Decor,10.65,XL,2,No,7,Debit Card,95265,35,4,TRUE,FALSE,FALSE,FALSE,FALSE,TRUE,FALSE
3630,36,Female,Curtains,Sports,168.69,XL,4,Yes,4,Debit Card,128391,51,15,TRUE,FALSE,FALSE,FALSE,FALSE,TRUE,FALSE
3631,43,Male,Shoes,Home Decor,117.77,M,1,Yes,8,UPI,106854,81,1,FALSE,FALSE,TRUE,FALSE,FALSE,FALSE,TRUE
3632,61,Male,Laptop,Accessories,485.9,M,5,Yes,5,Credit Card,130793,15,16,FALSE,FALSE,TRUE,FALSE,TRUE,FALSE,FALSE
3633,61,Male,Curtains,Home Decor,366.35,XL,1,Yes,5,UPI,116133,100,1,FALSE,FALSE,TRUE,FALSE,TRUE,FALSE,FALSE
3634,49,Male,Watch,Electronics,181.33,L,3,Yes,11,UPI,100733,52,20,FALSE,TRUE,FALSE,FALSE,FALSE,TRUE,FALSE
3635,23,Male,Phone,Clothing,55.49,M,3,No,12,PayPal,102252,34,11,FALSE,TRUE,FALSE,FALSE,TRUE,FALSE,FALSE
3636,53,Male,Shoes,Accessories,263.23,S,4,No,1,PayPal,90493,59,1,FALSE,FALSE,TRUE,FALSE,FALSE,TRUE,FALSE
3637,55,Male,Bag,Sports,114.59,M,1,Yes,14,Credit Card,118827,33,19,FALSE,TRUE,FALSE,FALSE,FALSE,FALSE,TRUE
3638,28,Male,T-Shirt,Clothing,272.85,XL,1,No,6,Debit Card,143008,8,8,TRUE,FALSE,FALSE,TRUE,FALSE,FALSE,FALSE
3639,50,Male,Laptop,Clothing,419.33,XL,2,Yes,8,Cash,104211,75,10,TRUE,FALSE,FALSE,FALSE,FALSE,TRUE,FALSE
3640,41,Female,Football,Electronics,311.74,S,5,No,14,PayPal,20407,43,15,FALSE,FALSE,TRUE,TRUE,FALSE,FALSE,FALSE
3641,40,Female,Laptop,Electronics,320.56,M,1,Yes,4,Credit Card,138436,56,11,TRUE,FALSE,FALSE,FALSE,TRUE,FALSE,FALSE
3642,32,Female,Curtains,Electronics,275.1,XL,4,Yes,13,Credit Card,77666,69,7,TRUE,FALSE,FALSE,FALSE,TRUE,FALSE,FALSE
3643,44,Male,Phone,Accessories,464.36,S,2,No,4,Debit Card,68383,87,9,FALSE,TRUE,FALSE,FALSE,FALSE,FALSE,TRUE
3644,28,Male,Laptop,Home Decor,466.63,S,2,Yes,11,Credit Card,104869,40,19,FALSE,TRUE,FALSE,FALSE,FALSE,FALSE,TRUE
3645,34,Female,Football,Clothing,261.23,L,4,No,12,Credit Card,135664,27,11,FALSE,FALSE,TRUE,TRUE,FALSE,FALSE,FALSE
3646,31,Male,Watch,Home Decor,159.82,M,4,Yes,10,Debit Card,37404,69,12,FALSE,TRUE,FALSE,FALSE,FALSE,FALSE,TRUE
3647,44,Female,T-Shirt,Home Decor,235.2,M,1,Yes,4,PayPal,77033,93,9,FALSE,TRUE,FALSE,FALSE,TRUE,FALSE,FALSE
3648,35,Male,Shoes,Electronics,101.41,M,1,Yes,0,Debit Card,120036,30,10,FALSE,FALSE,TRUE,FALSE,FALSE,FALSE,TRUE
3649,45,Female,Phone,Home Decor,321.81,XL,2,No,4,UPI,66634,85,10,TRUE,FALSE,FALSE,FALSE,FALSE,FALSE,TRUE
3650,64,Female,Football,Clothing,255.05,S,2,Yes,9,PayPal,132146,80,10,TRUE,FALSE,FALSE,FALSE,TRUE,FALSE,FALSE
3651,64,Female,Bag,Clothing,60.62,L,5,No,7,UPI,37502,63,19,FALSE,FALSE,TRUE,FALSE,FALSE,FALSE,TRUE
3652,21,Male,Curtains,Sports,106.85,M,2,No,14,Credit Card,82567,13,9,TRUE,FALSE,FALSE,FALSE,TRUE,FALSE,FALSE
3653,24,Female,Curtains,Accessories,245.02,L,4,No,2,UPI,74112,95,1,FALSE,FALSE,TRUE,TRUE,FALSE,FALSE,FALSE
3654,62,Male,Curtains,Home Decor,444.92,L,4,No,8,Debit Card,142774,52,11,FALSE,FALSE,TRUE,FALSE,FALSE,TRUE,FALSE
3655,52,Male,Bag,Accessories,287.53,S,5,Yes,8,Debit Card,27501,76,2,FALSE,FALSE,TRUE,FALSE,FALSE,TRUE,FALSE
3656,26,Male,Bag,Accessories,343.95,M,3,Yes,5,Cash,48377,88,9,FALSE,FALSE,TRUE,FALSE,TRUE,FALSE,FALSE
3657,25,Male,Phone,Accessories,176.12,L,3,Yes,3,Credit Card,40264,82,19,FALSE,TRUE,FALSE,FALSE,FALSE,FALSE,TRUE
3658,62,Male,Laptop,Accessories,289.99,M,4,Yes,14,Debit Card,147112,8,20,TRUE,FALSE,FALSE,TRUE,FALSE,FALSE,FALSE
3659,34,Male,Phone,Clothing,229.22,M,3,No,3,PayPal,25955,6,14,FALSE,FALSE,TRUE,FALSE,TRUE,FALSE,FALSE
3660,34,Male,Curtains,Home Decor,332.97,M,3,No,10,Debit Card,51344,44,9,FALSE,FALSE,TRUE,FALSE,TRUE,FALSE,FALSE
3661,50,Female,Watch,Sports,34.78,L,5,No,0,PayPal,91033,36,18,FALSE,TRUE,FALSE,FALSE,TRUE,FALSE,FALSE
3662,49,Female,Football,Accessories,251.72,S,2,Yes,13,Credit Card,148223,25,3,FALSE,TRUE,FALSE,FALSE,FALSE,TRUE,FALSE
3663,25,Female,Shoes,Sports,155.04,S,2,No,9,Cash,70921,6,13,FALSE,FALSE,TRUE,FALSE,FALSE,TRUE,FALSE
3664,36,Male,Shoes,Clothing,169.83,L,3,No,4,Cash,96862,79,8,FALSE,FALSE,TRUE,FALSE,TRUE,FALSE,FALSE
3665,55,Male,Phone,Clothing,480.85,XL,1,Yes,4,UPI,62427,15,12,FALSE,FALSE,TRUE,FALSE,FALSE,FALSE,TRUE
3666,20,Male,Curtains,Electronics,99.52,M,5,Yes,4,Debit Card,23653,86,14,FALSE,TRUE,FALSE,TRUE,FALSE,FALSE,FALSE
3667,22,Male,Bag,Accessories,162.51,M,3,Yes,11,Credit Card,78208,23,4,FALSE,TRUE,FALSE,TRUE,FALSE,FALSE,FALSE
3668,30,Female,T-Shirt,Electronics,259.85,S,1,Yes,0,UPI,145524,66,13,TRUE,FALSE,FALSE,TRUE,FALSE,FALSE,FALSE
3669,64,Male,Watch,Sports,432.88,L,1,Yes,0,Credit Card,68741,57,11,FALSE,TRUE,FALSE,TRUE,FALSE,FALSE,FALSE
3670,63,Female,Phone,Home Decor,214.17,L,5,Yes,9,Credit Card,43119,76,15,FALSE,TRUE,FALSE,FALSE,FALSE,TRUE,FALSE
3671,48,Male,Curtains,Electronics,374.49,XL,2,Yes,11,UPI,98343,92,5,TRUE,FALSE,FALSE,FALSE,FALSE,TRUE,FALSE
3672,33,Female,Laptop,Clothing,429.62,XL,4,No,1,Credit Card,43745,9,16,TRUE,FALSE,FALSE,FALSE,TRUE,FALSE,FALSE
3673,49,Male,Shoes,Accessories,161.91,S,1,No,0,UPI,35040,12,13,FALSE,FALSE,TRUE,FALSE,FALSE,FALSE,TRUE
3674,39,Female,Shoes,Sports,202.45,XL,4,No,12,Debit Card,116757,81,6,FALSE,FALSE,TRUE,TRUE,FALSE,FALSE,FALSE
3675,46,Male,Watch,Clothing,184.71,XL,4,Yes,14,UPI,67316,61,3,TRUE,FALSE,FALSE,FALSE,FALSE,FALSE,TRUE
3676,39,Female,Shoes,Home Decor,418.1,L,5,Yes,7,Debit Card,141632,68,16,TRUE,FALSE,FALSE,FALSE,FALSE,TRUE,FALSE
3677,60,Male,T-Shirt,Accessories,31.73,L,2,No,11,Cash,136224,94,20,FALSE,FALSE,TRUE,FALSE,TRUE,FALSE,FALSE
3678,20,Female,Curtains,Home Decor,161.13,XL,5,Yes,11,UPI,63100,27,4,FALSE,TRUE,FALSE,FALSE,TRUE,FALSE,FALSE
3679,27,Female,Curtains,Home Decor,342.91,S,1,No,3,Cash,149600,71,15,FALSE,FALSE,TRUE,FALSE,FALSE,TRUE,FALSE
3680,59,Male,Watch,Accessories,287.07,XL,2,Yes,5,UPI,106557,56,1,TRUE,FALSE,FALSE,FALSE,FALSE,FALSE,TRUE
3681,38,Female,Curtains,Accessories,223.78,S,3,No,7,Credit Card,128099,49,16,TRUE,FALSE,FALSE,FALSE,FALSE,FALSE,TRUE
3682,33,Male,Bag,Home Decor,274.57,XL,2,No,13,Cash,50949,90,1,FALSE,TRUE,FALSE,TRUE,FALSE,FALSE,FALSE
3683,29,Male,Watch,Sports,106.82,L,5,Yes,4,PayPal,93127,18,10,FALSE,TRUE,FALSE,FALSE,FALSE,TRUE,FALSE
3684,19,Male,Curtains,Accessories,221.05,L,5,Yes,5,PayPal,120800,46,4,FALSE,TRUE,FALSE,FALSE,FALSE,FALSE,TRUE
3685,58,Female,T-Shirt,Clothing,255.83,S,4,Yes,3,PayPal,140599,1,13,FALSE,TRUE,FALSE,FALSE,TRUE,FALSE,FALSE
3686,41,Female,Football,Electronics,451.58,XL,3,Yes,5,Cash,58520,49,16,TRUE,FALSE,FALSE,FALSE,TRUE,FALSE,FALSE
3687,52,Male,Phone,Sports,137.81,XL,2,No,5,Debit Card,20657,85,8,FALSE,FALSE,TRUE,FALSE,FALSE,TRUE,FALSE
3688,47,Male,Phone,Accessories,435.24,S,3,No,2,UPI,74782,58,18,FALSE,TRUE,FALSE,FALSE,FALSE,TRUE,FALSE
3689,47,Female,Curtains,Accessories,325.68,XL,4,No,3,Credit Card,24159,5,13,TRUE,FALSE,FALSE,FALSE,FALSE,FALSE,TRUE
3690,64,Female,Laptop,Sports,19.97,M,3,No,5,Credit Card,71903,89,12,TRUE,FALSE,FALSE,FALSE,FALSE,FALSE,TRUE
3691,52,Female,Shoes,Electronics,365.07,L,3,No,7,Cash,139894,95,20,FALSE,FALSE,TRUE,FALSE,FALSE,FALSE,TRUE
3692,36,Male,T-Shirt,Home Decor,27.42,L,2,No,12,PayPal,21709,47,3,FALSE,FALSE,TRUE,TRUE,FALSE,FALSE,FALSE
3693,25,Male,Laptop,Clothing,498.72,S,3,Yes,13,Credit Card,56393,44,19,TRUE,FALSE,FALSE,FALSE,FALSE,TRUE,FALSE
3694,43,Male,Bag,Accessories,437.59,XL,4,No,13,Credit Card,59468,77,16,FALSE,TRUE,FALSE,FALSE,TRUE,FALSE,FALSE
3695,57,Male,Laptop,Electronics,155.7,S,1,Yes,6,Debit Card,41475,1,5,TRUE,FALSE,FALSE,TRUE,FALSE,FALSE,FALSE
3696,24,Male,Curtains,Clothing,136.13,M,1,No,3,Credit Card,77820,8,8,FALSE,FALSE,TRUE,FALSE,FALSE,TRUE,FALSE
3697,47,Female,T-Shirt,Sports,196.91,XL,5,Yes,13,Credit Card,88864,60,20,TRUE,FALSE,FALSE,FALSE,TRUE,FALSE,FALSE
3698,24,Male,Phone,Accessories,184.52,M,1,Yes,2,UPI,87811,81,16,FALSE,FALSE,TRUE,FALSE,FALSE,FALSE,TRUE
3699,20,Female,Shoes,Home Decor,192.45,S,2,No,10,Credit Card,103978,78,3,FALSE,TRUE,FALSE,FALSE,FALSE,FALSE,TRUE
3700,18,Female,Phone,Sports,165.96,L,5,Yes,14,UPI,55815,65,2,FALSE,TRUE,FALSE,FALSE,TRUE,FALSE,FALSE
3701,53,Male,Laptop,Accessories,314.36,M,1,No,7,PayPal,131672,4,20,FALSE,FALSE,TRUE,FALSE,FALSE,TRUE,FALSE
3702,42,Female,Bag,Electronics,90.49,XL,1,Yes,5,Debit Card,24314,100,12,FALSE,TRUE,FALSE,TRUE,FALSE,FALSE,FALSE
3703,54,Male,Shoes,Clothing,424.53,S,5,No,11,Credit Card,67196,48,10,FALSE,FALSE,TRUE,FALSE,TRUE,FALSE,FALSE
3704,18,Female,Football,Clothing,408.08,S,2,Yes,7,Debit Card,118107,52,2,FALSE,TRUE,FALSE,FALSE,FALSE,FALSE,TRUE
3705,32,Male,Laptop,Accessories,243.48,S,5,No,8,Debit Card,48225,22,16,FALSE,TRUE,FALSE,TRUE,FALSE,FALSE,FALSE
3706,54,Male,Phone,Sports,427.84,L,2,No,8,Debit Card,63570,86,4,TRUE,FALSE,FALSE,FALSE,FALSE,TRUE,FALSE
3707,30,Female,Phone,Home Decor,131.1,S,2,No,9,Cash,32703,38,13,FALSE,FALSE,TRUE,FALSE,TRUE,FALSE,FALSE
3708,57,Male,Curtains,Electronics,18.61,S,4,Yes,10,UPI,107523,64,8,FALSE,FALSE,TRUE,FALSE,FALSE,TRUE,FALSE
3709,25,Female,Phone,Accessories,313.41,L,1,No,8,Debit Card,133482,96,20,TRUE,FALSE,FALSE,TRUE,FALSE,FALSE,FALSE
3710,22,Male,T-Shirt,Electronics,234.38,S,1,No,9,PayPal,26193,79,13,FALSE,FALSE,TRUE,TRUE,FALSE,FALSE,FALSE
3711,26,Male,Laptop,Clothing,287.91,S,3,No,0,Credit Card,79183,45,9,TRUE,FALSE,FALSE,FALSE,FALSE,TRUE,FALSE
3712,18,Male,Watch,Home Decor,450.68,M,5,No,11,Debit Card,36445,20,13,FALSE,FALSE,TRUE,FALSE,FALSE,FALSE,TRUE
3713,53,Female,Watch,Electronics,485.26,S,4,Yes,13,Debit Card,64297,73,16,FALSE,FALSE,TRUE,FALSE,TRUE,FALSE,FALSE
3714,52,Female,Bag,Accessories,320.88,L,1,Yes,2,Credit Card,73272,34,11,FALSE,TRUE,FALSE,TRUE,FALSE,FALSE,FALSE
3715,19,Male,Shoes,Home Decor,384.39,M,3,Yes,8,PayPal,23176,18,20,TRUE,FALSE,FALSE,FALSE,TRUE,FALSE,FALSE
3716,57,Female,Phone,Sports,51.07,S,4,No,3,Debit Card,94666,41,5,FALSE,TRUE,FALSE,FALSE,FALSE,TRUE,FALSE
3717,40,Male,Curtains,Accessories,88.75,L,2,Yes,9,Debit Card,98419,44,11,FALSE,FALSE,TRUE,FALSE,TRUE,FALSE,FALSE
3718,26,Female,Curtains,Electronics,369.27,XL,1,Yes,11,PayPal,82552,27,15,FALSE,FALSE,TRUE,TRUE,FALSE,FALSE,FALSE
3719,51,Female,Phone,Home Decor,221.37,S,5,Yes,1,Debit Card,95319,26,10,FALSE,TRUE,FALSE,FALSE,FALSE,FALSE,TRUE
3720,63,Male,T-Shirt,Accessories,228.52,XL,4,Yes,0,PayPal,102291,22,20,FALSE,FALSE,TRUE,FALSE,FALSE,FALSE,TRUE
3721,31,Male,Curtains,Home Decor,161.22,M,3,Yes,13,Debit Card,44961,85,14,TRUE,FALSE,FALSE,FALSE,FALSE,TRUE,FALSE
3722,21,Male,Watch,Home Decor,307.6,L,5,Yes,4,Credit Card,48342,65,10,FALSE,TRUE,FALSE,FALSE,FALSE,TRUE,FALSE
3723,47,Male,Shoes,Home Decor,100.73,M,2,No,13,PayPal,46311,2,2,FALSE,TRUE,FALSE,FALSE,TRUE,FALSE,FALSE
3724,48,Male,Laptop,Electronics,317.19,XL,5,No,3,Credit Card,58964,78,9,FALSE,FALSE,TRUE,TRUE,FALSE,FALSE,FALSE
3725,55,Female,Football,Accessories,95.16,XL,3,Yes,4,Credit Card,120954,10,20,TRUE,FALSE,FALSE,FALSE,TRUE,FALSE,FALSE
3726,28,Female,T-Shirt,Clothing,41.27,XL,2,No,10,Debit Card,124388,21,2,FALSE,TRUE,FALSE,FALSE,FALSE,FALSE,TRUE
3727,52,Male,Bag,Clothing,171.88,L,3,No,4,PayPal,67027,37,13,TRUE,FALSE,FALSE,TRUE,FALSE,FALSE,FALSE
3728,25,Male,Bag,Electronics,123.26,XL,1,No,7,Cash,116690,86,13,TRUE,FALSE,FALSE,TRUE,FALSE,FALSE,FALSE
3729,20,Male,Curtains,Electronics,445.61,XL,3,No,5,Credit Card,132853,69,14,FALSE,FALSE,TRUE,FALSE,FALSE,TRUE,FALSE
3730,31,Female,Laptop,Home Decor,36.93,L,5,No,2,Credit Card,44557,2,12,TRUE,FALSE,FALSE,FALSE,TRUE,FALSE,FALSE
3731,30,Male,Football,Accessories,96.54,XL,1,Yes,14,Credit Card,59543,91,6,TRUE,FALSE,FALSE,FALSE,FALSE,TRUE,FALSE
3732,62,Male,Bag,Accessories,278.87,S,1,Yes,8,Debit Card,137347,98,20,TRUE,FALSE,FALSE,TRUE,FALSE,FALSE,FALSE
3733,49,Female,Phone,Sports,245.72,XL,4,No,7,Debit Card,137215,70,5,FALSE,TRUE,FALSE,FALSE,FALSE,FALSE,TRUE
3734,51,Female,Phone,Sports,32.47,L,5,Yes,8,Credit Card,83690,42,10,FALSE,FALSE,TRUE,FALSE,FALSE,TRUE,FALSE
3735,62,Female,Shoes,Clothing,13.55,XL,5,Yes,3,Debit Card,31596,33,9,FALSE,FALSE,TRUE,FALSE,TRUE,FALSE,FALSE
3736,36,Female,Football,Sports,494.15,L,2,Yes,12,Debit Card,130227,8,4,FALSE,TRUE,FALSE,FALSE,FALSE,TRUE,FALSE
3737,55,Male,Phone,Sports,332.83,XL,3,Yes,7,Debit Card,46965,62,11,FALSE,FALSE,TRUE,FALSE,FALSE,FALSE,TRUE
3738,33,Female,Bag,Clothing,189.05,S,3,Yes,10,UPI,139145,37,17,FALSE,TRUE,FALSE,FALSE,FALSE,FALSE,TRUE
3739,19,Female,Phone,Clothing,240.51,L,5,Yes,2,PayPal,108404,32,7,TRUE,FALSE,FALSE,FALSE,FALSE,FALSE,TRUE
3740,57,Male,Watch,Sports,140.61,L,3,Yes,4,Debit Card,64109,79,6,FALSE,TRUE,FALSE,FALSE,TRUE,FALSE,FALSE
3741,34,Male,Curtains,Accessories,178.99,L,5,No,13,UPI,70120,89,18,FALSE,TRUE,FALSE,FALSE,TRUE,FALSE,FALSE
3742,51,Male,Bag,Sports,328.03,L,1,No,6,UPI,45180,98,16,TRUE,FALSE,FALSE,FALSE,FALSE,FALSE,TRUE
3743,59,Female,Bag,Home Decor,442.58,XL,3,No,0,Debit Card,32715,67,4,FALSE,TRUE,FALSE,FALSE,FALSE,FALSE,TRUE
3744,33,Male,Bag,Home Decor,100.22,XL,3,Yes,13,UPI,83831,5,2,FALSE,FALSE,TRUE,FALSE,FALSE,FALSE,TRUE
3745,55,Female,Shoes,Home Decor,421.78,S,5,No,0,Cash,81394,67,15,FALSE,TRUE,FALSE,FALSE,TRUE,FALSE,FALSE
3746,19,Female,Laptop,Electronics,69.56,S,5,Yes,2,UPI,99065,47,16,TRUE,FALSE,FALSE,TRUE,FALSE,FALSE,FALSE
3747,19,Female,Bag,Home Decor,115.35,XL,2,No,3,PayPal,125822,26,2,FALSE,TRUE,FALSE,FALSE,FALSE,TRUE,FALSE
3748,43,Male,Phone,Accessories,28.22,M,3,No,14,UPI,102682,100,14,FALSE,FALSE,TRUE,FALSE,FALSE,FALSE,TRUE
3749,30,Female,Watch,Electronics,79,L,4,Yes,0,Debit Card,132055,87,9,FALSE,TRUE,FALSE,FALSE,TRUE,FALSE,FALSE
3750,64,Male,Bag,Electronics,459.48,XL,5,No,7,Credit Card,30886,18,19,TRUE,FALSE,FALSE,FALSE,FALSE,FALSE,TRUE
3751,48,Male,T-Shirt,Home Decor,235.12,S,4,Yes,1,Cash,54198,94,2,TRUE,FALSE,FALSE,FALSE,FALSE,TRUE,FALSE
3752,51,Male,T-Shirt,Sports,48.06,L,1,No,10,UPI,146499,90,2,TRUE,FALSE,FALSE,FALSE,FALSE,TRUE,FALSE
3753,56,Female,Laptop,Clothing,480.27,S,1,No,4,Cash,91200,98,13,TRUE,FALSE,FALSE,FALSE,FALSE,FALSE,TRUE
3754,20,Female,Football,Sports,440.71,M,4,Yes,12,PayPal,22373,9,9,FALSE,TRUE,FALSE,FALSE,FALSE,FALSE,TRUE
3755,25,Female,Shoes,Sports,379.79,L,1,No,13,UPI,68254,75,7,FALSE,TRUE,FALSE,FALSE,FALSE,FALSE,TRUE
3756,40,Male,Watch,Electronics,467.4,M,4,No,5,UPI,38484,71,4,TRUE,FALSE,FALSE,FALSE,FALSE,TRUE,FALSE
3757,31,Female,Curtains,Electronics,117.86,M,2,No,10,Cash,59817,72,9,FALSE,FALSE,TRUE,FALSE,FALSE,TRUE,FALSE
3758,44,Female,Watch,Electronics,419.82,M,2,No,5,UPI,21702,17,1,TRUE,FALSE,FALSE,TRUE,FALSE,FALSE,FALSE
3759,46,Female,T-Shirt,Accessories,348.1,XL,1,No,5,UPI,44804,100,6,FALSE,TRUE,FALSE,TRUE,FALSE,FALSE,FALSE
3760,56,Female,T-Shirt,Accessories,436.18,S,4,Yes,10,Credit Card,95093,89,6,FALSE,FALSE,TRUE,FALSE,FALSE,FALSE,TRUE
3761,56,Female,Laptop,Clothing,400.49,L,4,Yes,0,Cash,27463,80,9,FALSE,FALSE,TRUE,TRUE,FALSE,FALSE,FALSE
3762,18,Male,Football,Electronics,179.78,XL,4,Yes,2,Debit Card,102561,51,3,FALSE,FALSE,TRUE,FALSE,FALSE,FALSE,TRUE
3763,34,Male,Football,Home Decor,389.46,S,1,Yes,2,Debit Card,95975,59,17,TRUE,FALSE,FALSE,FALSE,FALSE,TRUE,FALSE
3764,58,Male,Laptop,Electronics,138.6,XL,4,Yes,7,PayPal,32632,47,11,TRUE,FALSE,FALSE,TRUE,FALSE,FALSE,FALSE
3765,47,Male,Bag,Accessories,171.01,S,5,Yes,5,Credit Card,129364,48,18,FALSE,FALSE,TRUE,TRUE,FALSE,FALSE,FALSE
3766,30,Female,Watch,Electronics,62.87,L,4,No,1,Cash,86641,23,9,FALSE,FALSE,TRUE,FALSE,TRUE,FALSE,FALSE
3767,38,Male,T-Shirt,Accessories,468.19,L,5,Yes,12,Cash,84409,73,15,FALSE,FALSE,TRUE,FALSE,FALSE,FALSE,TRUE
3768,36,Female,Watch,Electronics,152.59,L,2,Yes,13,Credit Card,76996,48,9,FALSE,FALSE,TRUE,TRUE,FALSE,FALSE,FALSE
3769,36,Male,Watch,Home Decor,265.11,L,5,No,0,Credit Card,64984,93,4,TRUE,FALSE,FALSE,FALSE,FALSE,FALSE,TRUE
3770,42,Male,Shoes,Clothing,201.75,S,2,No,3,PayPal,73846,37,11,FALSE,TRUE,FALSE,FALSE,TRUE,FALSE,FALSE
3771,39,Male,T-Shirt,Home Decor,480.36,XL,1,Yes,0,Debit Card,91853,65,10,TRUE,FALSE,FALSE,FALSE,FALSE,TRUE,FALSE
3772,48,Female,Football,Accessories,174.17,L,2,No,4,Cash,58667,32,4,TRUE,FALSE,FALSE,TRUE,FALSE,FALSE,FALSE
3773,34,Female,Curtains,Sports,391.49,L,2,No,11,Credit Card,118559,54,15,FALSE,TRUE,FALSE,FALSE,FALSE,TRUE,FALSE
3774,40,Male,Watch,Home Decor,429.15,L,4,No,10,Cash,78130,14,9,FALSE,TRUE,FALSE,FALSE,FALSE,TRUE,FALSE
3775,49,Female,T-Shirt,Electronics,223.45,M,3,No,7,Debit Card,71589,11,17,FALSE,TRUE,FALSE,TRUE,FALSE,FALSE,FALSE
3776,27,Male,Watch,Clothing,195.3,L,2,Yes,9,Cash,121970,77,4,TRUE,FALSE,FALSE,FALSE,FALSE,FALSE,TRUE
3777,27,Male,Shoes,Electronics,376.4,L,5,Yes,1,Cash,108065,77,2,TRUE,FALSE,FALSE,FALSE,TRUE,FALSE,FALSE
3778,53,Male,Bag,Electronics,457.32,S,1,No,7,Credit Card,105381,2,14,FALSE,TRUE,FALSE,TRUE,FALSE,FALSE,FALSE
3779,25,Female,Phone,Home Decor,379.92,M,5,No,12,Credit Card,136388,78,6,TRUE,FALSE,FALSE,FALSE,FALSE,TRUE,FALSE
3780,37,Male,T-Shirt,Clothing,121.29,S,1,No,7,Credit Card,106615,3,13,TRUE,FALSE,FALSE,TRUE,FALSE,FALSE,FALSE
3781,49,Male,Laptop,Sports,445.27,XL,5,Yes,5,Debit Card,125906,53,15,FALSE,TRUE,FALSE,FALSE,FALSE,TRUE,FALSE
3782,31,Male,Phone,Electronics,199.92,M,2,No,7,UPI,85989,37,3,TRUE,FALSE,FALSE,FALSE,FALSE,FALSE,TRUE
3783,45,Female,Watch,Clothing,292.35,S,3,Yes,12,Debit Card,96234,99,13,FALSE,TRUE,FALSE,FALSE,TRUE,FALSE,FALSE
3784,63,Male,Laptop,Sports,417.4,S,2,Yes,1,Credit Card,108647,9,18,FALSE,FALSE,TRUE,FALSE,TRUE,FALSE,FALSE
3785,41,Female,Laptop,Electronics,102.31,XL,4,No,6,PayPal,37158,13,3,FALSE,FALSE,TRUE,FALSE,FALSE,FALSE,TRUE
3786,32,Male,Laptop,Clothing,394.41,XL,5,No,11,Cash,24530,29,19,TRUE,FALSE,FALSE,TRUE,FALSE,FALSE,FALSE
3787,39,Female,T-Shirt,Home Decor,302.12,L,3,No,7,Cash,115660,32,17,TRUE,FALSE,FALSE,FALSE,FALSE,FALSE,TRUE
3788,47,Male,Football,Electronics,447.74,L,5,No,3,Cash,111270,1,3,FALSE,TRUE,FALSE,TRUE,FALSE,FALSE,FALSE
3789,21,Male,Watch,Electronics,94.27,M,4,No,13,Cash,51930,8,17,FALSE,TRUE,FALSE,FALSE,FALSE,TRUE,FALSE
3790,30,Female,Phone,Clothing,216.13,M,4,No,8,PayPal,74506,59,15,FALSE,FALSE,TRUE,FALSE,FALSE,FALSE,TRUE
3791,40,Female,Shoes,Electronics,418.09,XL,4,No,10,Credit Card,37148,84,7,TRUE,FALSE,FALSE,FALSE,FALSE,FALSE,TRUE
3792,25,Male,Football,Sports,19.42,M,2,Yes,5,UPI,87747,10,1,FALSE,TRUE,FALSE,FALSE,FALSE,FALSE,TRUE
3793,35,Female,Watch,Electronics,64.98,L,2,Yes,11,Cash,102989,82,15,TRUE,FALSE,FALSE,TRUE,FALSE,FALSE,FALSE
3794,29,Male,Bag,Accessories,495.38,XL,3,Yes,2,UPI,75202,43,17,FALSE,FALSE,TRUE,FALSE,TRUE,FALSE,FALSE
3795,48,Male,Bag,Sports,147.39,S,4,No,12,Debit Card,113957,84,19,FALSE,FALSE,TRUE,FALSE,TRUE,FALSE,FALSE
3796,31,Male,T-Shirt,Clothing,488.02,XL,2,Yes,3,Debit Card,45850,15,12,FALSE,TRUE,FALSE,FALSE,FALSE,FALSE,TRUE
3797,51,Female,Laptop,Sports,99.44,M,1,Yes,11,Cash,87302,48,6,FALSE,TRUE,FALSE,FALSE,TRUE,FALSE,FALSE
3798,35,Male,Shoes,Accessories,186.94,L,1,No,3,Credit Card,94456,13,20,FALSE,TRUE,FALSE,FALSE,FALSE,TRUE,FALSE
3799,51,Female,Watch,Accessories,378.91,L,2,Yes,0,PayPal,39911,16,5,FALSE,TRUE,FALSE,FALSE,FALSE,TRUE,FALSE
3800,28,Male,Phone,Electronics,332.31,S,3,No,13,Cash,64724,82,14,TRUE,FALSE,FALSE,FALSE,FALSE,TRUE,FALSE
3801,58,Female,Watch,Electronics,294.75,S,5,Yes,12,Debit Card,89751,55,8,TRUE,FALSE,FALSE,FALSE,TRUE,FALSE,FALSE
3802,29,Female,Football,Home Decor,269.65,XL,4,No,9,Debit Card,33707,39,19,TRUE,FALSE,FALSE,FALSE,TRUE,FALSE,FALSE
3803,32,Male,Bag,Sports,423.29,L,2,No,0,UPI,76108,87,9,TRUE,FALSE,FALSE,FALSE,FALSE,FALSE,TRUE
3804,48,Female,Curtains,Home Decor,125.12,S,3,No,0,PayPal,90272,70,14,FALSE,FALSE,TRUE,FALSE,FALSE,TRUE,FALSE
3805,46,Male,Football,Accessories,226.81,S,5,Yes,3,Cash,132076,69,3,TRUE,FALSE,FALSE,FALSE,TRUE,FALSE,FALSE
3806,43,Male,Watch,Electronics,86.17,XL,3,No,0,Credit Card,132906,23,10,FALSE,FALSE,TRUE,TRUE,FALSE,FALSE,FALSE
3807,35,Male,Shoes,Electronics,302.01,XL,5,Yes,13,UPI,83691,31,9,FALSE,TRUE,FALSE,TRUE,FALSE,FALSE,FALSE
3808,49,Male,Watch,Electronics,132.77,L,1,Yes,5,PayPal,117337,69,19,TRUE,FALSE,FALSE,TRUE,FALSE,FALSE,FALSE
3809,39,Male,Watch,Clothing,173.58,M,5,No,13,UPI,44192,51,14,TRUE,FALSE,FALSE,FALSE,FALSE,FALSE,TRUE
3810,55,Female,T-Shirt,Accessories,240.91,M,1,Yes,1,Credit Card,31663,16,18,FALSE,FALSE,TRUE,FALSE,TRUE,FALSE,FALSE
3811,34,Male,Phone,Electronics,23.12,L,4,Yes,0,Debit Card,136392,7,20,TRUE,FALSE,FALSE,FALSE,TRUE,FALSE,FALSE
3812,40,Female,Shoes,Accessories,55.05,M,2,Yes,6,Cash,143169,70,13,TRUE,FALSE,FALSE,FALSE,FALSE,TRUE,FALSE
3813,41,Female,Watch,Electronics,346.11,L,1,No,5,Cash,77297,36,6,TRUE,FALSE,FALSE,FALSE,FALSE,FALSE,TRUE
3814,25,Male,Laptop,Sports,220.2,L,3,Yes,0,Credit Card,78235,78,2,TRUE,FALSE,FALSE,TRUE,FALSE,FALSE,FALSE
3815,58,Female,Phone,Accessories,433.75,S,5,Yes,11,Cash,57338,94,11,FALSE,FALSE,TRUE,TRUE,FALSE,FALSE,FALSE
3816,23,Male,Football,Home Decor,350.39,M,3,Yes,12,Cash,29046,64,13,FALSE,FALSE,TRUE,TRUE,FALSE,FALSE,FALSE
3817,22,Female,Shoes,Clothing,13.97,L,1,Yes,13,UPI,68345,98,18,FALSE,TRUE,FALSE,FALSE,TRUE,FALSE,FALSE
3818,61,Female,Football,Home Decor,312.19,M,3,Yes,9,Credit Card,133148,76,7,FALSE,TRUE,FALSE,FALSE,TRUE,FALSE,FALSE
3819,46,Female,Bag,Accessories,55.93,M,5,Yes,11,UPI,35996,95,5,FALSE,TRUE,FALSE,FALSE,FALSE,TRUE,FALSE
3820,45,Male,Watch,Electronics,392.66,XL,2,No,8,Cash,26992,31,15,FALSE,FALSE,TRUE,TRUE,FALSE,FALSE,FALSE
3821,28,Female,Football,Accessories,495.84,M,3,No,5,PayPal,52827,100,8,TRUE,FALSE,FALSE,TRUE,FALSE,FALSE,FALSE
3822,18,Male,Football,Clothing,270.29,L,4,No,1,PayPal,144687,91,17,TRUE,FALSE,FALSE,FALSE,FALSE,TRUE,FALSE
3823,60,Female,T-Shirt,Accessories,344.56,S,5,No,6,UPI,94629,33,6,FALSE,TRUE,FALSE,FALSE,FALSE,TRUE,FALSE
3824,36,Female,Football,Electronics,126.28,M,5,Yes,2,Debit Card,145371,74,1,FALSE,FALSE,TRUE,FALSE,TRUE,FALSE,FALSE
3825,26,Female,Laptop,Home Decor,224.42,L,4,Yes,13,Debit Card,39659,2,4,TRUE,FALSE,FALSE,FALSE,TRUE,FALSE,FALSE
3826,44,Female,Laptop,Sports,429.49,XL,1,Yes,14,Credit Card,130951,39,7,FALSE,TRUE,FALSE,FALSE,FALSE,FALSE,TRUE
3827,51,Male,Phone,Home Decor,92.04,M,4,Yes,6,PayPal,87782,44,14,FALSE,TRUE,FALSE,FALSE,FALSE,TRUE,FALSE
3828,61,Male,Watch,Electronics,140.11,S,1,No,13,PayPal,100520,68,17,TRUE,FALSE,FALSE,FALSE,FALSE,TRUE,FALSE
3829,21,Female,Curtains,Electronics,228.26,M,2,No,8,UPI,62717,70,19,FALSE,FALSE,TRUE,TRUE,FALSE,FALSE,FALSE
3830,53,Female,Bag,Clothing,359,L,1,Yes,4,Cash,33681,91,16,TRUE,FALSE,FALSE,FALSE,FALSE,FALSE,TRUE
3831,35,Male,Football,Accessories,194.18,M,2,Yes,0,Credit Card,33821,9,2,FALSE,FALSE,TRUE,FALSE,TRUE,FALSE,FALSE
3832,32,Male,Football,Accessories,464.59,M,2,Yes,4,UPI,88633,61,7,FALSE,TRUE,FALSE,TRUE,FALSE,FALSE,FALSE
3833,30,Male,Shoes,Home Decor,56.28,XL,4,No,7,Debit Card,52822,61,10,TRUE,FALSE,FALSE,FALSE,FALSE,FALSE,TRUE
3834,36,Male,T-Shirt,Sports,191.69,M,2,No,7,Cash,43095,29,10,FALSE,FALSE,TRUE,FALSE,FALSE,FALSE,TRUE
3835,23,Female,Curtains,Sports,357.39,S,1,No,2,Credit Card,139767,32,1,TRUE,FALSE,FALSE,FALSE,FALSE,FALSE,TRUE
3836,29,Female,Phone,Clothing,120.73,M,3,Yes,3,Cash,101878,86,11,FALSE,TRUE,FALSE,FALSE,FALSE,FALSE,TRUE
3837,54,Male,Bag,Electronics,331.64,XL,5,Yes,11,Debit Card,35193,13,6,FALSE,FALSE,TRUE,FALSE,FALSE,FALSE,TRUE
3838,34,Male,Curtains,Clothing,90.47,L,5,Yes,7,UPI,99414,52,17,TRUE,FALSE,FALSE,TRUE,FALSE,FALSE,FALSE
3839,40,Male,Football,Accessories,37.43,M,1,No,7,UPI,106051,67,17,TRUE,FALSE,FALSE,FALSE,FALSE,TRUE,FALSE
3840,43,Male,Shoes,Electronics,69.3,M,3,No,6,PayPal,114020,88,12,TRUE,FALSE,FALSE,FALSE,TRUE,FALSE,FALSE
3841,46,Male,Watch,Clothing,465.69,XL,2,No,5,UPI,54173,45,7,FALSE,FALSE,TRUE,FALSE,FALSE,FALSE,TRUE
3842,50,Male,T-Shirt,Home Decor,280.36,XL,1,Yes,3,PayPal,60834,22,18,TRUE,FALSE,FALSE,FALSE,TRUE,FALSE,FALSE
3843,44,Female,Watch,Accessories,400.21,XL,2,No,9,UPI,31086,56,15,TRUE,FALSE,FALSE,TRUE,FALSE,FALSE,FALSE
3844,42,Female,Phone,Sports,173,M,4,Yes,12,Credit Card,105625,21,13,TRUE,FALSE,FALSE,TRUE,FALSE,FALSE,FALSE
3845,27,Female,Curtains,Clothing,300.4,S,3,Yes,8,Debit Card,76887,79,16,TRUE,FALSE,FALSE,FALSE,FALSE,TRUE,FALSE
3846,64,Male,Phone,Accessories,252.53,XL,5,Yes,1,Cash,124871,42,18,FALSE,FALSE,TRUE,FALSE,FALSE,FALSE,TRUE
3847,40,Male,Football,Accessories,473.41,L,1,No,1,Debit Card,50674,41,12,TRUE,FALSE,FALSE,FALSE,FALSE,TRUE,FALSE
3848,38,Male,Phone,Sports,376.31,M,5,No,0,Debit Card,29970,9,12,TRUE,FALSE,FALSE,FALSE,FALSE,FALSE,TRUE
3849,38,Female,Watch,Sports,367.97,L,2,No,10,PayPal,113103,10,2,FALSE,FALSE,TRUE,FALSE,FALSE,FALSE,TRUE
3850,60,Male,Shoes,Sports,32.71,L,2,No,14,PayPal,132120,67,11,FALSE,TRUE,FALSE,FALSE,FALSE,FALSE,TRUE
3851,30,Male,Phone,Clothing,279.34,S,4,No,11,Credit Card,32979,17,18,FALSE,TRUE,FALSE,FALSE,TRUE,FALSE,FALSE
3852,54,Female,Laptop,Sports,238.83,L,2,No,2,Cash,113241,68,14,TRUE,FALSE,FALSE,FALSE,FALSE,FALSE,TRUE
3853,50,Male,Shoes,Home Decor,464.64,XL,2,Yes,2,UPI,91940,3,5,FALSE,TRUE,FALSE,FALSE,FALSE,TRUE,FALSE
3854,41,Female,Curtains,Accessories,136.1,XL,5,No,3,UPI,105405,90,3,TRUE,FALSE,FALSE,FALSE,FALSE,TRUE,FALSE
3855,61,Female,T-Shirt,Sports,142.22,M,5,No,2,Debit Card,47215,55,19,TRUE,FALSE,FALSE,FALSE,FALSE,FALSE,TRUE
3856,28,Male,T-Shirt,Accessories,211.56,S,1,Yes,9,Credit Card,80304,55,14,FALSE,TRUE,FALSE,TRUE,FALSE,FALSE,FALSE
3857,34,Female,Football,Electronics,129.25,S,1,No,5,Cash,98017,16,11,FALSE,FALSE,TRUE,TRUE,FALSE,FALSE,FALSE
3858,21,Male,Football,Electronics,73.3,L,2,No,8,UPI,66002,73,15,FALSE,TRUE,FALSE,TRUE,FALSE,FALSE,FALSE
3859,64,Female,Laptop,Sports,430.13,S,3,Yes,7,Debit Card,88339,97,1,FALSE,FALSE,TRUE,TRUE,FALSE,FALSE,FALSE
3860,42,Male,Curtains,Accessories,283.56,L,1,No,5,Credit Card,124315,61,12,FALSE,TRUE,FALSE,TRUE,FALSE,FALSE,FALSE
3861,47,Female,Watch,Electronics,432.07,L,2,Yes,7,Cash,110251,42,1,FALSE,FALSE,TRUE,FALSE,TRUE,FALSE,FALSE
3862,26,Male,T-Shirt,Sports,417.26,S,5,Yes,7,Debit Card,107363,31,17,TRUE,FALSE,FALSE,FALSE,FALSE,TRUE,FALSE
3863,38,Female,T-Shirt,Accessories,148.2,M,4,Yes,9,Debit Card,30678,95,7,FALSE,FALSE,TRUE,FALSE,FALSE,FALSE,TRUE
3864,37,Female,T-Shirt,Sports,278.39,L,5,No,5,Credit Card,67343,29,14,TRUE,FALSE,FALSE,FALSE,FALSE,FALSE,TRUE
3865,36,Female,Watch,Accessories,50.78,XL,5,Yes,1,Credit Card,27969,47,18,FALSE,FALSE,TRUE,FALSE,TRUE,FALSE,FALSE
3866,36,Male,T-Shirt,Electronics,458.47,XL,4,No,4,Credit Card,58895,78,9,FALSE,FALSE,TRUE,FALSE,FALSE,TRUE,FALSE
3867,29,Male,Phone,Sports,208.09,S,5,Yes,3,Credit Card,25376,10,9,FALSE,TRUE,FALSE,FALSE,FALSE,TRUE,FALSE
3868,54,Female,Curtains,Electronics,202.9,S,1,No,11,Cash,64238,85,1,FALSE,TRUE,FALSE,TRUE,FALSE,FALSE,FALSE
3869,59,Male,Shoes,Sports,158.35,L,5,Yes,5,Credit Card,147272,99,16,TRUE,FALSE,FALSE,TRUE,FALSE,FALSE,FALSE
3870,34,Female,Shoes,Clothing,235.73,L,4,No,1,Credit Card,84993,67,14,TRUE,FALSE,FALSE,FALSE,FALSE,FALSE,TRUE
3871,54,Male,Laptop,Electronics,133.36,XL,2,No,3,Credit Card,141910,42,14,TRUE,FALSE,FALSE,FALSE,FALSE,TRUE,FALSE
3872,56,Female,Phone,Electronics,193.68,L,2,No,12,Cash,31505,8,1,FALSE,TRUE,FALSE,TRUE,FALSE,FALSE,FALSE
3873,45,Male,T-Shirt,Home Decor,401.97,XL,2,No,7,UPI,48477,84,17,FALSE,TRUE,FALSE,FALSE,TRUE,FALSE,FALSE
3874,58,Female,T-Shirt,Electronics,418.79,L,4,No,13,Debit Card,32951,18,7,FALSE,TRUE,FALSE,FALSE,FALSE,TRUE,FALSE
3875,52,Female,Football,Accessories,159.05,M,4,No,0,PayPal,144726,62,11,FALSE,FALSE,TRUE,FALSE,TRUE,FALSE,FALSE
3876,64,Female,Football,Sports,239.82,M,1,No,2,Debit Card,107507,31,4,FALSE,TRUE,FALSE,TRUE,FALSE,FALSE,FALSE
3877,35,Female,Laptop,Clothing,438.17,XL,4,No,14,Cash,139758,36,4,FALSE,FALSE,TRUE,FALSE,TRUE,FALSE,FALSE
3878,31,Male,T-Shirt,Accessories,35.81,M,2,No,3,Credit Card,108424,53,17,FALSE,TRUE,FALSE,TRUE,FALSE,FALSE,FALSE
3879,52,Female,Laptop,Accessories,445.68,M,4,Yes,1,Cash,48197,4,7,TRUE,FALSE,FALSE,FALSE,FALSE,TRUE,FALSE
3880,61,Male,Phone,Accessories,117.4,S,3,Yes,11,UPI,64976,53,6,FALSE,TRUE,FALSE,TRUE,FALSE,FALSE,FALSE
3881,58,Male,Shoes,Accessories,342.48,L,5,Yes,1,PayPal,101538,44,11,FALSE,TRUE,FALSE,TRUE,FALSE,FALSE,FALSE
3882,24,Female,T-Shirt,Clothing,295.45,S,1,Yes,5,UPI,104812,62,11,FALSE,TRUE,FALSE,TRUE,FALSE,FALSE,FALSE
3883,58,Male,Curtains,Home Decor,280.94,XL,2,Yes,5,Credit Card,81754,61,14,FALSE,FALSE,TRUE,TRUE,FALSE,FALSE,FALSE
3884,30,Male,Watch,Electronics,431.09,S,2,No,2,Cash,86476,84,12,FALSE,TRUE,FALSE,FALSE,TRUE,FALSE,FALSE
3885,35,Male,Phone,Accessories,59.77,XL,3,Yes,7,Cash,79128,15,20,FALSE,TRUE,FALSE,FALSE,TRUE,FALSE,FALSE
3886,54,Female,T-Shirt,Electronics,180.04,M,1,Yes,11,Credit Card,64305,28,11,TRUE,FALSE,FALSE,FALSE,FALSE,TRUE,FALSE
3887,30,Male,Watch,Electronics,273.74,S,5,Yes,2,Credit Card,76043,16,6,FALSE,TRUE,FALSE,FALSE,FALSE,TRUE,FALSE
3888,53,Male,Curtains,Accessories,407.53,M,1,Yes,1,PayPal,41549,47,5,FALSE,TRUE,FALSE,FALSE,FALSE,FALSE,TRUE
3889,48,Female,Football,Home Decor,116.06,L,1,No,4,UPI,55144,31,13,TRUE,FALSE,FALSE,TRUE,FALSE,FALSE,FALSE
3890,19,Female,Laptop,Electronics,403.44,M,2,No,12,Credit Card,148231,56,11,FALSE,FALSE,TRUE,FALSE,FALSE,TRUE,FALSE
3891,33,Male,Football,Sports,205.82,L,4,Yes,6,Credit Card,118577,57,6,TRUE,FALSE,FALSE,TRUE,FALSE,FALSE,FALSE
3892,26,Female,Shoes,Electronics,102.57,M,5,Yes,0,UPI,147328,92,18,TRUE,FALSE,FALSE,FALSE,FALSE,FALSE,TRUE
3893,26,Male,Football,Accessories,381.9,S,1,Yes,1,Credit Card,25500,20,7,TRUE,FALSE,FALSE,FALSE,FALSE,TRUE,FALSE
3894,55,Male,T-Shirt,Clothing,54.54,S,3,Yes,1,PayPal,33284,99,13,FALSE,TRUE,FALSE,FALSE,TRUE,FALSE,FALSE
3895,28,Male,Curtains,Electronics,262.24,M,2,No,7,PayPal,43919,80,11,FALSE,FALSE,TRUE,TRUE,FALSE,FALSE,FALSE
3896,39,Female,Football,Home Decor,41.3,XL,4,No,9,UPI,46802,37,9,FALSE,TRUE,FALSE,FALSE,FALSE,TRUE,FALSE
3897,50,Male,T-Shirt,Sports,184.64,XL,4,No,5,Debit Card,48194,5,10,FALSE,FALSE,TRUE,FALSE,TRUE,FALSE,FALSE
3898,53,Female,Shoes,Sports,304.53,L,2,Yes,13,PayPal,131577,83,9,FALSE,FALSE,TRUE,FALSE,FALSE,FALSE,TRUE
3899,62,Female,Watch,Clothing,282.5,L,1,No,12,Cash,86033,77,15,FALSE,TRUE,FALSE,FALSE,TRUE,FALSE,FALSE
3900,40,Male,Curtains,Clothing,208.28,M,2,Yes,12,Cash,132542,75,4,TRUE,FALSE,FALSE,FALSE,FALSE,FALSE,TRUE
